SN,identifier,group_name,fiscal_year_id,date,district_id,rural_municipality_id,ward_no,component_id,sub_component_id,group_type_id,,,,,,,,
1,A-1-B-551,Ma Laxmi Bali Utpadan Krishak Pathshala samuha,2077/078,2077-06-10,22,166,1,Component A,Crop,FFS (Crop),,,,,,,,
2,A-1-B-552,Ma Kali Bali Utpadan Krishak Pathshala Samuha,2077/078,2077-06-21,22,166,7,Component A,Crop,FFS (Crop),,,,,,,,
3,A-1-B-553,Shree Janta Bali Utpadan Krishak Pathshala Samuha,2077/078,2077-06-06,22,166,7,Component A,Crop,FFS (Crop),,,,,,,,
4,A-1-B-554,Maa Laxmi Bali Utpadan Krishak Pathshala Samuha,2077/078,2077-06-18,22,166,7,Component A,Crop,FFS (Crop),,,,,,,,
5,A-1-B-559,Shree Ramjanaki Bali Utpadan Krishak Pathshala Samuha,2077/078,2077-05-30,22,166,6,Component A,Crop,Others,,,,,,,,
6,A-1-B-567,Ma Kali Biu Utpadan Samuha,2077/078,2077-05-31,22,166,6,Component A,Crop,Seed Producers,,,,,,,,
7,A-2-D-592,Jay Krishna Biu Utpadak Krishak Samuha,2077/078,2077-05-06,21,Bariyarpatti,5,Component A,Crop,Seed Producers,,,,,,,,
8,A-2-C-594,Sarswati Biu Utpadan Krishak Samuha,2077/078,2077-06-06,21,164,2,Component A,Crop,Seed Producers,,,,,,,,
9,A-1-B-598,Baba Dihbar Baba bali Utpadan Krishak Samuha,2077/078,2077-06-16,22,166,1,Component A,Crop,Others,,,,,,,,
10,A-1-B-599,Dihbar Baba bali Utpadan Krishak Pathshala Samuha,2077/078,2077-05-16,22,166,4,Component A,Crop,FFS (Crop),,,,,,,,
11,A-1-B-600,Hariyali Krishak Samuha,2077/078,2077-10-05,22,166,4,Component A,Crop,FFS (Crop),,,,,,,,
12,A-1-B-601,Kabir Baba bali Utpadan Krishak Pathshala Samuha,2077/078,2077-05-17,22,166,4,Component A,Crop,FFS (Crop),,,,,,,,
13,A-1-B-602,Shree Ramjanaki Krishak Samuha,2077/078,2077-06-20,22,166,1,Component A,Crop,FFS (Crop),,,,,,,,
14,A-1-B-603,Ekta Bali Utpadan Krishak Samuha,2077/078,2077-11-06,22,166,7,Component A,Crop,Others,,,,,,,,
15,A-1-B-604,Jay Gurudev Bali Utpadan Krishak Samuha,2077/078,2077-01-06,22,166,7,Component A,Crop,Others,,,,,,,,
16,A-1-B-605,Kamala Bali Utpadan Krishak Samuha,2077/078,2077-12-03,22,166,7,Component A,Crop,Others,,,,,,,,
17,A-1-B-606,Shree Ram Samudayik Krishak Samuha,2077/078,2077-06-27,22,166,7,Component A,Crop,Others,,,,,,,,
18,A-1-B-607,Shree 108 Chhinnmasta Krishak Samuha,2077/078,2077-06-23,22,166,7,Component A,Crop,Others,,,,,,,,
19,A-1-B-608,Ujjwal Krishak Samuha,2077/078,2077-06-28,22,166,7,Component A,Crop,Others,,,,,,,,
20,A-1-B-609,Jay Bajarangbali Krishak Samuha,2077/078,2077-06-28,22,166,1,Component A,Crop,Others,,,,,,,,
21,A-1-B-610,Ma Durga Krishak Samuha,2077/078,2077-12-02,22,166,1,Component A,Crop,Others,,,,,,,,
22,A-1-B-611,Ma Sarswati Krishak Samuha,2077/078,2077-11-15,22,166,1,Component A,Crop,FFS (Crop),,,,,,,,
23,A-1-B-612,Ram Rahim Bali Utpadan Krishak Samuha,2077/078,2077-05-30,22,166,1,Component A,Crop,Others,,,,,,,,
24,A-1-B-613,Sasiya Maharaj Bali Utpadan Krishak Samuha,2077/078,2077-06-18,22,166,1,Component A,Crop,Others,,,,,,,,
25,A-2-C-710,Bajarang Krishak Pathshala Samuha,2077/078,2077-07-06,21,164,4,Component A,Crop,FFS (Crop),,,,,,,,
26,A-2-C-711,Chandrawati Krishak Pathshala Samuha,2077/078,2077-02-06,21,164,3,Component A,Crop,FFS (Crop),,,,,,,,
27,A-2-C-713,Dihbar Bali Utpadan Krishak Pathshala Samuha,2077/078,2077-09-06,21,164,4,Component A,Crop,FFS (Crop),,,,,,,,
28,A-2-C-714,Jyoti Bali Utpadan Krishak Pathshala Samuha,2077/078,2077-04-13,21,164,3,Component A,Crop,FFS (Crop),,,,,,,,
29,A-2-C-715,Rajshree Bali Utpadan Krishak Pathshala Samuha,2077/078,2077-12-04,21,164,3,Component A,Crop,FFS (Crop),,,,,,,,
30,A-2-C-716,Ramjanaki Krishak Pathshala Samuha,2077/078,2077-06-27,21,164,3,Component A,Crop,FFS (Crop),,,,,,,,
31,A-2-C-717,Sarswati Krishak Pathshala Samuha,2077/078,2077-06-20,21,164,4,Component A,Crop,FFS (Crop),,,,,,,,
32,A-2-C-722,Janaki Bakhrapalan Krishak Samuha,2077/078,2077-05-02,21,164,2,Component A,Livestock,Promotion Program (Goat),,,,,,,,
33,A-2-C-723,RamJanaki Bakhrapalan Krishak Samuha,2077/078,2077-05-19,21,164,2,Component A,Livestock,Promotion Program (Goat),,,,,,,,
34,A-2-C-724,Tulasi Bakhrapalan Krishak Samuha,2077/078,2077-04-29,21,164,2,Component A,Livestock,Promotion Program (Goat),,,,,,,,
35,A-2-C-725,Laxmi Bakhrapalan Krishak Samuha,2077/078,2077-06-07,21,164,2,Component A,Livestock,Promotion Program (Goat),,,,,,,,
36,A-2-C-726,Dihbar Baba Krishak Samuha,2077/078,2077-04-11,21,164,3,Component A,Crop,Others,,,,,,,,
37,A-2-C-727,Jay hanuman Krishak Samuha,2077/078,2077-04-09,21,164,3,Component A,Crop,Others,,,,,,,,
38,A-2-C-748,Bishwakarma Bali Utpadan Krishak Samuha,2077/078,2077-06-08,21,164,4,Component A,Crop,Others,,,,,,,,
39,A-2-C-749,Jay Ma Durga Krishak Samuha,2077/078,2077-06-24,21,164,4,Component A,Crop,Others,,,,,,,,
40,A-2-C-750,Laxmi Krishak Samuha,2077/078,2077-06-06,21,164,3,Component A,Crop,Others,,,,,,,,
41,A-2-C-751,Ma Bhagwati Mahila Krishak Samuha,2077/078,2077-04-06,21,164,3,Component A,Crop,Others,,,,,,,,
42,A-2-C-753,Rajdevi Krishak Samuha,2077/078,2077-06-23,21,164,3,Component A,Crop,Others,,,,,,,,
43,A-2-C-754,Ramjanaki Bali Utpadan Samuha,2077/078,2077-06-02,21,164,3,Component A,Crop,Others,,,,,,,,
44,A-2-C-756,Shivashakti Krishak Samuha,2077/078,2077-06-28,21,164,3,Component A,Crop,Others,,,,,,,,
45,A-2-C-757,Yagya Bhumi Bali Utpadan Krishak Samuha,2077/078,2077-06-07,21,164,4,Component A,Crop,Others,,,,,,,,
46,A-2-C-764,Bajarang Bali Utpadan Krishak Pathshala Samuha,2077/078,2077-06-02,21,164,2,Component A,Crop,FFS (Crop),,,,,,,,
47,A-2-C-765,Dihibarni Bali Utpadan Krishak Pathshala Samuha,2077/078,2077-05-19,21,164,5,Component A,Crop,FFS (Crop),,,,,,,,
48,A-2-C-766,Shiv Bali Utpadan Krishak Pathshala Samuha,2077/078,2077-04-32,21,164,2,Component A,Crop,FFS (Crop),,,,,,,,
49,A-2-C-768,Shiv Shakti Bali Utpadan Krishak Pathshala Samuha,2077/078,2077-05-24,21,164,5,Component A,Crop,FFS (Crop),,,,,,,,
50,A-2-C-769,Jyotii Bali Utpadan Krishak Pathshala Samuha Tulsipur,2077/078,2077-06-23,21,164,2,Component A,Crop,FFS (Crop),,,,,,,,
51,A-2-C-771,Ma Laxmee Bali Utpadan Krishak Pathshala Samuha,2077/078,2077-06-22,21,164,5,Component A,Crop,FFS (Crop),,,,,,,,
52,A-2-C-783,Baneshwar Nath Krishak Samuha,2077/078,2077-06-01,21,164,2,Component A,Crop,Others,,,,,,,,
53,A-2-C-784,Durga Maai Krishak Samuha,2077/078,2077-06-25,21,164,5,Component A,Crop,Others,,,,,,,,
54,A-2-C-785,Gaurishankar Krishak Samuha,2077/078,2077-12-23,21,164,2,Component A,Crop,Others,,,,,,,,
55,A-2-C-786,Laxmi Maai Krishak Samuha,2077/078,2077-10-22,21,164,2,Component A,Crop,Others,,,,,,,,
56,A-2-C-787,Maha Gayatri Krishak Samuha,2077/078,2077-06-28,21,164,5,Component A,Crop,Others,,,,,,,,
57,A-2-C-788,Ma Parbati Krishak Samuha,2077/078,2077-12-29,21,164,5,Component A,Crop,Others,,,,,,,,
58,A-2-C-789,Ma Santoshi Krishak Samuha,2077/078,2077-10-11,21,164,2,Component A,Crop,Others,,,,,,,,
59,A-2-C-790,Sakhara Mai Krishak Samuha,2077/078,2077-06-18,21,164,5,Component A,Crop,Others,,,,,,,,
60,A-2-C-791,Tulshi Krishak Samuha,2077/078,2077-12-23,21,164,2,Component A,Crop,Others,,,,,,,,
61,A-2-C-792,Raj devi Krishak Samuha,2077/078,2077-06-27,21,164,5,Component A,Crop,Others,,,,,,,,
62,A-2-D-798,Dip Jyoti Bali Utpadan Krishak Pathshala Samuha,2077/078,2077-05-24,21,Bariyarpatti,1,Component A,Crop,FFS (Crop),,,,,,,,
63,A-2-D-799,Harsingh Baba Bali Utpadan Krishak Pathshala Samuha,2077/078,2077-06-05,21,Bariyarpatti,4,Component A,Crop,FFS (Crop),,,,,,,,
64,A-2-D-800,Jay Ma Basmati IPM Bali Utpadan Krishak Pathshala Samuha,2077/078,2077-04-02,21,Bariyarpatti,4,Component A,Crop,FFS (Crop),,,,,,,,
65,A-2-D-801, Jay Ma Bhagwati Bali Utpadan Krishak Pathshala Samuha,2077/078,2077-05-31,21,Bariyarpatti,3,Component A,Crop,FFS (Crop),,,,,,,,
66,A-2-D-802,Jay Shiva Shakti Bali Utpadan Krishak Pathshala Samuha,2077/078,2077-06-08,21,Bariyarpatti,5,Component A,Crop,FFS (Crop),,,,,,,,
67,A-2-D-803,Krishna Mishrit Bali Utpadan Krishak Pathshala Samuha,2077/078,2077-06-10,21,Bariyarpatti,4,Component A,Crop,FFS (Crop),,,,,,,,
68,A-2-D-804,Mahadev Bali Utpadan Krishak Pathshala Samuha,2077/078,2077-06-07,21,Bariyarpatti,1,Component A,Crop,FFS (Crop),,,,,,,,
69,A-2-D-805,Shree Narsingh Baba Bali Utpadan Krishak Pathshala Samuha,2077/078,2077-06-06,21,Bariyarpatti,3,Component A,Crop,FFS (Crop),,,,,,,,
70,A-2-D-806,Ramjanaki Bali Utpadan Krishak Pathshala Samuha,2077/078,2077-05-23,21,Bariyarpatti,1,Component A,Crop,FFS (Crop),,,,,,,,
71,A-2-D-807,Sarswati Crop Production FFS Group,2077/078,2077-06-01,21,Bariyarpatti,5,Component A,Crop,FFS (Crop),,,,,,,,
72,A-2-D-808,Shivashakti Bali Utpadan Krishak Pathshala Samuha,2077/078,2077-05-19,21,Bariyarpatti,1,Component A,Crop,FFS (Crop),,,,,,,,
73,A-2-D-809,Tulasi Bali Utpadan Krishak Pathshala Samuha,2077/078,2077-05-22,21,Bariyarpatti,5,Component A,Crop,FFS (Crop),,,,,,,,
74,A-2-D-810, Unique Bali Utpadan Krishak Pathshala Samuha,2077/078,2077-06-06,21,Bariyarpatti,5,Component A,Crop,FFS (Crop),,,,,,,,
75,A-2-D-811,Ram Janaki Bali Utpadan Krishak Pathshala Samuha,2077/078,2077-06-04,21,Bariyarpatti,3,Component A,Crop,FFS (Crop),,,,,,,,
76,A-2-C-828, Bakhrapalan Krishak Samuha,2077/078,2077-06-27,21,164,5,Component A,Livestock,Promotion Program (Goat),,,,,,,,
77,A-2-C-830,Lokeshwari Pashupalan Krishak Samuha,2077/078,2077-05-08,21,164,5,Component A,Livestock,Promotion Program (Dairy),,,,,,,,
78,A-2-C-832,Durga Bakhrapalan Krishak Samuha,2077/078,2077-04-20,21,164,3,Component A,Livestock,Promotion Program (Goat),,,,,,,,
79,A-2-C-833,Anjani Pashusewa Samuha,2077/078,2077-04-01,21,164,3,Component A,Livestock,Promotion Program (Goat),,,,,,,,
80,A-2-C-834,Saraswati Pashupalan Krishak Samuha,2077/078,2077-06-07,21,164,3,Component A,Livestock,Promotion Program (Goat),,,,,,,,
81,A-2-C-835,Mahadev Pashupalan Krishak Samuha,2077/078,2077-06-25,21,164,4,Component A,Livestock,Promotion Program (Goat),,,,,,,,
82,A-2-C-836,Dinabhadri Pashupalan Krishak Samuha,2077/078,2077-06-24,21,164,3,Component A,Livestock,Promotion Program (Poultry),,,,,,,,
83,A-2-C-850,Chaad Pashu Palan Krishak Samuha,2077/078,2077-06-27,21,164,4,Component A,Livestock,Promotion Program (Poultry),,,,,,,,
84,A-2-D-851,Chiriya Bhawan Pashupalan Samuha,2077/078,2077-05-02,21,Bariyarpatti,1,Component A,Livestock,Promotion Program (Poultry),,,,,,,,
85,A-2-D-853,Shiv pashupalan Samuha,2077/078,2077-06-10,21,Bariyarpatti,5,Component A,Livestock,Promotion Program (Goat),,,,,,,,
86,A-2-D-854,Santoshi Pashupalan Samuha,2077/078,2077-06-10,21,Bariyarpatti,5,Component A,Livestock,Promotion Program (Goat),,,,,,,,
87,A-2-D-855,Shrijana Pashupalan Samuha,2077/078,2077-05-03,21,Bariyarpatti,5,Component A,Livestock,Promotion Program (Goat),,,,,,,,
88,A-2-D-856,Dinabhadri Pashupalan Samuha,2077/078,2077-06-11,21,Bariyarpatti,1,Component A,Livestock,Promotion Program (Goat),,,,,,,,
89,A-2-D-857,Bhuwaneshwar Naath Pashupalan Samuha,2077/078,2077-04-25,21,Bariyarpatti,1,Component A,Livestock,Promotion Program (Goat),,,,,,,,
90,A-2-D-858,Ram Janaki Pashupalan Krishak Samuha,2077/078,2077-05-31,21,Bariyarpatti,5,Component A,Livestock,Promotion Program (Dairy),,,,,,,,
91,A-2-D-859,Janajyoti Bakhrapalan Krishak Samuha,2077/078,2077-04-18,21,Bariyarpatti,3,Component A,Livestock,Promotion Program (Goat),,,,,,,,
92,A-2-D-860,Jagriti Bakhrapalan Krishak Samuha,2077/078,2077-06-12,21,Bariyarpatti,4,Component A,Livestock,Promotion Program (Goat),,,,,,,,
93,A-2-D-861,Shiv Bakhrapalan Krishak Samuha,2077/078,1905-09-07,21,Bariyarpatti,3,Component A,Livestock,Promotion Program (Goat),,,,,,,,
94,A-2-D-862,Dihabaar Baba Bakhrapalan Krishak Samuha,2077/078,2077-04-28,21,Bariyarpatti,4,Component A,Livestock,Promotion Program (Goat),,,,,,,,
95,A-2-D-863,Maa Bhawani Pashupalan Krishak Samuha,2077/078,2077-06-02,21,Bariyarpatti,4,Component A,Livestock,Promotion Program (Dairy),,,,,,,,
96,A-2-D-864,Jay Maa Janaki Gai Bhaisi Dudh Utpadan Samuha,2077/078,2077-05-22,21,Bariyarpatti,3,Component A,Livestock,Promotion Program (Dairy),,,,,,,,
97,A-2-D-865,Gulsawaa Kukhura Palan Krishak Samuhaa,2077/078,2077-05-23,21,Bariyarpatti,4,Component A,Livestock,Promotion Program (Poultry),,,,,,,,
98,A-2-D-866,Dinabhadri Kukhurapalan Krishak Samuha Bariyarpatti,2077/078,2077-04-27,21,Bariyarpatti,4,Component A,Livestock,Promotion Program (Poultry),,,,,,,,
99,A-2-D-868,Daksha Janashakti Krishak Samuha,2077/078,2077-06-29,21,Bariyarpatti,4,Component A,Crop,Others,,,,,,,,
100,A-2-D-869,Janashakti Krishak Samuha,2077/078,2077-04-04,21,Bariyarpatti,4,Component A,Crop,Others,,,,,,,,
101,A-2-D-870,Jay Kisan Krishak Samuha,2077/078,2077-06-28,21,Bariyarpatti,3,Component A,Crop,Others,,,,,,,,
102,A-2-D-871,Jay Ma Bhawani Krishak Samuha,2077/078,2077-06-19,21,Bariyarpatti,3,Component A,Crop,Others,,,,,,,,
103,A-2-D-872,Jay Ma Sarswati Krishak Samuha,2077/078,2077-06-30,21,Bariyarpatti,3,Component A,Crop,Others,,,,,,,,
104,A-2-D-873,Jay Ma SHivshakti Krishak Samuha,2077/078,2077-06-11,21,Bariyarpatti,3,Component A,Crop,Others,,,,,,,,
105,A-2-D-874,Jay shree hanuman baba Krishak Samuha,2077/078,2077-06-27,21,Bariyarpatti,4,Component A,Crop,Others,,,,,,,,
106,A-2-D-875,Shree Rajdevi Mata Krishak Samuha,2077/078,2077-04-11,21,Bariyarpatti,3,Component A,Crop,Others,,,,,,,,
107,A-2-D-876,Shankar Bahudesiya Bali Utpadan Krishak Samuha,2077/078,2077-06-07,21,Bariyarpatti,4,Component A,Crop,Others,,,,,,,,
108,A-2-D-877,Shree Tripureshwar Nath Krishak Samuha,2077/078,2077-06-05,21,Bariyarpatti,4,Component A,Crop,Others,,,,,,,,
109,A-2-D-878,Jay Maa Durga Krishak Samuha,2077/078,2077-06-05,21,Bariyarpatti,3,Component A,Crop,Others,,,,,,,,
110,A-2-D-879,Bajarangbali Gharayasi poshan bagaicha samuh (Aama Samuh),2077/078,2077-05-27,21,Bariyarpatti,1,Component C,Nutrition,NFS (Nutrition),,,,,,,,
111,A-2-D-880,Bhola Shankar poshan bagaicha samuha (Aama Samuh),2077/078,2077-05-31,21,Bariyarpatti,1,Component C,Nutrition,Home Nutrition Garden (Nutrition),,,,,,,,
112,A-2-D-883,Bisahara baba gharasayi poshan bagaicha samuha ,2077/078,2077-05-17,21,Bariyarpatti,1,Component C,Nutrition,Home Nutrition Garden (Nutrition),,,,,,,,
113,A-2-D-892,Ganga gharasayi poshan bagaicha samuha (Aama Samuh),2077/078,2077-06-19,21,Bariyarpatti,1,Component C,Nutrition,Home Nutrition Garden (Nutrition),,,,,,,,
114,A-2-D-899,Bajarang Bali Krishak Samuha Bariyarpatti Kajara,2077/078,2077-06-27,21,Bariyarpatti,5,Component A,Crop,Others,,,,,,,,
115,A-2-D-900,Braham Baba Krishak Samuha,2077/078,2077-05-21,21,Bariyarpatti,1,Component A,Crop,Others,,,,,,,,
116,A-2-D-901,DihbarBaba  Krishak Samuha,2077/078,2077-05-31,21,Bariyarpatti,1,Component A,Crop,Others,,,,,,,,
117,A-2-D-902,Ganesh Krishak Samuha,2077/078,2077-06-18,21,Bariyarpatti,5,Component A,Crop,Others,,,,,,,,
118,A-2-D-903,Girdhari Das Krishak Samuha,2077/078,2077-06-26,21,Bariyarpatti,5,Component A,Crop,Others,,,,,,,,
119,A-2-D-904,  Kriteshwar Nath Krishak Samuha,2077/078,2077-06-02,21,Bariyarpatti,1,Component A,Crop,Others,,,,,,,,
120,A-2-D-910,Laxmi Farmers' Group,2077/078,2077-06-20,21,Bariyarpatti,1,Component A,Crop,Others,,,,,,,,
121,A-2-D-911,Maa Bhagwatii Krishak Samuha,2077/078,2077-04-11,21,Bariyarpatti,1,Component A,Crop,Others,,,,,,,,
122,A-2-D-913,Mahabir Krishak Samuha,2077/078,2077-06-09,21,Bariyarpatti,1,Component A,Crop,Others,,,,,,,,
123,A-2-D-915,Maha Laxmi Krishak Samuha,2077/078,2077-06-05,21,Bariyarpatti,5,Component A,Crop,Others,,,,,,,,
124,A-2-D-916, Raamjanaki Krishak Samuha,2077/078,2077-09-01,21,Bariyarpatti,5,Component A,Crop,Others,,,,,,,,
125,A-2-D-918,Shiva Krishak Samuha,2077/078,2077-06-07,21,Bariyarpatti,1,Component A,Crop,Others,,,,,,,,
126,A-2-D-919,Shivganga Shakti Krishak Samuha,2077/078,2077-06-25,21,Bariyarpatti,5,Component A,Crop,Others,,,,,,,,
127,A-2-D-921,Ujjawal Krishak Samuha,2077/078,2077-09-18,21,Bariyarpatti,5,Component A,Crop,Others,,,,,,,,
128,A-2-D-929,Jamuna gharasayi poshan bagaicha samuha (Aama Samuh),2077/078,2077-06-22,21,Bariyarpatti,1,Component C,Nutrition,Home Nutrition Garden (Nutrition),,,,,,,,
129,A-2-D-930,Mahdeb Baba Gharaesi Poshan Bagaecha(Aama) Samuha,2077/078,2077-05-21,21,Bariyarpatti,1,Component C,Nutrition,Home Nutrition Garden (Nutrition),,,,,,,,
130,A-2-D-931,Pragati Gharayashi Poshan Bagaecha Samuha,2077/078,1900-01-04,21,Bariyarpatti,1,Component C,Nutrition,Home Nutrition Garden (Nutrition),,,,,,,,
131,A-2-D-932,Sunaulo Gharayasi Poshan Bagaicha Samuha (Aama Samuha),2077/078,2077-06-21,21,Bariyarpatti,1,Component C,Nutrition,Home Nutrition Garden (Nutrition),,,,,,,,
132,A-2-D-934,Indra  Home Nutrition Garden (Aama Samuha),2077/078,2077-06-02,21,Bariyarpatti,3,Component C,Nutrition,Home Nutrition Garden (Nutrition),,,,,,,,
133,A-2-D-935,Shree Ram Pashupalan Krishak Samuha,2077/078,2077-05-26,21,Bariyarpatti,3,Component A,Livestock,Promotion Program (Goat),,,,,,,,
134,A-2-C-952,Bajrang Pashupalan Krishak Samuh,2077/078,2077-05-25,21,164,4,Component A,Livestock,Others,,,,,,,,
135,A-2-C-953,Bishara Pasupalan Krishak Samuha,2077/078,2077-05-24,21,164,2,Component A,Livestock,Others,,,,,,,,
136,A-2-D-955,Hariyali Pashupalan Samuha,2077/078,2077-06-13,21,Bariyarpatti,5,Component A,Livestock,Others,,,,,,,,
137,A-2-D-956,Indra Dudh Utpadan Krishak Pathshala,2077/078,2077-05-24,21,Bariyarpatti,1,Component A,Livestock,FFS (Dairy),,,,,,,,
138,A-2-D-957,Jan Samudayik Pashupalan Krishak Samuh,2077/078,2077-05-21,21,Bariyarpatti,1,Component A,Livestock,Others,,,,,,,,
139,A-2-D-958,Kalyan Pashupalan Samuha,2077/078,2077-06-14,21,Bariyarpatti,1,Component A,Livestock,Others,,,,,,,,
140,A-2-C-959,Krishna Pashupalan Krishak Samuh,2077/078,2077-05-31,21,164,2,Component A,Livestock,Others,,,,,,,,
141,A-2-D-960,Lachhan Singh Pashupalan Krishak Samuha,2077/078,2077-06-05,21,Bariyarpatti,5,Component A,Livestock,Others,,,,,,,,
142,A-2-D-961, Ma Bhagwati Pashupalan Krishak Samuh,2077/078,2077-06-04,21,Bariyarpatti,3,Component A,Livestock,Others,,,,,,,,
143,A-2-D-963,Samudayik Pashupalan Kriashak Samuha,2077/078,2077-06-11,21,Bariyarpatti,1,Component A,Livestock,Others,,,,,,,,
144,A-2-C-964,Motipur Pashupalan Krishak Samuh,2077/078,2077-05-02,21,164,2,Component A,Livestock,Others,,,,,,,,
145,A-2-D-965, Nagar Dihabar Baba Pashu Palan Kriashak Samuha,2077/078,2077-06-01,21,Bariyarpatti,5,Component A,Livestock,Others,,,,,,,,
146,A-2-C-966,Pragatishil Bakhra utpadan Krishak Pathshala,2077/078,2077-04-20,21,164,2,Component A,Livestock,FFS (Goat),,,,,,,,
147,A-2-D-969,Rajdevi Pashupalan Krishak Samuha,2077/078,2077-06-02,21,Bariyarpatti,3,Component A,Livestock,Promotion Program (Goat),,,,,,,,
148,A-2-D-970,Rakshya Kukhura Palan Pathshala ,2077/078,2077-06-02,21,Bariyarpatti,3,Component A,Livestock,FFS (Poultry),,,,,,,,
149,A-2-D-971,Sitaram Pashupalan Krishak Samuha,2077/078,2077-06-04,21,Bariyarpatti,4,Component A,Livestock,Others,,,,,,,,
150,A-2-C-972,Shreee Janaki Pashupalan Krishak Samuh,2077/078,2077-06-01,21,164,3,Component A,Livestock,Others,,,,,,,,
151,A-2-C-974,Ujyalo Bakhra Utpadan Krishak Pathala,2077/078,2077-09-07,21,164,4,Component A,Livestock,FFS (Goat),,,,,,,,
152,A-2-D-975,Saraswati Bakhra Utpadan Pathshala,2077/078,2077-05-23,21,Bariyarpatti,1,Component A,Livestock,FFS (Goat),,,,,,,,
153,A-2-C-976,Sanidev Pashupalan Krishak Samuha,2077/078,2077-04-25,21,164,4,Component A,Livestock,FFS (Dairy),,,,,,,,
154,A-2-D-979, Matair Pashupalan Samuha,2077/078,2077-06-16,21,Bariyarpatti,1,Component A,Livestock,Others,,,,,,,,
155,A-2-D-1001, Laxmi Pashupalan Krishak Samuha,2077/078,2077-06-18,21,Bariyarpatti,3,Component A,Livestock,Others,,,,,,,,
156,A-2-D-1002,Janhit Pashupalan Krishak Samuha,2077/078,2077-06-16,21,Bariyarpatti,3,Component A,Livestock,Others,,,,,,,,
157,A-2-D-1003, Harhar Mahadev Pashupalan Samuha,2077/078,2077-06-18,21,Bariyarpatti,1,Component A,Livestock,Promotion Program (Dairy),,,,,,,,
158,A-2-D-1040, Jay Maa Bhagawati  Home Nutrition Garden (Aama Samuha),2077/078,1900-01-30,21,Bariyarpatti,3,Component C,Nutrition,Home Nutrition Garden (Nutrition),,,,,,,,
159,A-2-D-1041,Jay maa Durga  Home Nutrition Garden (Aama Samuha) ,2077/078,2077-05-04,21,Bariyarpatti,3,Component C,Nutrition,Home Nutrition Garden (Nutrition),,,,,,,,
160,A-2-D-1042,  Maa Dihabarni Home Nutrition Garden (Aama Samuha),2077/078,1900-01-23,21,Bariyarpatti,3,Component C,Nutrition,Home Nutrition Garden (Nutrition),,,,,,,,
161,A-2-D-1043,Raj Devi Mata   Home Nutrition Garden (Aama Samuha),2077/078,2077-07-06,21,Bariyarpatti,3,Component C,Nutrition,Home Nutrition Garden (Nutrition),,,,,,,,
162,A-2-D-1044, Shibam Home Nutrition Garden (Aama Samuha),2077/078,2077-06-06,21,Bariyarpatti,3,Component C,Nutrition,Home Nutrition Garden (Nutrition),,,,,,,,
163,A-2-D-1045, Shree  Grahi Devi Mata Home Nutrition Garden (Aama Samuha),2077/078,2077-06-06,21,Bariyarpatti,3,Component C,Nutrition,Home Nutrition Garden (Nutrition),,,,,,,,
164,A-2-D-1046, Basmati Home Nutrition Garden (Aama Samuha),2077/078,1900-01-23,21,Bariyarpatti,4,Component C,Nutrition,Home Nutrition Garden (Nutrition),,,,,,,,
165,A-2-D-1048,Jay Matadi  Home Nutrition Garden (Aama Samuha),2077/078,1900-01-15,21,Bariyarpatti,4,Component C,Nutrition,Home Nutrition Garden (Nutrition),,,,,,,,
166,A-2-D-1049,Maa Sarade Home Nutrition Garden (Aama Samuha),2077/078,1900-01-19,21,Bariyarpatti,4,Component C,Nutrition,Home Nutrition Garden (Nutrition),,,,,,,,
167,A-2-D-1050,Ram Janki  Home Nutrition Garden (Aama Samuha),2077/078,1900-01-26,21,Bariyarpatti,4,Component C,Nutrition,Home Nutrition Garden (Nutrition),,,,,,,,
168,A-2-D-1052,Tenuwapatti Home Nutrition Garden (Aama Samuha),2077/078,1900-01-19,21,Bariyarpatti,4,Component C,Nutrition,Home Nutrition Garden (Nutrition),,,,,,,,
169,A-2-D-1206,Jay Ganesh Gharayasi Poshan Bagaicha Samuha (Aama Samuha),2077/078,1900-01-13,21,Bariyarpatti,5,Component C,Nutrition,Home Nutrition Garden (Nutrition),,,,,,,,
170,A-2-D-1207,Jay Maa Laxmi Gharayasi Poshan Bagaicha Samuha (Aama Samuha),2077/078,1900-01-16,21,Bariyarpatti,5,Component C,Nutrition,Home Nutrition Garden (Nutrition),,,,,,,,
171,A-2-D-1208,Ma Durga Gharayasi Poshan Bagaicha Samuha (Aama Samuha,2077/078,1900-01-15,21,Bariyarpatti,5,Component C,Nutrition,Home Nutrition Garden (Nutrition),,,,,,,,
172,A-2-D-1209,Santoshi Gharayasi Poshan Bagaicha Samuha (Aama Samuha),2077/078,2077-02-06,21,Bariyarpatti,5,Component C,Nutrition,Home Nutrition Garden (Nutrition),,,,,,,,
173,A-2-D-1210,Subidha Gharayasi Poshan Bagaicha Samuha (Aama Samuha),2077/078,2077-09-06,21,Bariyarpatti,5,Component C,Nutrition,Home Nutrition Garden (Nutrition),,,,,,,,
174,A-1-A-1227,Shree Baba Bajarang Bali Utpadan Krishak Samuha,2077/078,2077-06-28,22,Rajgadh,6,Component A,Crop,FFS (Crop),,,,,,,,
175,A-1-A-1228,Shree Chandra Bali Utpadan Krishak Pathshala Samuha,2077/078,2077-05-10,22,Rajgadh,6,Component A,Crop,FFS (Crop),,,,,,,,
176,A-1-A-1229,Shree Baba Dihbar Krishak Samuha,2077/078,2077-06-28,22,Rajgadh,6,Component A,Crop,FFS (Crop),,,,,,,,
177,A-1-A-1230,Khan Tole Bali Utpadan Krishak Samuha,2077/078,2077-06-25,22,Rajgadh,6,Component A,Crop,FFS (Crop),,,,,,,,
178,A-1-A-1232,Shree Bar Pipal Krishak Samuha,2077/078,2077-05-26,22,Rajgadh,3,Component A,Crop,Others,,,,,,,,
179,A-1-A-1233,Shree Hariyali Bali Utpadan Krishak Samuha Baniniya,2077/078,2077-06-26,22,Rajgadh,2,Component A,Crop,Others,,,,,,,,
180,A-1-A-1234,Shree Janamukhi Krishak Samuha,2077/078,2077-06-19,22,Rajgadh,6,Component A,Crop,Others,,,,,,,,
181,A-1-A-1235,Shree Ma Durga Bali Utpadan Krishak Samuha,2077/078,2077-12-23,22,Rajgadh,2,Component A,Crop,Others,,,,,,,,
182,A-1-A-1236,Shree Jay Mata Di Bali Utpadan Krishak Samuha,2077/078,2077-06-23,22,Rajgadh,2,Component A,Crop,Others,,,,,,,,
183,A-1-A-1237,Shree Ma Laxmi Bali Utpadan Krishak Samuha,2077/078,2077-12-21,22,Rajgadh,2,Component A,Crop,Others,,,,,,,,
184,A-1-A-1239,Shree Baba Sasiya Maharaj Krishak Samuha,2077/078,2077-06-17,22,Rajgadh,6,Component A,Crop,Others,,,,,,,,
185,A-2-C-1240,Ma Gayatri Pashupalan Krishak Samuh,2077/078,2077-06-11,21,164,4,Component A,Livestock,Others,,,,,,,,
186,A-2-D-1241, Jay Ma Laxmi Pashupalan Krishak Samuha,2077/078,2077-06-20,21,Bariyarpatti,3,Component A,Livestock,Others,,,,,,,,
187,A-2-D-1242, Ma Durga Pashupalan Krishak Samuha,2077/078,2077-06-23,21,Bariyarpatti,3,Component A,Livestock,Others,,,,,,,,
188,A-2-D-1243,Jay Mahadev Pashupalan Krishak Samuha,2077/078,2077-06-29,21,Bariyarpatti,4,Component A,Livestock,Others,,,,,,,,
189,A-2-C-1244,Yagya Bhumi Pashupalan Krishak Samuha,2077/078,2077-05-31,21,164,4,Component A,Livestock,Others,,,,,,,,
190,A-2-C-1245,Bhairab Pashupalan Krishak Samuha,2077/078,2077-06-20,21,164,3,Component A,Livestock,Others,,,,,,,,
191,A-2-C-1246,Pashupati Pashupalan Krishak Samuha,2077/078,2077-06-22,21,164,4,Component A,Livestock,Promotion Program (Dairy),,,,,,,,
192,A-2-C-1248,Ram Janaki Pashupalan Krishak Samuha,2077/078,2077-06-24,21,164,2,Component A,Livestock,Others,,,,,,,,
193,A-2-C-1249,Shankar Pashupalan Krishak Samuha,2077/078,2077-06-25,21,164,5,Component A,Livestock,Others,,,,,,,,
194,A-2-C-1250,Laxmi Pashupalan Krishak Samuha,2077/078,2077-06-24,21,164,5,Component A,Livestock,Others,,,,,,,,
195,A-2-C-1251,Krishna Pashupalan Krishak Samuha,2077/078,2077-06-24,21,164,5,Component A,Livestock,Others,,,,,,,,
196,A-2-C-1252,Radha Krishna Pashupalan Krishak Samuha,2077/078,2077-06-23,21,164,3,Component A,Livestock,Others,,,,,,,,
197,A-2-C-1253,Aarti Pashupalan Krishak Samuha,2077/078,2077-06-26,21,164,3,Component A,Livestock,Others,,,,,,,,
198,C-6-R-1268,Bridi Bikash Kukhura Palan  Krishak   Samuha ,2077/078,2077/06/30,28,Lisankhu Pakhar,3,Component A,Livestock,Promotion Program (Poultry),,,,,,,,
199,C-6-R-1271,Yakata Kukhura Palan krishak Samuha ,2077/078,2077-09-02,28,Lisankhu Pakhar,2,Component A,Livestock,FFS (Poultry),,,,,,,,
200,C-6-R-1274,Ganesthan Bakhrapalan Krisahak Samuha ,2077/078,2077-06-08,28,Lisankhu Pakhar,5,Component A,Livestock,Promotion Program (Goat),,,,,,,,
201,C-6-R-1276,Janajagarna Dugdha Utpadan Prabardan Krishak Samuha ,2077/078,2077/07/01,28,Lisankhu Pakhar,7,Component A,Livestock,Promotion Program (Dairy),,,,,,,,
202,C-6-R-1277,Janamukhi Bakhra Palan Samuha,2077/078,2077-06-07,28,Lisankhu Pakhar,6,Component A,Livestock,Promotion Program (Goat),,,,,,,,
203,C-6-R-1278,Jiban Rakshya Bakhra Palan Krishak Samuha ,2077/078,2077-06-27,28,Lisankhu Pakhar,5,Component A,Livestock,Promotion Program (Goat),,,,,,,,
204,C-6-R-1286,Kanchanjanga Kukhura Palan Krishak Samuha ,2077/078,2077-07-02,28,Lisankhu Pakhar,7,Component A,Livestock,Promotion Program (Poultry),,,,,,,,
205,C-6-R-1287,Latteswori Mahadev Bakhrapalan Krishak  Samuha,2077/078,2077-07-08,28,Lisankhu Pakhar,6,Component A,Livestock,FFS (Goat),,,,,,,,
206,C-6-R-1288,New Vision Kukhura Palan Krishak Samuha ,2077/078,2077-09-13,28,Lisankhu Pakhar,1,Component A,Livestock,FFS (Poultry),,,,,,,,
207,C-6-R-1291,Paiyu Kharka Bakhra Palan Krishak Samuha,2077/078,2077-09-26,28,Lisankhu Pakhar,4,Component A,Livestock,FFS (Goat),,,,,,,,
208,C-6-R-1292,Sadabahar Kukhura Palan krishak Samuha,2077/078,2077-06-28,28,Lisankhu Pakhar,7,Component A,Livestock,Promotion Program (Poultry),,,,,,,,
209,A-2-C-1293,Laxmi Pashupalan Krishak Samuha 164 Kamalpur,2077/078,2077-06-11,21,164,4,Component A,Livestock,Others,,,,,,,,
210,C-6-R-1294,Sagarmatha Kukhura Palan Krishak Samuha,2077/078,2077-09-07,28,Lisankhu Pakhar,6,Component A,Livestock,Promotion Program (Poultry),,,,,,,,
211,C-6-R-1295,Saya Patri Bakhra Palan Krishak Samuha,2077/078,2077-04-28,28,Lisankhu Pakhar,1,Component A,Livestock,Promotion Program (Goat),,,,,,,,
212,C-6-R-1296,Thulobandan Dugdha Utpadan Prawardham Krishak Samuha,2077/078,2077-06-07,28,Lisankhu Pakhar,6,Component A,Livestock,Promotion Program (Dairy),,,,,,,,
213,C-6-R-1297,Wafal Bakhra Palan Krishak  Samuha ,2077/078,2077-06-30,28,Lisankhu Pakhar,3,Component A,Livestock,Promotion Program (Goat),,,,,,,,
214,C-5-P-1299,Srijansil Bakhra Palan Krishak Samuha,2077/078,2077-04-30,25,Tamakoshi,3,Component A,Livestock,Promotion Program (Goat),,,,,,,,
215,C-5-P-1300,Bahundi Bhakrapalan Krishak Samuha,2077/078,2077-06-22,25,Tamakoshi,4,Component A,Livestock,FFS (Goat),,,,,,,,
216,C-5-P-1301,Bhagya Dugdha Utpadan Prawardan KrishakSamuha  ,2077/078,2077-06-10,25,Tamakoshi,1,Component A,Livestock,Promotion Program (Dairy),,,,,,,,
217,C-5-P-1302,Bhangeri Bhakhra Palan Krishak Samuha,2077/078,2077-06-24,25,Tamakoshi,5,Component A,Livestock,Promotion Program (Goat),,,,,,,,
218,C-5-P-1305,Bohore Bakhrapalan Utpadan Parwardhan Krishak Samuha ,2077/078,2077-06-26,25,Tamakoshi,1,Component A,Livestock,Promotion Program (Goat),,,,,,,,
219,C-5-P-1309,Chardham Bakhra Palan Krishak Samuha ,2077/078,2077-06-12,25,Tamakoshi,1,Component A,Livestock,FFS (Goat),,,,,,,,
220,C-5-P-1310,Chyama Dudha Utpadan Parwardhan Krishak Samuha ,2077/078,2077-06-24,25,Tamakoshi,6,Component A,Livestock,Promotion Program (Dairy),,,,,,,,
221,C-5-P-1311,Jiribari Bakhra  Palan Utpadan Parwardhan Krishak Samuha ,2077/078,2077-04-30,25,Tamakoshi,6,Component A,Livestock,Promotion Program (Goat),,,,,,,,
222,C-5-P-1317,Balbatika Poshan Samuha,2077/078,2077/06/30,25,Tamakoshi,6,Component C,Nutrition,NFS (Nutrition),,,,,,,,
223,C-5-P-1318,Chanaute Poshan Samuha,2077/078,1900-01-29,25,Tamakoshi,3,Component C,Nutrition,Home Nutrition Garden (Nutrition),,,,,,,,
224,C-5-P-1319,Golmeshwor Poshan Samuha,2077/078,2077-05-06,25,Tamakoshi,4,Component C,Nutrition,Home Nutrition Garden (Nutrition),,,,,,,,
225,C-5-P-1320,Jagadambika Poshan Samuha,2077/078,2077-08-06,25,Tamakoshi,4,Component C,Nutrition,Home Nutrition Garden (Nutrition),,,,,,,,
226,C-5-P-1321,Kalidevi Poshan Samuha,2077/078,2077-09-01,25,Tamakoshi,5,Component C,Nutrition,NFS (Nutrition),,,,,,,,
227,C-5-P-1322,Kalikadevi Poshan Samuha,2077/078,2077/06/30,25,Tamakoshi,5,Component C,Nutrition,NFS (Nutrition),,,,,,,,
228,C-5-P-1323,Laligurash Poshan Samuha,2077/078,2077-06-23,25,Tamakoshi,1,Component C,Nutrition,NFS (Nutrition),,,,,,,,
229,C-5-P-1324,Kaleri Kukhura Palana Samuna ,2077/078,2077-06-21,25,Tamakoshi,5,Component A,Livestock,Promotion Program (Poultry),,,,,,,,
230,C-5-P-1325,Kundeshwori Kukhura Palan Krishak Samuha,2077/078,2077-06-22,25,Tamakoshi,5,Component A,Livestock,FFS (Poultry),,,,,,,,
231,C-5-P-1326,Laligurash Kukhura Palan Utpadan Parwardhan Krishak Samuha,2077/078,2077-06-22,25,Tamakoshi,6,Component A,Livestock,Promotion Program (Poultry),,,,,,,,
232,C-5-P-1327,Pokhare Poshan Samuha,2077/078,1900-01-23,25,Tamakoshi,6,Component C,Nutrition,Home Nutrition Garden (Nutrition),,,,,,,,
233,C-5-P-1328,Sadabahar Poshan Samuha,2077/078,1900-01-27,25,Tamakoshi,6,Component C,Nutrition,Home Nutrition Garden (Nutrition),,,,,,,,
234,C-5-P-1329,Setidevi Poshan Samuha,2077/078,2077-06-06,25,Tamakoshi,3,Component C,Nutrition,Home Nutrition Garden (Nutrition),,,,,,,,
235,C-5-P-1330,Sidheshwor Poshan Samuha,2077/078,1900-01-28,25,Tamakoshi,1,Component C,Nutrition,Home Nutrition Garden (Nutrition),,,,,,,,
236,C-5-P-1331,Srijanshil Poshan Samuha,2077/078,2077-05-06,25,Tamakoshi,3,Component C,Nutrition,Home Nutrition Garden (Nutrition),,,,,,,,
237,C-5-P-1332,Tallotar Indrawati Poshan Samuha,2077/078,1900-01-26,25,Tamakoshi,5,Component C,Nutrition,Home Nutrition Garden (Nutrition),,,,,,,,
238,C-5-P-1333,Majhighaun Kukhura Palan Utpadan Parwardhan Krishak Samuha,2077/078,2077-04-28,25,Tamakoshi,1,Component A,Livestock,Promotion Program (Poultry),,,,,,,,
239,C-5-P-1334,Manedanda Kukhura Palan Krishak Samuha,2077/078,2077-06-06,25,Tamakoshi,3,Component A,Livestock,Promotion Program (Poultry),,,,,,,,
240,C-5-P-1340,Milijuli Bhakhra Palan Krishak Samuha ,2077/078,2077-06-10,25,Tamakoshi,3,Component A,Livestock,Promotion Program (Goat),,,,,,,,
241,C-5-P-1345,Odare Gairagaun Kukhura Palan Utpadan Parwardhan Krishak Samuha ,2077/078,2077-10-29,25,Tamakoshi,4,Component A,Livestock,Promotion Program (Poultry),,,,,,,,
242,C-5-P-1346,Panighat Bakhra Palan Krishak Samuna ,2077/078,2077-06-12,25,Tamakoshi,5,Component A,Livestock,Promotion Program (Goat),,,,,,,,
243,C-5-P-1347,Phewatal Bakhra Palan Utpadan Parwardhan Krishak Samuha  ,2077/078,2077-06-22,25,Tamakoshi,4,Component A,Livestock,Promotion Program (Goat),,,,,,,,
244,C-5-P-1348,Pipalbot Bakhrapalan Utpadan Parwardhan Krishak samuha,2077/078,2077-06-26,25,Tamakoshi,6,Component A,Livestock,Promotion Program (Goat),,,,,,,,
245,C-5-P-1349,Ritthabot Pasupanchi Palak Krishak Samuha,2077/078,2077-09-17,25,Tamakoshi,5,Component A,Livestock,Promotion Program (Goat),,,,,,,,
246,C-5-P-1350,Shahartol Bakhra Palan Utpadan Parwardhan Krishak Samuha,2077/078,2077-06-22,25,Tamakoshi,1,Component A,Livestock,Promotion Program (Goat),,,,,,,,
247,C-6-R-1386,Aattarpur Poshan Samuha,2077/078,2077-04-28,28,Lisankhu Pakhar,4,Component C,Nutrition,Home Nutrition Garden (Nutrition),,,,,,,,
248,C-6-R-1387,Barna Poshan Samuha,2077/078,2077-05-06,28,Lisankhu Pakhar,5,Component C,Nutrition,Home Nutrition Garden (Nutrition),,,,,,,,
249,C-6-R-1388,Bridhibikash Poshan Samuha,2077/078,1900-01-25,28,Lisankhu Pakhar,4,Component C,Nutrition,Home Nutrition Garden (Nutrition),,,,,,,,
250,C-6-R-1389,Dadapakhar Poshan Samuha,2077/078,2077-01-07,28,Lisankhu Pakhar,7,Component C,Nutrition,Home Nutrition Garden (Nutrition),,,,,,,,
251,C-6-R-1390,Dipjyoti Poshan Samuha,2077/078,2077-02-09,28,Lisankhu Pakhar,6,Component C,Nutrition,Home Nutrition Garden (Nutrition),,,,,,,,
252,C-6-R-1391,Harishiddhi Poshan Samuha,2077/078,1900-01-27,28,Lisankhu Pakhar,1,Component C,Nutrition,Home Nutrition Garden (Nutrition),,,,,,,,
253,C-6-R-1392,Jethal Poshan Samuha,2077/078,2077-08-06,28,Lisankhu Pakhar,5,Component C,Nutrition,Home Nutrition Garden (Nutrition),,,,,,,,
254,C-6-R-1393,Khani31 Poshan Samuha,2077/078,1900-01-23,28,Lisankhu Pakhar,1,Component C,Nutrition,Home Nutrition Garden (Nutrition),,,,,,,,
255,C-6-R-1394,Kopila Poshan Samuha,2077/078,2077-07-06,28,Lisankhu Pakhar,6,Component C,Nutrition,Home Nutrition Garden (Nutrition),,,,,,,,
256,C-6-R-1395,Laliguraash Poshan Samuha,2077/078,2077-06-23,28,Lisankhu Pakhar,7,Component C,Nutrition,NFS (Nutrition),,,,,,,,
257,C-6-R-1396,Lishankhughyangdada Poshan Samuha,2077/078,1900-01-20,28,Lisankhu Pakhar,2,Component C,Nutrition,Home Nutrition Garden (Nutrition),,,,,,,,
258,C-6-R-1397,Makhamali Poshan Samuha,2077/078,1900-01-18,28,Lisankhu Pakhar,1,Component C,Nutrition,Home Nutrition Garden (Nutrition),,,,,,,,
259,C-6-R-1398,Petku Poshan Samuha,2077/078,2077-03-07,28,Lisankhu Pakhar,6,Component C,Nutrition,Home Nutrition Garden (Nutrition),,,,,,,,
260,C-6-R-1399,Sagarmatha Poshan Samuha,2077/078,1900-01-20,28,Lisankhu Pakhar,2,Component C,Nutrition,Home Nutrition Garden (Nutrition),,,,,,,,
261,C-6-R-1400,Sayapatri Poshan Samuha,2077/078,2077-02-07,28,Lisankhu Pakhar,7,Component C,Nutrition,Home Nutrition Garden (Nutrition),,,,,,,,
262,C-6-R-1401,Setidebi Poshan Samuha,2077/078,1900-01-28,28,Lisankhu Pakhar,7,Component C,Nutrition,Home Nutrition Garden (Nutrition),,,,,,,,
263,C-6-R-1402,Sildhunga Poshan Samuha,2077/078,1900-01-27,28,Lisankhu Pakhar,5,Component C,Nutrition,Home Nutrition Garden (Nutrition),,,,,,,,
264,C-6-R-1403,Subhakamana Poshan Samuha,2077/078,2077-09-08,28,Lisankhu Pakhar,3,Component C,Nutrition,NFS (Nutrition),,,,,,,,
265,C-6-R-1404,Timmure Poshan Samuha,2077/078,2077-02-07,28,Lisankhu Pakhar,7,Component C,Nutrition,Home Nutrition Garden (Nutrition),,,,,,,,
266,C-5-K-1405,Balambu Bakhra Palan Krishak Samuha,2077/078,2077-06-15,25,Kalinchok,6,Component A,Livestock,Promotion Program (Goat),,,,,,,,
267,C-5-K-1406,Begumpa kukhra Palan Krisak Samuha ,2077/078,2021-06-08,25,Kalinchok,1,Component A,Livestock,Promotion Program (Poultry),,,,,,,,
268,C-5-K-1407,Bhadaure Dugdha Utpadan Parwardhan Samuha,2077/078,2077-09-04,25,Kalinchok,7,Component A,Livestock,Promotion Program (Dairy),,,,,,,,
269,C-5-K-1408,Bhimeswor Dugda Utpadan Prabardhan Krisak Samuha,2077/078,2077-06-27,25,Kalinchok,9,Component A,Livestock,Promotion Program (Dairy),,,,,,,,
270,C-5-K-1409,Devisthyan Kukhurapalan Krisak Samuha ,2077/078,2077-11-24,25,Kalinchok,8,Component A,Livestock,FFS (Poultry),,,,,,,,
271,C-6-Q-1410,Jagaran Poshan Samuha,2077/078,2077-06-04,28,Indrawati,8,Component C,Nutrition,Home Nutrition Garden (Nutrition),,,,,,,,
272,C-5-K-1412,Godawari Gai Bhaisi Palan Krishak Shamuha,2077/078,2077-06-14,25,Kalinchok,6,Component A,Livestock,Promotion Program (Dairy),,,,,,,,
273,C-6-Q-1413,Laganshil Poshan Samuha,2077/078,2077-07-06,28,Indrawati,9,Component C,Nutrition,Home Nutrition Garden (Nutrition),,,,,,,,
274,C-5-K-1415,Himali Bakhra Palan Krishak Samuha,2077/078,2077-06-25,25,Kalinchok,1,Component A,Livestock,Promotion Program (Goat),,,,,,,,
275,C-6-Q-1416,Mahila Sachetana Poshan Samuha,2077/078,2077-11-06,28,Indrawati,6,Component C,Nutrition,Home Nutrition Garden (Nutrition),,,,,,,,
276,C-6-Q-1419,Milanchok Poshan Samuha,2077/078,2077-06-06,28,Indrawati,8,Component C,Nutrition,Home Nutrition Garden (Nutrition),,,,,,,,
277,C-5-K-1420,Juneli Kukura Palan Utpadan Parwardhan Krishak Samuha,2077/078,2077-08-30,25,Kalinchok,9,Component A,Livestock,Promotion Program (Poultry),,,,,,,,
278,C-6-Q-1422,Namuna Poshan Samuha,2077/078,2077-09-06,28,Indrawati,7,Component C,Nutrition,Home Nutrition Garden (Nutrition),,,,,,,,
279,C-6-Q-1423,Pragatishil Poshan Samuha,2077/078,1900-01-21,28,Indrawati,9,Component C,Nutrition,Home Nutrition Garden (Nutrition),,,,,,,,
280,C-6-Q-1424,Rammandir Balbalika Poshan Samuha,2077/078,1900-01-22,28,Indrawati,7,Component C,Nutrition,Home Nutrition Garden (Nutrition),,,,,,,,
281,C-5-K-1425,Lakaigau Bakhra PalanKrishak Samuha,2077/078,2077-06-15,25,Kalinchok,5,Component A,Livestock,Promotion Program (Goat),,,,,,,,
282,C-5-K-1426,Laligurash Kukhra Palan Krishak Samuha,2077/078,2077-06-14,25,Kalinchok,4,Component A,Livestock,Promotion Program (Poultry),,,,,,,,
283,C-5-K-1427,Laligurash Bakhra Palan Krishak Samuha,2077/078,2021-06-08,25,Kalinchok,3,Component A,Livestock,Promotion Program (Goat),,,,,,,,
284,C-6-Q-1428,Srijanshill Poshan Samuha,2077/078,1900-01-14,28,Indrawati,8,Component C,Nutrition,Home Nutrition Garden (Nutrition),,,,,,,,
285,C-5-K-1429,Lalupate Kukhura Palan Krishak Samuha,2077/078,2077-06-15,25,Kalinchok,6,Component A,Livestock,Promotion Program (Poultry),,,,,,,,
286,C-6-Q-1430,Suryamukhi Poshan Samuha,2077/078,1900-01-23,28,Indrawati,6,Component C,Nutrition,Home Nutrition Garden (Nutrition),,,,,,,,
287,C-6-Q-1431,Sundar Sansar Poshan Samuha,2077/078,2077-09-09,28,Indrawati,7,Component C,Nutrition,Home Nutrition Garden (Nutrition),,,,,,,,
288,C-5-K-1432,Makhamali Kukhra Palan Krishak Samuha,2077/078,2077-04-29,25,Kalinchok,4,Component A,Livestock,Promotion Program (Poultry),,,,,,,,
289,C-5-K-1433,Milijuli Bakhra Palan Krishak Samuha,2077/078,2077-06-14,25,Kalinchok,4,Component A,Livestock,Promotion Program (Goat),,,,,,,,
290,C-5-K-1434,Setidevi Kukhura Palan  Krishak Samuha,2077/078,2021-06-08,25,Kalinchok,3,Component A,Livestock,Promotion Program (Poultry),,,,,,,,
291,C-5-K-1435,Setidevi Bakhrapalan Krishak Samuha,2077/078,2077-06-23,25,Kalinchok,7,Component A,Livestock,Promotion Program (Goat),,,,,,,,
292,C-5-K-1436,Sakhalpu Bakhrapalan Krisk Samuha ,2077/078,2077-10-04,25,Kalinchok,8,Component A,Livestock,FFS (Goat),,,,,,,,
293,C-5-K-1437,Sisneri Bakhrapalan Krisak Samuha ,2077/078,2077-11-15,25,Kalinchok,2,Component A,Livestock,Promotion Program (Goat),,,,,,,,
294,C-5-K-1438,Sringeswori Bakhra Palan Krisak Samuha,2077/078,2077-06-23,25,Kalinchok,7,Component A,Livestock,Promotion Program (Goat),,,,,,,,
295,C-5-K-1439,Sungabha Bakhra Palan Krisak Samuha,2077/078,2021-06-08,25,Kalinchok,9,Component A,Livestock,Promotion Program (Goat),,,,,,,,
296,C-5-K-1440,Utpadansil Gai Vaisi Palan Krishak Samuha,2077/078,2077-06-09,25,Kalinchok,8,Component A,Livestock,FFS (Dairy),,,,,,,,
297,C-6-Q-1441,Aaweswar mahadev Bakhrapalan Krishak Samuha,2077/078,2077-06-16,28,Indrawati,3,Component A,Livestock,Promotion Program (Goat),,,,,,,,
298,C-6-Q-1442,Badegaun Bakhrapalan Krishak Samuha,2077/078,2077-06-23,28,Indrawati,6,Component A,Livestock,Promotion Program (Goat),,,,,,,,
299,C-6-Q-1444,Bhumedada Poshan Samuha,2077/078,2077-12-10,28,Indrawati,3,Component C,Nutrition,Home Nutrition Garden (Nutrition),,,,,,,,
300,C-6-Q-1445,Bhumesthan Poshan Samuha,2077/078,1900-01-15,28,Indrawati,3,Component C,Nutrition,Home Nutrition Garden (Nutrition),,,,,,,,
301,C-6-Q-1446,Dharapani Poshan Samuha,2077/078,1900-01-16,28,Indrawati,5,Component C,Nutrition,Home Nutrition Garden (Nutrition),,,,,,,,
302,C-6-Q-1447,Golmakot Poshan Samuha,2077/078,1900-01-27,28,Indrawati,5,Component C,Nutrition,Home Nutrition Garden (Nutrition),,,,,,,,
303,C-6-Q-1448,Indreni Poshan Samuha,2077/078,2077-12-08,28,Indrawati,4,Component C,Nutrition,NFS (Nutrition),,,,,,,,
304,C-6-Q-1449,Kalika Poshan Samuha,2077/078,1900-01-14,28,Indrawati,5,Component C,Nutrition,Home Nutrition Garden (Nutrition),,,,,,,,
305,C-6-Q-1450,Kotdada Devithan Poshan Samuha,2077/078,1900-01-19,28,Indrawati,2,Component C,Nutrition,Home Nutrition Garden (Nutrition),,,,,,,,
306,C-6-Q-1452,Lakuribot Poshan Samuha,2077/078,2077-12-08,28,Indrawati,2,Component C,Nutrition,Home Nutrition Garden (Nutrition),,,,,,,,
307,C-6-Q-1453,Narayanthan Poshan Samuha,2077/078,1900-01-17,28,Indrawati,5,Component C,Nutrition,Home Nutrition Garden (Nutrition),,,,,,,,
308,C-6-Q-1454,Naulingeswori Poshan Samuha,2077/078,2077-07-10,28,Indrawati,1,Component C,Nutrition,NFS (Nutrition),,,,,,,,
309,C-6-Q-1455,Panchakanya Poshan Samuha,2077/078,1900-01-19,28,Indrawati,2,Component C,Nutrition,Home Nutrition Garden (Nutrition),,,,,,,,
310,C-6-Q-1456,Saphal Balbalika Poshan Samuha,2077/078,1900-01-21,28,Indrawati,4,Component C,Nutrition,Home Nutrition Garden (Nutrition),,,,,,,,
311,C-6-Q-1457,Singpal Mahila Poshan Samuha,2077/078,1900-01-19,28,Indrawati,1,Component C,Nutrition,Home Nutrition Garden (Nutrition),,,,,,,,
312,C-5-P-1458,Pipalbot Poshan Samuha,2077/078,1900-01-29,25,Tamakoshi,5,Component C,Nutrition,Home Nutrition Garden (Nutrition),,,,,,,,
313,C-5-P-1459,Gupteshwor DoleMahadev Poshan Samuha,2077/078,2077-12-06,25,Tamakoshi,4,Component C,Nutrition,Home Nutrition Garden (Nutrition),,,,,,,,
314,A-1-B-1461,Jagdamba Bali Utpadan Krishak Pathshala Samuha,2077/078,2077-05-12,22,166,1,Component A,Crop,FFS (Crop),,,,,,,,
315,A-1-B-1462,Puran Dehi Pokhari Bali Utpadan Krishak  Samuha,2077/078,2077-10-02,22,166,4,Component A,Crop,FFS (Crop),,,,,,,,
316,A-1-A-1463,Shree Ma Kali Bandi Biu Utpadan Krishak Samuha,2077/078,2077-08-30,22,Rajgadh,4,Component A,Crop,Seed Producers,,,,,,,,
317,A-1-A-1466,Shree Mahanth Krishak Samuha,2077/078,2077-06-26,22,Rajgadh,6,Component A,Crop,Others,,,,,,,,
318,C-6-Q-1468,Bhimeshwori Bakharapalan Krisak Samuha ,2077/078,2077-08-05,28,Indrawati,9,Component A,Livestock,Promotion Program (Goat),,,,,,,,
319,C-6-Q-1469,Bikasit Bakharapalan Krisak Samuha ,2077/078,2077-07-20,28,Indrawati,8,Component A,Livestock,Promotion Program (Goat),,,,,,,,
320,C-6-Q-1470,Bindabasini Milk Prodction Group,2077/078,2077-06-13,28,Indrawati,6,Component A,Livestock,FFS (Dairy),,,,,,,,
321,C-6-Q-1473,Deurali  Bakhra Palan  Krishak Samuha,2077/078,2077-06-15,28,Indrawati,5,Component A,Livestock,Promotion Program (Goat),,,,,,,,
322,C-6-Q-1474,Dobato Dugdha Utpadan krishak Samuha,2077/078,2077-06-11,28,Indrawati,7,Component A,Livestock,Promotion Program (Dairy),,,,,,,,
323,C-6-Q-1475,Gairigaun Bakhra Palan krishak Samuha,2077/078,2077-06-19,28,Indrawati,7,Component A,Livestock,Promotion Program (Goat),,,,,,,,
324,C-6-Q-1476,Hamro Samudaik Kukhura Palan krisak samuha,2077/078,2077-06-30,28,Indrawati,6,Component A,Livestock,Promotion Program (Poultry),,,,,,,,
325,C-6-Q-1477,Janajagaran Bakhra Palan Krishak Samuha,2077/078,2077-06-08,28,Indrawati,7,Component A,Livestock,FFS (Goat),,,,,,,,
326,C-6-Q-1478,Jyamire Kukhurapalan Krisak Samuha ,2077/078,2076-06-16,28,Indrawati,8,Component A,Livestock,Promotion Program (Poultry),,,,,,,,
327,C-6-Q-1479,Kotdand  Kukhura Palan Krishak Samuha ,2077/078,2077-06-30,28,Indrawati,2,Component A,Livestock,Promotion Program (Poultry),,,,,,,,
328,C-6-Q-1480,Manedanda Bakhra Palan Krishak samuha,2077/078,2077-09-24,28,Indrawati,1,Component A,Livestock,Promotion Program (Goat),,,,,,,,
329,C-6-Q-1482,Panchakanya Bakhra Palan Krishak Samuha,2077/078,2077-06-13,28,Indrawati,2,Component A,Livestock,Promotion Program (Goat),,,,,,,,
330,B-3-F-1483,Bajrang Bakhra Palan Krishak Samuha,2077/078,2077-05-10,20,Mukhiyapatti Musaharmiya,6,Component A,Livestock,Promotion Program (Goat),,,,,,,,
331,C-6-Q-1484,Paurakhi Kukhura Palan Krishak Samuha ,2077/078,2077-06-08,28,Indrawati,4,Component A,Livestock,FFS (Poultry),,,,,,,,
332,C-6-Q-1485,Sagarmatha Bakhra Palan Krishak Samuha,2077/078,2077-06-06,28,Indrawati,8,Component A,Livestock,Promotion Program (Goat),,,,,,,,
333,C-6-Q-1486,Setidevi Kukhurapalan Samuha ,2077/078,2077-08-25,28,Indrawati,9,Component A,Livestock,Promotion Program (Poultry),,,,,,,,
334,C-6-Q-1487,Sundaripur Dugdha Utpadan Krishak Samuha,2077/078,2077-07-22,28,Indrawati,8,Component A,Livestock,Promotion Program (Dairy),,,,,,,,
335,C-6-Q-1489,  Baladevi  Bakhra Palan Krishak Samuha,2077/078,2077-06-06,28,Indrawati,4,Component A,Livestock,Promotion Program (Goat),,,,,,,,
336,C-6-Q-1490,Ujjyalo Dugdha Utpadan Krishak Samuha,2077/078,2077-07-18,28,Indrawati,5,Component A,Livestock,Promotion Program (Dairy),,,,,,,,
337,C-6-Q-1491,Yakikrit Kukhura Palan Krishak Samuha ,2077/078,2077-08-07,28,Indrawati,5,Component A,Livestock,Promotion Program (Poultry),,,,,,,,
338,C-6-Q-1496,Balkabari Kukhurapalan Krishak Samuha,2077/078,2077-09-16,28,Indrawati,3,Component A,Livestock,Promotion Program (Poultry),,,,,,,,
339,B-3-F-1499,Bhagwati Nutrition Mother Group ,2077/078,1900-01-16,20,Mukhiyapatti Musaharmiya,3,Component C,Nutrition,Home Nutrition Garden (Nutrition),,,,,,,,
340,B-3-F-1501,Fechaha Bakhra palan Samuha,2077/078,2077-04-09,20,Mukhiyapatti Musaharmiya,4,Component A,Livestock,Promotion Program (Goat),,,,,,,,
341,B-3-F-1504,Garibi Bakhra palan Samuha,2077/078,2077-06-05,20,Mukhiyapatti Musaharmiya,4,Component A,Livestock,Promotion Program (Goat),,,,,,,,
342,B-3-F-1509,Bhawani  Nutrition Mother Group ,2077/078,2077-04-16,20,Mukhiyapatti Musaharmiya,3,Component C,Nutrition,Home Nutrition Garden (Nutrition),,,,,,,,
343,B-3-F-1510,ma raj devi bakhra palan Samuha,2077/078,2077-03-30,20,Mukhiyapatti Musaharmiya,4,Component A,Livestock,Others,,,,,,,,
344,B-3-F-1512,Durga Nutrition Mother Group -Mukhiyapatti Musharniya,2077/078,2077-04-16,20,Mukhiyapatti Musaharmiya,4,Component C,Nutrition,Home Nutrition Garden (Nutrition),,,,,,,,
345,B-3-F-1514,Girija Nutrition Mother group,2077/078,2077-07-19,20,Mukhiyapatti Musaharmiya,6,Component C,Nutrition,Home Nutrition Garden (Nutrition),,,,,,,,
346,B-3-F-1520,Gyan Bigyan Nutrition Mother group,2077/078,2077-06-06,20,Mukhiyapatti Musaharmiya,6,Component C,Nutrition,Home Nutrition Garden (Nutrition),,,,,,,,
347,C-5-P-1524,Ashare Poshan Samuha,2077/078,2077-06-29,25,Tamakoshi,1,Component C,Nutrition,NFS (Nutrition),,,,,,,,
348,B-3-E-1526,Chandani Nutrition Mother group,2077/078,2077-07-13,20,Dhanauji ,3,Component C,Nutrition,Home Nutrition Garden (Nutrition),,,,,,,,
349,B-3-E-1527,Jagriti Nutrition Mother group,2077/078,2078-08-12,20,Dhanauji ,2,Component C,Nutrition,Home Nutrition Garden (Nutrition),,,,,,,,
350,B-3-F-1530,Jay kishori Nutrition Mother group,2077/078,2077-06-04,20,Mukhiyapatti Musaharmiya,6,Component C,Nutrition,Home Nutrition Garden (Nutrition),,,,,,,,
351,B-3-F-1532,Jiban Jyoti Nutrition Mother group,2077/078,2077-08-16,20,Mukhiyapatti Musaharmiya,3,Component C,Nutrition,Home Nutrition Garden (Nutrition),,,,,,,,
352,B-3-F-1533,Kamleshwari Nutrition Mother group,2077/078,2077-06-06,20,Mukhiyapatti Musaharmiya,6,Component C,Nutrition,Home Nutrition Garden (Nutrition),,,,,,,,
353,B-3-F-1534,Maa dakshinkali Bakharapalan Krishak Samuha,2077/078,2078-02-03,20,Mukhiyapatti Musaharmiya,5,Component A,Livestock,Others,,,,,,,,
354,B-3-F-1540,"Karikbaba  Nutrition Mother group ,Mukhiyapatti ",2077/078,2077-04-26,20,Mukhiyapatti Musaharmiya,5,Component C,Nutrition,Home Nutrition Garden (Nutrition),,,,,,,,
355,B-3-F-1544,"Khusiyali  Nutrition Mother group ,Mukhiyapatti ",2077/078,2077-09-08,20,Mukhiyapatti Musaharmiya,4,Component C,Nutrition,Home Nutrition Garden (Nutrition),,,,,,,,
356,B-3-F-1545,Mahila Sahyogi Bakhara Palan Samuha,2077/078,2077-04-25,20,Mukhiyapatti Musaharmiya,6,Component A,Livestock,Promotion Program (Goat),,,,,,,,
357,B-3-E-1547,"laxmi Nutrition Mother group ,",2077/078,2077-02-06,20,Dhanauji ,4,Component C,Nutrition,Home Nutrition Garden (Nutrition),,,,,,,,
358,B-3-F-1548,Mushkan Bakhra Palan Samuha,2077/078,2077-10-06,20,Mukhiyapatti Musaharmiya,3,Component A,Livestock,Promotion Program (Goat),,,,,,,,
359,B-3-F-1549,Shiva Bakhrapalan Krishak Samuha,2077/078,2077-12-01,20,Mukhiyapatti Musaharmiya,1,Component A,Livestock,Others,,,,,,,,
360,A-1-A-1550,Dharmaraj Bali Utpadan Krishak Pathshala Samuha,2077/078,2077-11-15,22,Rajgadh,4,Component A,Crop,FFS (Crop),,,,,,,,
361,A-1-A-1551,Islamik Bali Utpadan Krishak Samuha,2077/078,2077-10-21,22,Rajgadh,4,Component A,Crop,FFS (Crop),,,,,,,,
362,A-1-A-1554,Jay Maa Bisahara Krishak Samuha,2077/078,2077-11-17,22,Rajgadh,4,Component A,Crop,Others,,,,,,,,
363,A-1-A-1555,Laxmi Baali Utpadan Krishak Samuha,2077/078,2077-09-15,22,Rajgadh,3,Component A,Crop,Others,,,,,,,,
364,A-1-A-1556,Shree Ma Bhagwati Baali Utpadan Krishak Samuha,2077/078,2077-11-20,22,Rajgadh,3,Component A,Crop,Others,,,,,,,,
365,A-1-A-1557,Shree Parbati Krishak Samuha,2077/078,2077-12-21,22,Rajgadh,3,Component A,Crop,Others,,,,,,,,
366,A-1-A-1558,Ujawal Krishak Samuha,2077/078,2077-10-28,22,Rajgadh,3,Component A,Crop,Others,,,,,,,,
367,B-3-F-1559,Tarai Bakhra palan Samuha,2077/078,2077-06-22,20,Mukhiyapatti Musaharmiya,5,Component A,Livestock,Others,,,,,,,,
368,B-3-F-1560,"laxmi Nutrition Mother group , Mukhiyapatti ",2077/078,2077-04-26,20,Mukhiyapatti Musaharmiya,5,Component C,Nutrition,Home Nutrition Garden (Nutrition),,,,,,,,
369,B-3-F-1563,Tulsiyahi bakhra palan Samuha,2077/078,2077-06-23,20,Mukhiyapatti Musaharmiya,3,Component A,Livestock,Promotion Program (Goat),,,,,,,,
370,B-3-F-1572,Maa Bhawani   Nutrition Mother group ,2077/078,2021-06-08,20,Mukhiyapatti Musaharmiya,5,Component C,Nutrition,Home Nutrition Garden (Nutrition),,,,,,,,
371,B-3-F-1573,Maa Durga    Nutrition Mother group ,2077/078,2077-08-28,20,Mukhiyapatti Musaharmiya,3,Component C,Nutrition,Home Nutrition Garden (Nutrition),,,,,,,,
372,B-3-F-1575,Maharani    Nutrition Mother group मुखिया पट्टि -३  ,2077/078,2077-04-14,20,Mukhiyapatti Musaharmiya,3,Component C,Nutrition,Home Nutrition Garden (Nutrition),,,,,,,,
373,B-3-E-1576,Makka Nutrition Group,2077/078,2077-05-20,20,Dhanauji ,1,Component C,Nutrition,Home Nutrition Garden (Nutrition),,,,,,,,
374,B-3-F-1578,Mithila Nutrition Group,2077/078,2077-09-04,20,Mukhiyapatti Musaharmiya,5,Component C,Nutrition,Home Nutrition Garden (Nutrition),,,,,,,,
375,B-3-E-1579,Phuleshwari  Nutrition Group,2077/078,2077-06-21,20,Dhanauji ,3,Component C,Nutrition,Home Nutrition Garden (Nutrition),,,,,,,,
376,B-3-F-1580,Radha Krishna Nutrition Group,2077/078,2017-04-26,20,Mukhiyapatti Musaharmiya,4,Component C,Nutrition,Home Nutrition Garden (Nutrition),,,,,,,,
377,B-3-F-1581,Ramjanaki  Nutrition Group,2077/078,2077-08-12,20,Mukhiyapatti Musaharmiya,6,Component C,Nutrition,Home Nutrition Garden (Nutrition),,,,,,,,
378,B-3-F-1582,Santoshi  Nutrition Group,2077/078,2077-04-23,20,Mukhiyapatti Musaharmiya,4,Component C,Nutrition,Home Nutrition Garden (Nutrition),,,,,,,,
379,B-3-F-1583,Sarswati Nutrition Group,2077/078,2077-04-23,20,Mukhiyapatti Musaharmiya,3,Component C,Nutrition,Home Nutrition Garden (Nutrition),,,,,,,,
380,B-3-F-1584,Jaya Nepal Bakhra Palan Samuha,2077/078,2077-06-21,20,Mukhiyapatti Musaharmiya,4,Component A,Livestock,Promotion Program (Goat),,,,,,,,
381,C-5-K-1585,Chhipung Poshan Samuha,2077/078,2077-06-25,25,Kalinchok,1,Component C,Nutrition,Home Nutrition Garden (Nutrition),,,,,,,,
382,B-3-F-1586,Shuv  Nutrition Group,2077/078,2077-07-22,20,Mukhiyapatti Musaharmiya,4,Component C,Nutrition,Home Nutrition Garden (Nutrition),,,,,,,,
383,B-3-F-1587,Dihtol bakhra palan Samuha,2077/078,2077-05-22,20,Mukhiyapatti Musaharmiya,3,Component A,Livestock,Promotion Program (Goat),,,,,,,,
384,C-5-K-1597,Laibhume Poshan Samuha,2077/078,2077-06-25,25,Kalinchok,1,Component C,Nutrition,Home Nutrition Garden (Nutrition),,,,,,,,
385,C-5-K-1601,Bhumethan Poshan Samuha,2077/078,2077-06-16,25,Kalinchok,2,Component C,Nutrition,Home Nutrition Garden (Nutrition),,,,,,,,
386,C-5-K-1630,Milanchowk Poshan Samuha,2077/078,2077-06-16,25,Kalinchok,2,Component C,Nutrition,Home Nutrition Garden (Nutrition),,,,,,,,
387,C-5-K-1631,Chandrawoti Poshan Samuha,2077/078,2077-06-30,25,Kalinchok,3,Component C,Nutrition,Home Nutrition Garden (Nutrition),,,,,,,,
388,C-5-K-1632,Setidevithan Poshan Samuha,2077/078,2077-06-15,25,Kalinchok,2,Component C,Nutrition,Home Nutrition Garden (Nutrition),,,,,,,,
389,C-5-K-1633,Bhagwati Poshan Samuha,2077/078,2077-06-24,25,Kalinchok,3,Component C,Nutrition,Home Nutrition Garden (Nutrition),,,,,,,,
390,C-5-K-1634,Narmi Poshan Samuha,2077/078,2077-06-26,25,Kalinchok,4,Component C,Nutrition,Home Nutrition Garden (Nutrition),,,,,,,,
391,C-5-K-1636,Barpipal Poshan Samuha,2077/078,2077-06-28,25,Kalinchok,4,Component C,Nutrition,Home Nutrition Garden (Nutrition),,,,,,,,
392,C-5-K-1637,Mahadevshwori Poshan Samuha,2077/078,2077-06-23,25,Kalinchok,4,Component C,Nutrition,Home Nutrition Garden (Nutrition),,,,,,,,
393,C-5-K-1639,Guptadevi Poshan Samuha,2077/078,2077-06-04,25,Kalinchok,4,Component C,Nutrition,Home Nutrition Garden (Nutrition),,,,,,,,
394,C-5-K-1640,Shibdabhume Poshan Samuha,2077/078,2077-06-07,25,Kalinchok,5,Component C,Nutrition,Home Nutrition Garden (Nutrition),,,,,,,,
395,C-5-K-1641,Bandethali Poshan Samuha,2077/078,2077-06-08,25,Kalinchok,5,Component C,Nutrition,Home Nutrition Garden (Nutrition),,,,,,,,
396,C-5-K-1642,Silaphare Poshan Samuha,2077/078,2077-06-07,25,Kalinchok,5,Component C,Nutrition,Home Nutrition Garden (Nutrition),,,,,,,,
397,C-5-K-1644,Debithan Poshan Samuha,2077/078,2077-06-27,25,Kalinchok,6,Component C,Nutrition,Home Nutrition Garden (Nutrition),,,,,,,,
398,C-5-K-1645,Kharudeshey Poshan Samuha,2077/078,2077-06-13,25,Kalinchok,6,Component C,Nutrition,Home Nutrition Garden (Nutrition),,,,,,,,
399,C-6-Q-1646,Bhorle Krishi Utpadak Krishak Samuha,2077/078,2077-06-26,28,Indrawati,2,Component A,Crop,Others,,,,,,,,
400,C-5-K-1647,Kurathali Poshan Samuha,2077/078,2077-06-11,25,Kalinchok,6,Component C,Nutrition,Home Nutrition Garden (Nutrition),,,,,,,,
401,C-6-Q-1648,Daduwakharka Krishi Utpadak Krishak Samuha,2077/078,2077-06-26,28,Indrawati,5,Component A,Crop,Others,,,,,,,,
402,C-6-Q-1649,Devi Krishi Utpadak Krishak Samuha,2077/078,2077-06-22,28,Indrawati,2,Component A,Crop,Others,,,,,,,,
403,C-5-K-1650,Ashal Poshan Samuha,2077/078,2077-06-12,25,Kalinchok,6,Component C,Nutrition,Home Nutrition Garden (Nutrition),,,,,,,,
404,C-6-Q-1651,Golmadevi Krishi Utpadak Krishak Samuha,2077/078,2077-12-08,28,Indrawati,5,Component A,Crop,Others,,,,,,,,
405,C-6-Q-1652,Himalayan Krishi Utpadak Krishak Samuha,2077/078,2077-12-09,28,Indrawati,1,Component A,Crop,Others,,,,,,,,
406,C-6-Q-1653,Hiyuil Gagarn Krishi Utpadak Krishak Samuha,2077/078,2077-12-08,28,Indrawati,5,Component A,Crop,Others,,,,,,,,
407,C-6-Q-1654,Indreniii Krishi Utpadak Krishak Samuha,2077/078,2077-12-12,28,Indrawati,3,Component A,Crop,Others,,,,,,,,
408,C-5-K-1655,Srijansil Poshan Samuha,2077/078,2077-08-27,25,Kalinchok,7,Component C,Nutrition,Home Nutrition Garden (Nutrition),,,,,,,,
409,C-6-Q-1656,Jaleshwor Krishi Utpadak Krishak Samuha,2077/078,2077-08-06,28,Indrawati,4,Component A,Crop,Others,,,,,,,,
410,C-6-Q-1657,Jaudada Krishi Utpadak Krishak Samuha,2077/078,2077-06-22,28,Indrawati,2,Component A,Crop,Others,,,,,,,,
411,C-5-K-1658,Samriddhi Poshan Samuha,2077/078,2077-06-23,25,Kalinchok,7,Component C,Nutrition,Home Nutrition Garden (Nutrition),,,,,,,,
412,C-6-Q-1659,Katheri Krishi Utpadak Krishak Samuha,2077/078,2077-08-07,28,Indrawati,5,Component A,Crop,Others,,,,,,,,
413,C-6-Q-1660,Laligurash Krishi Utpadak Krishak Samuha,2077/078,2077-11-20,28,Indrawati,3,Component A,Crop,Others,,,,,,,,
414,C-6-Q-1661,Lalupateeee Krishi Utpadak Krishak Samuha,2077/078,2077-10-30,28,Indrawati,4,Component A,Crop,Others,,,,,,,,
415,C-5-K-1662,Pragatishill Poshan Samuha,2077/078,2077-06-14,25,Kalinchok,8,Component C,Nutrition,Home Nutrition Garden (Nutrition),,,,,,,,
416,C-5-K-1663,Kaksi Poshan Samuha,2077/078,2077-06-29,25,Kalinchok,9,Component C,Nutrition,Home Nutrition Garden (Nutrition),,,,,,,,
417,C-5-K-1664,Bhimsenthan Poshan Samuha,2077/078,2077-04-29,25,Kalinchok,9,Component C,Nutrition,Home Nutrition Garden (Nutrition),,,,,,,,
418,C-6-Q-1665,Makhamaliii Krishi Utpadak Krishak Samuha,2077/078,2077-07-18,28,Indrawati,5,Component A,Crop,Others,,,,,,,,
419,C-6-Q-1666,Narayanthan Krishi Utpadak Krishak Samuha,2077/078,2077-07-18,28,Indrawati,5,Component A,Crop,Others,,,,,,,,
420,C-6-Q-1667,Nawalpur Bhimsen Krishi Utpadak Krishak Samuha,2077/078,2077-06-11,28,Indrawati,4,Component A,Crop,Others,,,,,,,,
421,C-6-Q-1668,Nayapani Bhumiadhikar Krishi Utpadak Krishak Samuha,2077/078,2077-08-05,28,Indrawati,5,Component A,Crop,Others,,,,,,,,
422,C-6-Q-1669,Panchakanyaaaa Krishi Utpadak Krishak Samuha,2077/078,2077-06-26,28,Indrawati,2,Component A,Crop,Others,,,,,,,,
423,C-6-Q-1670,Pokhreliiiii Krishi Utpadak Krishak Samuha,2077/078,2077-06-12,28,Indrawati,2,Component A,Crop,Others,,,,,,,,
424,C-6-Q-1672,Sayapatriiii Krishi Utpadak Krishak Samuha,2077/078,2077-06-08,28,Indrawati,4,Component A,Crop,Others,,,,,,,,
425,C-6-Q-1673,SetiDeviiii Krishi Utpadak Krishak Samuha,2077/078,2077-12-09,28,Indrawati,1,Component A,Crop,Others,,,,,,,,
426,C-6-Q-1675,Singhamati Krishi Utpadak Krishak Samuha,2077/078,2077-06-13,28,Indrawati,2,Component A,Crop,Others,,,,,,,,
427,C-6-Q-1676,Takure Krishi Utpadak Krishak Samuha,2077/078,2077-06-06,28,Indrawati,4,Component A,Crop,Others,,,,,,,,
428,C-6-Q-1677,Bhimeshworii Krishi Utpadak Krishak Samuha,2077/078,2077-06-15,28,Indrawati,5,Component A,Crop,Others,,,,,,,,
429,C-5-K-1679,Balambu Krishi Utpadak Krishak Samuha,2077/078,2077-11-23,25,Kalinchok,5,Component A,Crop,Others,,,,,,,,
430,C-5-K-1680,Arukhoriya Setidevi Krishi Utpadak Krishak Samuha,2077/078,2077-11-12,25,Kalinchok,3,Component A,Crop,Others,,,,,,,,
431,C-5-K-1681,Bhadaure Krishi Utpadak Krishak Samuha,2077/078,2077-09-04,25,Kalinchok,7,Component A,Crop,Others,,,,,,,,
432,C-5-K-1682,Bhadrawotiii Krishi Utpadak Krishak Samuha,2077/078,2077-11-20,25,Kalinchok,6,Component A,Crop,Others,,,,,,,,
433,C-5-K-1683,Chhakarpu Krishi Utpadak Krishak Samuha,2077/078,2077-06-09,25,Kalinchok,8,Component A,Crop,Others,,,,,,,,
434,C-5-K-1684,Delidhunga Krishi Utpadak Krishak Samuha,2077/078,2077-11-19,25,Kalinchok,6,Component A,Crop,Others,,,,,,,,
435,C-5-K-1685,Dorje Krishi Utpadak Krishak Samuha,2077/078,2077-10-06,25,Kalinchok,9,Component A,Crop,Others,,,,,,,,
436,C-5-K-1686,Begumpa Krishi Utpadak Krishak Samuha,2077/078,2077-11-22,25,Kalinchok,1,Component A,Crop,Others,,,,,,,,
437,C-5-K-1687,Duware Dandi Krishi Utpadak Krishak Samuha,2077/078,2077-11-25,25,Kalinchok,1,Component A,Crop,Others,,,,,,,,
438,C-5-K-1688,Fulbariii Krishi Utpadak Krishak Samuha,2077/078,2077-11-18,25,Kalinchok,3,Component A,Crop,Others,,,,,,,,
439,C-5-K-1689,Godawari Krishi Utpadak Krishak Samuha,2077/078,2077-11-17,25,Kalinchok,4,Component A,Crop,Others,,,,,,,,
440,C-5-K-1690,Indrakamal Krishi Utpadak Krishak Samuha,2077/078,2077-11-19,25,Kalinchok,9,Component A,Crop,Others,,,,,,,,
441,C-5-K-1691,Jagriti Krishi Utpadak Krishak Samuha,2077/078,2077-11-10,25,Kalinchok,5,Component A,Crop,Others,,,,,,,,
442,C-5-K-1692,Jaldevi Krishi Utpadak Krishak Samuha,2077/078,2077-06-30,25,Kalinchok,3,Component A,Crop,Others,,,,,,,,
443,C-5-K-1693,Jogidhunga Krishi Utpadak Krishak Samuha,2077/078,2077-06-08,25,Kalinchok,2,Component A,Crop,Others,,,,,,,,
444,C-5-P-1694,Hile Krishi Utpadak Krishak Samuha,2077/078,2077-06-29,25,Tamakoshi,1,Component A,Crop,Others,,,,,,,,
445,C-6-R-1695,Sildhunga Krishi Utpadak Krishak Samuha,2077/078,2077-06-29,28,Lisankhu Pakhar,5,Component A,Crop,Others,,,,,,,,
446,C-5-K-1697,Kaparkot Poshan Samuha,2077/078,2077-08-30,25,Kalinchok,9,Component C,Nutrition,Home Nutrition Garden (Nutrition),,,,,,,,
447,C-5-K-1698,Shivapark Poshan Samuha,2077/078,2077-08-04,25,Kalinchok,8,Component C,Nutrition,Home Nutrition Garden (Nutrition),,,,,,,,
448,C-5-K-1699,Sakriya Poshan Samuha,2077/078,2077-06-15,25,Kalinchok,8,Component C,Nutrition,Home Nutrition Garden (Nutrition),,,,,,,,
449,C-5-K-1700,Suyog Poshan Samuha,2077/078,2077-06-09,25,Kalinchok,8,Component C,Nutrition,Home Nutrition Garden (Nutrition),,,,,,,,
450,C-5-K-1701,Pipaldada Poshan Samuha,2077/078,2021-06-08,25,Kalinchok,3,Component C,Nutrition,Home Nutrition Garden (Nutrition),,,,,,,,
451,C-5-K-1702,Shibamandir Poshan Samuha,2077/078,2077-08-26,25,Kalinchok,7,Component C,Nutrition,Home Nutrition Garden (Nutrition),,,,,,,,
452,C-5-K-1703,Kyampol Poshan Samuha,2077/078,2077-06-26,25,Kalinchok,1,Component C,Nutrition,Home Nutrition Garden (Nutrition),,,,,,,,
453,C-5-K-1704,Godawari Poshan Samuha,2077/078,2077-06-26,25,Kalinchok,1,Component C,Nutrition,Home Nutrition Garden (Nutrition),,,,,,,,
454,C-5-K-1705,Chaldathali Poshan Samuha,2077/078,2077-06-14,25,Kalinchok,2,Component C,Nutrition,Home Nutrition Garden (Nutrition),,,,,,,,
455,B-3-F-1716,Daphe Munal dudh utpatan Samuh ,2077/078,2078-01-14,20,Mukhiyapatti Musaharmiya,3,Component A,Livestock,Promotion Program (Dairy),,,,,,,,
456,B-3-F-1717,Gau Mata dudh utpatan Samuh ,2077/078,2078-01-29,20,Mukhiyapatti Musaharmiya,3,Component A,Livestock,Others,,,,,,,,
457,B-3-F-1718,Gokul dudh utpatan Samuh ,2077/078,2077-05-27,20,Mukhiyapatti Musaharmiya,4,Component A,Livestock,Promotion Program (Dairy),,,,,,,,
458,B-3-F-1719,Radha Krishna dudh utpatan Samuha ,2077/078,2077-05-16,20,Mukhiyapatti Musaharmiya,5,Component A,Livestock,Promotion Program (Dairy),,,,,,,,
459,B-3-F-1720,Krishnaa dudh utpatan Samuha ,2077/078,2077-05-14,20,Mukhiyapatti Musaharmiya,6,Component A,Livestock,Promotion Program (Dairy),,,,,,,,
460,B-3-F-1721,Nuri Kukhura Palan Samuha,2077/078,2077-10-05,20,Mukhiyapatti Musaharmiya,3,Component A,Livestock,Promotion Program (Poultry),,,,,,,,
461,B-3-F-1722,Islam Kukhura Palan Samuha,2077/078,2077-05-16,20,Mukhiyapatti Musaharmiya,3,Component A,Livestock,Promotion Program (Poultry),,,,,,,,
462,B-3-F-1723,Ramjan Kukhura Palan Samuha,2077/078,2077-05-17,20,Mukhiyapatti Musaharmiya,3,Component A,Livestock,Promotion Program (Poultry),,,,,,,,
463,B-3-E-1724,Anherbat Baba Dudh Utapadan Samuh,2077/078,2077-05-20,20,Dhanauji ,3,Component A,Livestock,Promotion Program (Dairy),,,,,,,,
464,B-3-E-1725, Bahuarwa Dudh Utapadan Samuh,2077/078,2078-01-10,20,Dhanauji ,5,Component A,Livestock,Promotion Program (Dairy),,,,,,,,
465,B-3-E-1726,Janaki Dudh Utapadan Samuh,2077/078,2077-06-14,20,Dhanauji ,3,Component A,Livestock,Promotion Program (Dairy),,,,,,,,
466,B-3-E-1727,Krishna Dudh Utpadan Samuh,2077/078,2077-04-26,20,Dhanauji ,5,Component A,Livestock,Promotion Program (Dairy),,,,,,,,
467,B-3-E-1728,Mahabir Baba Dudh Utpadan Samuh,2077/078,2077-06-15,20,Dhanauji ,1,Component A,Livestock,Promotion Program (Dairy),,,,,,,,
468,B-3-E-1729,Radha Dudh Utpadan Samuh,2077/078,2077-06-12,20,Dhanauji ,4,Component A,Livestock,Others,,,,,,,,
469,B-3-E-1731,Bhairab bakhra palan samuh ,2077/078,2077-07-24,20,Dhanauji ,4,Component A,Livestock,Promotion Program (Goat),,,,,,,,
470,B-3-E-1732,Bhagawati bakhra palan samuh ,2077/078,2077-07-24,20,Dhanauji ,4,Component A,Livestock,Others,,,,,,,,
471,B-3-E-1733,Dhanalaxmi bakhra palan samuh ,2077/078,2077-09-17,20,Dhanauji ,2,Component A,Livestock,Promotion Program (Goat),,,,,,,,
472,B-3-E-1735,Dinbhadari bakhra palan samuha,2077/078,2077-05-17,20,Dhanauji ,4,Component A,Livestock,Promotion Program (Goat),,,,,,,,
473,B-3-E-1736,Jay durga mata bakhara palan krishak samuh,2077/078,2078-01-25,20,Dhanauji ,5,Component A,Livestock,Promotion Program (Goat),,,,,,,,
474,B-3-E-1737,Laxmi bakhara palan krishak samuh,2077/078,2077-07-17,20,Dhanauji ,5,Component A,Livestock,Promotion Program (Goat),,,,,,,,
475,B-3-E-1738,Maa Kali bakhara palan krishak samuha,2077/078,2077-08-16,20,Dhanauji ,3,Component A,Livestock,Promotion Program (Goat),,,,,,,,
476,B-3-E-1739,Mahadev bakhara palan samuha,2077/078,2077-12-12,20,Dhanauji ,3,Component A,Livestock,Promotion Program (Goat),,,,,,,,
477,B-3-E-1740,Maharani bakhara palan samuha,2077/078,2077-06-17,20,Dhanauji ,4,Component A,Livestock,Promotion Program (Goat),,,,,,,,
478,B-3-E-1741,Nava Durga bakhara palan samuha,2077/078,2077-12-04,20,Dhanauji ,2,Component A,Livestock,Others,,,,,,,,
479,B-3-E-1742,Pragati bakhara palan samuha,2077/078,2077-12-12,20,Dhanauji ,3,Component A,Livestock,Promotion Program (Goat),,,,,,,,
480,B-3-E-1743,RadhaKrishna bakhara palan samuha,2077/078,2077-04-12,20,Dhanauji ,2,Component A,Livestock,Others,,,,,,,,
481,B-3-E-1744,Sahayogi bakhara palan samuha,2077/078,2077-10-12,20,Dhanauji ,3,Component A,Livestock,Promotion Program (Goat),,,,,,,,
482,B-3-E-1745,Saraswati bakhara palan samuha,2077/078,2077-06-08,20,Dhanauji ,1,Component A,Livestock,Promotion Program (Goat),,,,,,,,
483,B-3-E-1746,SitaRam bakhara palan samuha,2077/078,2078-01-02,20,Dhanauji ,5,Component A,Livestock,Promotion Program (Goat),,,,,,,,
484,B-3-E-1747,Jamia Masjid Kukhura palan samuha,2077/078,2077-06-21,20,Dhanauji ,3,Component A,Livestock,Promotion Program (Poultry),,,,,,,,
485,B-3-E-1748,Muslim Kukhura palan samuha,2077/078,2077-06-11,20,Dhanauji ,2,Component A,Livestock,Promotion Program (Poultry),,,,,,,,
486,B-3-E-1749,Gurans Kukhura palan samuha,2077/078,2077-06-15,20,Dhanauji ,5,Component A,Livestock,Promotion Program (Poultry),,,,,,,,
487,D-8-X-1751,Bhandari Gaun Krishak Samuha,2077/078,2077-09-12,45,Barpak Sulikot,4,Component A,Crop,Seed Producers,,,,,,,,
488,D-8-X-1752,Hariyali Krishak Samuha (B),2077/078,2077-06-01,45,Barpak Sulikot,7,Component A,Crop,Others,,,,,,,,
489,D-8-X-1753,Indreni Krishak Samuha,2077/078,2077-06-11,45,Barpak Sulikot,3,Component A,Crop,FFS (Crop),,,,,,,,
490,D-8-X-1754,Janajagriti Krishak Samuha,2077/078,2077-09-12,45,Barpak Sulikot,3,Component A,Crop,Others,,,,,,,,
491,D-8-X-1755,Kafaldada Krishak Samuha,2077/078,2077-06-18,45,Barpak Sulikot,3,Component A,Crop,Others,,,,,,,,
492,D-8-X-1756,Kulgau Sakriya Krishak Samuha,2077/078,2077-06-18,45,Barpak Sulikot,4,Component A,Crop,Others,,,,,,,,
493,D-8-X-1757,Laliguras Krishak Samuha,2077/078,2077-06-18,45,Barpak Sulikot,4,Component A,Crop,Others,,,,,,,,
494,D-8-X-1758,Majhtar Krishak Samuha,2077/078,2077-06-18,45,Barpak Sulikot,3,Component A,Crop,Others,,,,,,,,
495,D-8-X-1759,Milan Krishak Samuha,2078/079,2077-09-13,45,Barpak Sulikot,4,Component A,Crop,Others,,,,,,,,
496,D-8-X-1760,Nava Durga Krishak Samuha,2077/078,2077-06-18,45,Barpak Sulikot,3,Component A,Crop,Others,,,,,,,,
497,D-8-X-1761,Naya Tole Krishak Samuha,2077/078,2077-06-12,45,Barpak Sulikot,3,Component A,Crop,Others,,,,,,,,
498,D-8-X-1762,Paropkar Krishak Samuha,2077/078,2077-05-20,45,Barpak Sulikot,5,Component A,Crop,Others,,,,,,,,
499,D-8-X-1763,Pragatishil Krishak Samuha,2077/078,2077-05-20,45,Barpak Sulikot,5,Component A,Crop,Others,,,,,,,,
500,D-8-X-1766,Sabal Krishak Samuha ,2077/078,2077-09-13,45,Barpak Sulikot,5,Component A,Crop,Others,,,,,,,,
501,D-8-X-1767,Laligurans Krishak Samuha,2077/078,2077-06-14,45,Barpak Sulikot,6,Component A,Crop,Others,,,,,,,,
502,D-8-X-1769,Sayapatri Krishak Samuha,2077/078,2077-06-14,45,Barpak Sulikot,3,Component A,Crop,Others,,,,,,,,
503,D-8-X-1770,Siran Lakuri Bot Krishak Samuha,2077/078,2077-05-20,45,Barpak Sulikot,5,Component A,Crop,Others,,,,,,,,
504,D-8-X-1771,Siranthar Tinkanya Krishak Samuha,2077/078,2077-06-18,45,Barpak Sulikot,3,Component A,Crop,Others,,,,,,,,
505,D-8-X-1772,Tindhara Krishak Samuha,2077/078,2077-09-13,45,Barpak Sulikot,3,Component A,Crop,Others,,,,,,,,
506,D-8-X-1773,Bahakot Krishak Samuha,2077/078,2077-08-26,45,Barpak Sulikot,6,Component A,Crop,Others,,,,,,,,
507,D-8-X-1774,Banchowk Krishak Samuha,2077/078,2077-08-18,45,Barpak Sulikot,4,Component A,Crop,Others,,,,,,,,
508,D-8-X-1775,Bhaluswara Krishak Samuha,2077/078,2077-06-14,45,Barpak Sulikot,6,Component A,Crop,FFS (Crop),,,,,,,,
509,D-8-X-1778,Chiptol Bhanjyang Krishak Samuha,2077/078,2077-08-22,45,Barpak Sulikot,6,Component A,Crop,Others,,,,,,,,
510,D-8-X-1779,Deurali Mohariya Krishak Samuha,2077/078,2077-06-14,45,Barpak Sulikot,6,Component A,Crop,Others,,,,,,,,
511,D-8-X-1780,Dharmawati Krishak Samuha,2077/078,2077-06-14,45,Barpak Sulikot,6,Component A,Crop,Others,,,,,,,,
512,D-8-X-1781,Dip Jyoti Krishak Samuha,2077/078,2077-05-22,45,Barpak Sulikot,5,Component A,Crop,Others,,,,,,,,
513,D-8-X-1782,Himchuli Krishak Samuha,2077/078,2077-05-17,45,Barpak Sulikot,7,Component A,Crop,Others,,,,,,,,
514,D-8-X-1783,Jaldevi Saurpani Krishak Samuha,2077/078,2077-08-18,45,Barpak Sulikot,3,Component A,Crop,FFS (Crop),,,,,,,,
515,D-8-X-1784,Kalika Krishak Samuha,2077/078,2077-08-22,45,Barpak Sulikot,8,Component A,Crop,FFS (Crop),,,,,,,,
516,D-8-X-1785,Lama Gaun Krishak Samuha,2077/078,2077-08-22,45,Barpak Sulikot,6,Component A,Crop,Others,,,,,,,,
517,D-8-X-1786,Maikot Krishak Samuha,2077/078,2077-08-22,45,Barpak Sulikot,6,Component A,Crop,Others,,,,,,,,
518,D-8-X-1787,Milijuli Kumaltari Krishak Samuha,2077/078,2077-08-22,45,Barpak Sulikot,5,Component A,Crop,Seed Producers,,,,,,,,
519,D-8-X-1789,Sunaulo Krishak Samuha,2077/078,2077-05-17,45,Barpak Sulikot,7,Component A,Crop,FFS (Crop),,,,,,,,
520,D-8-X-1790,Suryadaya Krishak Samuha,2077/078,2077-05-17,45,Barpak Sulikot,8,Component A,Crop,Others,,,,,,,,
521,D-8-W-1791,Aagri Dada Krishak Samuha,2077/078,2077-09-12,45,Gandaki,6,Component A,Crop,Others,,,,,,,,
522,D-8-W-1792,Aayurved Krishak Samuha,2077/078,2077-05-25,45,Gandaki,8,Component A,Crop,Others,,,,,,,,
523,D-8-W-1793,Annapurna Krishak Samuha,2077/078,2077-05-30,45,Gandaki,2,Component A,Crop,Others,,,,,,,,
524,D-8-W-1794,Bhimsen Krishak Samuha,2077/078,2077-06-18,45,Gandaki,4,Component A,Crop,Others,,,,,,,,
525,D-8-W-1795,Buttar Krishak Samuha,2077/078,2077-06-10,45,Gandaki,1,Component A,Crop,FFS (Crop),,,,,,,,
526,D-8-W-1796,Chitradevi Krishak Samuha,2077/078,2077-05-20,45,Gandaki,8,Component A,Crop,Others,,,,,,,,
527,D-8-W-1797,Chumlingtar Krishak Samuha,2077/078,2077-06-17,45,Gandaki,7,Component A,Crop,Others,,,,,,,,
528,D-8-W-1798,Dadabari Krishak Samuha,2077/078,2077-08-22,45,Gandaki,2,Component A,Crop,Others,,,,,,,,
529,D-8-W-1800,Dalbhanjyang Krishak Samuha,2077/078,2077-06-13,45,Gandaki,2,Component A,Crop,Others,,,,,,,,
530,D-8-W-1801,Devi Krishak Samuha,2077/078,2077-06-18,45,Gandaki,4,Component A,Crop,Others,,,,,,,,
531,D-8-W-1802,Jal Kanya Devi Kaudigaun Krishak Samuha,2077/078,2077-06-06,45,Gandaki,4,Component A,Crop,Others,,,,,,,,
532,D-8-W-1804,Jalkanya Devi Sadikhola Krishak Samuha,2077/078,2077-05-30,45,Gandaki,2,Component A,Crop,Others,,,,,,,,
533,D-8-W-1805,Laliguras Mahila Krishak Samuha,2077/078,2077-05-23,45,Gandaki,7,Component A,Crop,Others,,,,,,,,
534,D-8-W-1806,Matribhumi Krishak Samuha,2077/078,2077-05-01,45,Gandaki,8,Component A,Crop,Others,,,,,,,,
535,D-8-W-1808,Milansar Bantar Krishak Samuha,2077/078,2077-09-10,45,Gandaki,6,Component A,Crop,Others,,,,,,,,
536,D-8-W-1809,Mitrata Krishak Samuha,2077/078,2077-06-18,45,Gandaki,3,Component A,Crop,Others,,,,,,,,
537,D-8-W-1810,Pataldevi Krishak Samuha,2077/078,2077-05-21,45,Gandaki,8,Component A,Crop,Others,,,,,,,,
538,D-8-W-1812,Patiswara Krishak Samuha,2077/078,2077-06-01,45,Gandaki,2,Component A,Crop,Others,,,,,,,,
539,D-8-W-1813,Pragatishil Chanamati Krishak Samuha,2077/078,2077-06-09,45,Gandaki,3,Component A,Crop,Others,,,,,,,,
540,D-8-W-1814,Pragatishil Kaudigaun Krishak Samuha,2077/078,2077-06-06,45,Gandaki,4,Component A,Crop,Others,,,,,,,,
541,D-8-W-1816,Radha Krishna Krishak Samuha,2077/078,2077-06-10,45,Gandaki,3,Component A,Crop,Others,,,,,,,,
542,D-8-W-1818,Sagarmatha Krishak Samuha,2077/078,2077-06-10,45,Gandaki,2,Component A,Crop,Others,,,,,,,,
543,D-8-W-1819,Shivalaya Krishak Samuha,2077/078,2077-07-18,45,Gandaki,3,Component A,Crop,FFS (Crop),,,,,,,,
544,D-8-W-1820,Uddhamsil Tarakari Utpadan Krishak Samuha,2077/078,2077-05-12,45,Gandaki,3,Component A,Crop,FFS (Crop),,,,,,,,
545,D-7-S-1821,Akaladevi Krishak Samuha,2077/078,2077-10-17,31, ,Benighat Rorang,4,Component A,Crop,,,,,,,,0
546,D-7-S-1822,Bhairabi Bali Utpadan Krishak Samuha,2077/078,2077-05-31,31, ,Benighat Rorang,5,Component A,Crop,,,,,,,,0
547,D-7-S-1823,Bidang Krishak Samuha,2077/078,2078-01-03,31, ,Benighat Rorang,8,Component A,Crop,,,,,,,,0
548,D-7-S-1824,Bomrang Krishak Samuha,2077/078,2077-11-17,31, ,Benighat Rorang,6,Component A,Crop,,,,,,,,0
549,D-7-S-1825,Chilaune Pani Krishak Samuha,2077/078,2077-11-17,31, ,Benighat Rorang,10,Component A,Crop,,,,,,,,0
550,D-7-S-1826,Chitrakalika Krishak Samuha,2077/078,2078-01-03,31, ,Benighat Rorang,8,Component A,Crop,,,,,,,,0
551,D-7-S-1827,Dunku Dada Krishak Samuha,2077/078,2077-11-16,31, ,Benighat Rorang,10,Component A,Crop,,,,,,,,0
552,D-7-S-1828,Koshrang Krishak Samuha,2077/078,2077-12-21,31, ,Benighat Rorang,10,Component A,Crop,,,,,,,,1
553,D-7-S-1829,Hatuwaldada Krishak Samuha,2077/078,2077-10-11,31, ,Benighat Rorang,4,Component A,Crop,,,,,,,,0
554,D-7-S-1830,Jalkanya Krishak Samuha,2077/078,2077-11-15,31, ,Benighat Rorang,10,Component A,Crop,,,,,,,,0
555,D-7-S-1831,Kuwapani Krishak Samuha,2077/078,2077-12-21,31, ,Benighat Rorang,10,Component A,Crop,,,,,,,,0
556,D-7-S-1832,Laliguras Jogidada Krishak Samuha,2077/078,2077-11-15,31, ,Benighat Rorang,2,Component A,Crop,,,,,,,,0
557,D-7-S-1833,Laliguras Tagthali Krishak Samuha,2077/078,2077-11-15,31, ,Benighat Rorang,10,Component A,Crop,,,,,,,,0
558,D-7-S-1834,Machadevi Krishak Samuha,2077/078,2077-11-16,31, ,Benighat Rorang,10,Component A,Crop,,,,,,,,0
559,D-7-S-1835,Makhamali Krishak Samuha,2077/078,2078-01-03,31, ,Benighat Rorang,8,Component A,Crop,,,,,,,,0
560,D-7-S-1836,Manakamana Krishak Samuha,2077/078,2078-01-03,31, ,Benighat Rorang,8,Component A,Crop,,,,,,,,0
561,D-7-S-1837,Mangrang Krishak Samuha,2077/078,2077-12-21,31, ,Benighat Rorang,10,Component A,Crop,,,,,,,,0
562,D-7-S-1838,Mathillo Orbang Tinkanya Krishak Samuha,2077/078,2077-12-28,31, ,Benighat Rorang,3,Component A,Crop,,,,,,,,0
563,D-7-S-1839,Padamchaur Krishak Samuha,2077/078,2077-11-17,31, ,Benighat Rorang,10,Component A,Crop,,,,,,,,0
564,D-7-S-1840,Paribartanshil Krishak Samuha,2077/078,2077-12-21,31, ,Benighat Rorang,10,Component A,Crop,,,,,,,,0
565,D-7-S-1841,Pragatishil Krishak Samuha (B),2077/078,2077-11-15,31, ,Benighat Rorang,2,Component A,Crop,,,,,,,,0
566,D-7-S-1842,Saayung Krishak Samuha,2077/078,2078-01-03,31, ,Benighat Rorang,8,Component A,Crop,,,,,,,,0
567,D-7-S-1843,Sayapatri Krishak Samuha (B),2077/078,2077-11-06,31, ,Benighat Rorang,6,Component A,Crop,,,,,,,,0
568,D-7-S-1844,Shakti Kalika Krishak Samuha,2077/078,2077-11-16,31, ,Benighat Rorang,6,Component A,Crop,,,,,,,,0
569,D-7-S-1845,Shivalaya Krishak Samuha (B),2077/078,2077-11-05,31, ,Benighat Rorang,9,Component A,Crop,,,,,,,,0
570,D-7-S-1846,Shree Dada Krishak Samuha,2077/078,2077-11-15,31, ,Benighat Rorang,10,Component A,Crop,,,,,,,,0
571,D-7-S-1847,Shree Mahakali Krishak Samuha,2077/078,2077-10-26,31, ,Benighat Rorang,10,Component A,Crop,,,,,,,,0
572,D-7-S-1848,Solighopte Maharudra Krishak Samuha,2077/078,2077-11-09,31, ,Benighat Rorang,6,Component A,Crop,,,,,,,,0
573,D-7-S-1849,Tothor Krishak Samuha,2077/078,2077-12-21,31, ,Benighat Rorang,10,Component A,Crop,,,,,,,,0
574,D-7-S-1850,Bhumisthan Krishak Samuha,2077/078,2077-06-02,31, ,Benighat Rorang,5,Component A,Crop,,,,,,,,0
575,D-7-S-1851,Chandi Deurali Krishak Samuha,2077/078,2077-06-07,31, ,Benighat Rorang,10,Component A,Crop,,,,,,,,0
576,D-7-S-1852,Devithan Krishak Samuha,2077/078,2077-06-01,31, ,Benighat Rorang,5,Component A,Crop,,,,,,,,0
577,D-7-S-1853,Fajimtar Krishak Samuha,2077/078,2077-06-14,31, ,Benighat Rorang,9,Component A,Crop,,,,,,,,0
578,D-7-S-1854,Hariyali Mahila Krishak Samuha,2077/078,2077-05-30,31, ,Benighat Rorang,5,Component A,Crop,,,,,,,,0
579,D-7-S-1855,Jaldevi Bali Utpadan Krishak Samuha,2077/078,2077-05-31,31, ,Benighat Rorang,5,Component A,Crop,,,,,,,,0
580,D-7-S-1856,Janagau Battar Krishak Samuha,2077/078,2077-09-08,31, ,Benighat Rorang,5,Component A,Crop,,,,,,,,0
581,D-7-S-1857,Jayapuri Krishak Samuha,2077/078,2077-09-14,31, ,Benighat Rorang,10,Component A,Crop,,,,,,,,0
582,D-7-S-1858,Kalika Krishak Samuha (B),2077/078,2077-06-05,31, ,Benighat Rorang,7,Component A,Crop,,,,,,,,0
583,D-7-S-1859,Khatauti Fajimtar Krishak Samuha,2077/078,2077-06-14,31, ,Benighat Rorang,9,Component A,Crop,,,,,,,,0
584,D-7-S-1860,Mahakali Krishak Samuha,2077/078,2077-06-07,31, ,Benighat Rorang,10,Component A,Crop,,,,,,,,0
585,D-7-S-1861,Milijuli Krishak Samuha,2077/078,2077-06-05,31, ,Benighat Rorang,7,Component A,Crop,,,,,,,,0
586,D-7-S-1862,Panchaling Krishak Samuha,2077/078,2077-06-17,31, ,Benighat Rorang,9,Component A,Crop,,,,,,,,0
587,D-7-S-1863,Sambas Krishak Samuha,2077/078,2077-06-17,31, ,Benighat Rorang,6,Component A,Crop,,,,,,,,0
588,D-7-S-1864,Shiva Shakti Krishak Samuha,2077/078,2077-06-17,31, ,Benighat Rorang,6,Component A,Crop,,,,,,,,0
589,D-7-S-1865,Tara Devi Krishak Samuha,2077/078,2077-06-08,31, ,Benighat Rorang,10,Component A,Crop,,,,,,,,0
590,D-7-S-1866,Jaldevi Krishak Samuha,2077/078,2077-06-22,31, ,Benighat Rorang,7,Component A,Crop,,,,,,,,0
591,D-7-S-1867,Hariyali Dhusatar Krishak Samuha,2077/078,2077-06-22,31, ,Benighat Rorang,7,Component A,Crop,,,,,,,,0
592,D-7-T-1868,Baguti Krishak Samuha,2077/078,2077-09-13,31,Gajuri,6,Component A,Crop,Others,,,,,,,,
593,D-7-T-1869,Bhanjyang Krishak Samuha,2077/078,2077-06-11,31,Gajuri,8,Component A,Crop,Others,,,,,,,,
594,D-7-T-1870,Kafalthumka Krishak samuha,2077/078,2077-09-12,31,Gajuri,4,Component A,Crop,Others,,,,,,,,
595,D-7-T-1871,Laliguras Lamse Krishak Samuha,2077/078,2077-09-12,31,Gajuri,4,Component A,Crop,Others,,,,,,,,
596,D-7-T-1872,Newarbas Krishak Samuha,2077/078,2077-09-13,31,Gajuri,4,Component A,Crop,Others,,,,,,,,
597,D-7-T-1873,Paribartanshil Krishak Samuha (B),2077/078,2077-06-08,31,Gajuri,8,Component A,Crop,Others,,,,,,,,
598,D-7-T-1874,Seti Devi Krishak Samuha,2077/078,2077-06-10,31,Gajuri,8,Component A,Crop,Others,,,,,,,,
599,D-7-T-1875,Sundar Gau Krishak Samuha,2077/078,2077-10-06,31,Gajuri,1,Component A,Crop,Others,,,,,,,,
600,D-7-T-1877,Aapdada Krishak Samuha,2077/078,2077-06-08,31,Gajuri,5,Component A,Crop,Others,,,,,,,,
601,D-7-T-1878,Bagaincha Krishak Samuha,2077/078,2077-08-30,31,Gajuri,7,Component A,Crop,Others,,,,,,,,
602,D-7-T-1879,Bageshwori Krishak Samuha,2077/078,2077-06-01,31,Gajuri,5,Component A,Crop,FFS (Crop),,,,,,,,
603,D-7-T-1880,Balkumari Krishak Samuha,2077/078,2077-06-01,31,Gajuri,5,Component A,Crop,Others,,,,,,,,
604,D-7-T-1881,Bhimsenthan Krishak Samuha,2077/078,2077-06-16,31,Gajuri,3,Component A,Crop,Others,,,,,,,,
605,D-7-T-1882,Bhumithan Krishak Samuha,2077/078,2077-06-21,31,Gajuri,3,Component A,Crop,Others,,,,,,,,
606,D-7-T-1883,Chiurikharka Krishak Samuha (Mathillo),2077/078,2077-06-15,31,Gajuri,4,Component A,Crop,Others,,,,,,,,
607,D-7-T-1884,Chiurikharka Krishak Samuha (Tallo),2077/078,2077-06-17,31,Gajuri,4,Component A,Crop,Others,,,,,,,,
608,D-7-T-1885,Devi Krishiban Krishak Samuha,2077/078,2077-09-07,31,Gajuri,6,Component A,Crop,Others,,,,,,,,
609,D-7-T-1886,Devisthan Krishak Samuha,2077/078,2077-06-09,31,Gajuri,8,Component A,Crop,Others,,,,,,,,
610,D-7-T-1889,Galaudi Khola IPM Krishak Samuha,2077/078,2077-06-04,31,Gajuri,5,Component A,Crop,FFS (Crop),,,,,,,,
611,D-7-T-1890,Jagaran Krishak Samuha,2077/078,2077-06-26,31,Gajuri,7,Component A,Crop,Others,,,,,,,,
612,D-7-T-1891,Jare Bagaicha Krishak Samuha,2077/078,2077-06-19,31,Gajuri,6,Component A,Crop,Others,,,,,,,,
613,D-7-T-1892,Kankalini Mahila Krishak Samuha,2077/078,2077-04-06,31,Gajuri,1,Component A,Crop,FFS (Crop),,,,,,,,
614,D-7-T-1893,Keurani Krishak Samuha,2077/078,2077-09-09,31,Gajuri,1,Component A,Crop,Others,,,,,,,,
615,D-7-T-1894,Koldada Krishak Samuha,2077/078,2077-06-10,31,Gajuri,2,Component A,Crop,Others,,,,,,,,
616,D-7-T-1895,Lamachira Krishak Samuha,2077/078,2077-06-05,31,Gajuri,8,Component A,Crop,Others,,,,,,,,
617,D-7-T-1896,Namuna Krishak Samuha,2077/078,2077-06-10,31,Gajuri,5,Component A,Crop,Others,,,,,,,,
618,D-7-T-1897,Pancha Kanya Krishak Samuha,2077/078,2077-06-04,31,Gajuri,5,Component A,Crop,FFS (Crop),,,,,,,,
619,D-7-T-1898,Pragatishil Krishak Samuha ©,2077/078,2077-09-07,31,Gajuri,3,Component A,Crop,Others,,,,,,,,
620,D-7-T-1899,Rai Gau Krishak Samuha,2077/078,2077-06-01,31,Gajuri,5,Component A,Crop,FFS (Crop),,,,,,,,
621,D-7-T-1900,Rakshing Krishak Samuha,2077/078,2077-06-14,31,Gajuri,3,Component A,Crop,Seed Producers,,,,,,,,
622,D-7-T-1901,Ratmate Krishak Samuha,2077/078,2077-06-12,31,Gajuri,2,Component A,Crop,Others,,,,,,,,
623,D-7-T-1902,Risheshor Krishak Samuha,2077/078,2077-04-06,31,Gajuri,1,Component A,Crop,FFS (Crop),,,,,,,,
624,D-7-T-1903,Sapta Krishi taha pasupalna Krishak Samuha,2077/078,2077-05-27,31,Gajuri,7,Component A,Crop,Others,,,,,,,,
625,D-7-T-1904,Satkanya Krishak Samuha,2077/078,2077-06-20,31,Gajuri,3,Component A,Crop,Others,,,,,,,,
626,D-7-T-1905,Simpani Krishak Samuha,2077/078,2077-06-19,31,Gajuri,6,Component A,Crop,Others,,,,,,,,
627,D-7-T-1906,Tallo Tole Krishak Samuha,2077/078,2077-06-01,31,Gajuri,5,Component A,Crop,Others,,,,,,,,
628,D-7-T-1907,Tarbote Krishak Samuha,2077/078,2077-06-14,31,Gajuri,4,Component A,Crop,Others,,,,,,,,
629,D-7-T-1908,Ujjyalo Krishak Samuha,2077/078,2077-06-08,31,Gajuri,2,Component A,Crop,Others,,,,,,,,
630,D-7-T-1909,Shiva Shakti Krishak Samuha (B),2077/078,2078-06-11,31,Gajuri,2,Component A,Crop,Others,,,,,,,,
631,D-7-T-1910,Milantar Krishak Samuha,2077/078,2078-06-11,31,Gajuri,6,Component A,Crop,Others,,,,,,,,
632,C-5-K-1916,Kyampol Krishi Utpadak Krishak Samuha,2077/078,2077-11-23,25,Kalinchok,1,Component A,Crop,Others,,,,,,,,
633,C-5-K-1917,Laliguransssss Krishi Utpadak Krishak Samuha,2077/078,2077-10-21,25,Kalinchok,2,Component A,Crop,Others,,,,,,,,
634,C-5-K-1918,Laliguransh Chaughara Krishi Utpadak Krishak Samuha,2077/078,2077-06-24,25,Kalinchok,8,Component A,Crop,Others,,,,,,,,
635,C-5-K-1919,Lingethali Krishi Utpadak Krishak Samuha,2077/078,2077-11-10,25,Kalinchok,2,Component A,Crop,Others,,,,,,,,
636,C-5-K-1920,Makhamalli Krishi Utpadak Krishak Samuha,2077/078,2077-06-23,25,Kalinchok,4,Component A,Crop,Others,,,,,,,,
637,C-5-K-1921,Naba Krishi Utpadak Krishak Samuha,2077/078,2077-06-14,25,Kalinchok,8,Component A,Crop,Others,,,,,,,,
638,C-5-K-1922,Naagthaan Krishi Utpadak Krishak Samuha,2077/078,2077-10-23,25,Kalinchok,3,Component A,Crop,Others,,,,,,,,
639,C-5-K-1923,Namuna Sworojgar Krishi Utpadak Krishak Samuha,2077/078,2077-06-28,25,Kalinchok,2,Component A,Crop,Others,,,,,,,,
640,C-5-K-1924,Nikoken Krishi Utpadak Krishak Samuha,2077/078,2077-06-26,25,Kalinchok,6,Component A,Crop,Others,,,,,,,,
641,C-5-K-1925,Paribartansiiil Krishi Utpadak Krishak Samuha,2077/078,2077-10-27,25,Kalinchok,5,Component A,Crop,Others,,,,,,,,
642,C-5-K-1926,Phedi Krishi Utpadak Krishak Samuha,2077/078,2077-09-01,25,Kalinchok,9,Component A,Crop,Others,,,,,,,,
643,C-5-K-1927,Pipalbot Krishi Utpadak Krishak Samuha,2077/078,2077-06-14,25,Kalinchok,8,Component A,Crop,Others,,,,,,,,
644,C-5-K-1928,Pokhare Eakata Krishi Utpadak Krishak Samuha,2077/078,2077-09-06,25,Kalinchok,3,Component A,Crop,Others,,,,,,,,
645,C-5-K-1929,Purba Bihani Krishi Utpadak Krishak Samuha,2077/078,2077-09-09,25,Kalinchok,9,Component A,Crop,Others,,,,,,,,
646,C-5-K-1930,Sakriyaaa Krishi Utpadak Krishak Samuha,2077/078,2077-06-09,25,Kalinchok,5,Component A,Crop,Others,,,,,,,,
647,C-5-K-1931,Sammunnat Krishi Utpadak Krishak Samuha,2077/078,2077-08-30,25,Kalinchok,9,Component A,Crop,Others,,,,,,,,
648,C-5-K-1932,Kalimaibhagwoti Krishi Utpadak Krishak Samuha,2077/078,2077-06-26,25,Kalinchok,6,Component A,Crop,Others,,,,,,,,
649,C-5-K-1933,Lalupateee Krishi Utpadak Krishak Samuha,2077/078,2077-11-03,25,Kalinchok,7,Component A,Crop,Others,,,,,,,,
650,C-5-K-1934,Sudhariyako Krishi Utpadak Krishak Samuha,2077/078,2077-11-12,25,Kalinchok,4,Component A,Crop,Others,,,,,,,,
651,C-5-K-1935,Tokane Krishi Utpadak Krishak Samuha,2077/078,2077-08-27,25,Kalinchok,7,Component A,Crop,Others,,,,,,,,
652,C-5-K-1936,Suryamuhiiii Krishi Utpadak Krishak Samuha,2077/078,2077-06-23,25,Kalinchok,9,Component A,Crop,Seed Producers,,,,,,,,
653,C-5-K-1937,Setideviii Krishi Utpadak Krishak Samuha,2077/078,2077-09-07,25,Kalinchok,7,Component A,Crop,Others,,,,,,,,
654,C-5-K-1938,Udhamsilllta Krishi Utpadak Krishak Samuha,2077/078,2077-08-28,25,Kalinchok,7,Component A,Crop,Others,,,,,,,,
655,C-5-K-1941,Unnaaaat Krishi Utpadak Krishak Samuha,2077/078,2077-06-26,25,Kalinchok,6,Component A,Crop,Others,,,,,,,,
656,C-5-K-1942,Shankhamai Krishi Utpadak Krishak Samuha,2077/078,2077-06-26,25,Kalinchok,2,Component A,Crop,Others,,,,,,,,
657,A-1-B-1943,Shree Bhole Shankhar Bakhra Prabandhan Samuha,2077/078,2077-05-31,22,166,1,Component A,Livestock,Promotion Program (Goat),,,,,,,,
658,A-1-B-1944,Shree Dihibaar Baba Pashupalan Samuha,2077/078,2077-06-04,22,166,4,Component A,Livestock,Promotion Program (Goat),,,,,,,,
659,A-1-B-1945,Fulbari Kukhura Prabandhan Samuha,2077/078,2077-06-22,22,166,1,Component A,Livestock,Promotion Program (Poultry),,,,,,,,
660,A-1-B-1946,Maa Sabari Bakhra Prabandhan Samuha,2077/078,2077-06-26,22,166,4,Component A,Livestock,Promotion Program (Goat),,,,,,,,
661,A-1-B-1947,Ram Janaki Kukhura Prabandhan Samuha,2077/078,2077-06-26,22,166,4,Component A,Livestock,Promotion Program (Poultry),,,,,,,,
662,A-1-B-1948,Shree Om Ganeshya Dairy Prabandhan Samuha,2077/078,2077-06-30,22,166,1,Component A,Livestock,Promotion Program (Dairy),,,,,,,,
663,A-1-B-1949,Shree Kamdhenu Dairy Prabandhan Samuha,2077/078,2077-06-05,22,166,4,Component A,Livestock,Promotion Program (Dairy),,,,,,,,
664,A-1-B-1950,Shree Krishna Shwaran Pashupalan Samuha,2077/078,2077-06-10,22,166,7,Component A,Livestock,Promotion Program (Dairy),,,,,,,,
665,A-1-B-1951,Shree Rabidas Bakhrapalan Prabandhan Samuha,2077/078,2077-06-23,22,166,7,Component A,Livestock,Promotion Program (Goat),,,,,,,,
666,A-1-B-1952,Shree Dihibaar Baba Bakhrapalan Prabandhan Samuha,2077/078,2077-06-09,22,166,4,Component A,Livestock,Promotion Program (Goat),,,,,,,,
667,A-1-B-1953,Maa Kankalni Kukhura Prabandhan Samuha,2077/078,2077-06-09,22,166,7,Component A,Livestock,Promotion Program (Poultry),,,,,,,,
668,A-1-B-1954,Maa Bhagwati Pashupalan Samuha,2077/078,2077-05-30,22,166,6,Component A,Livestock,Promotion Program (Dairy),,,,,,,,
669,A-1-B-1955,Shree Dinabhadri Pashupalan Samuha,2077/078,2077-06-08,22,166,6,Component A,Livestock,Promotion Program (Poultry),,,,,,,,
670,A-1-B-1956,Shree Bishnu Bakhra Prabandhan Samuha,2077/078,1900-01-06,22,166,7,Component A,Livestock,Promotion Program (Goat),,,,,,,,
671,A-1-B-1957,Shree Ganga Jamuna Dinaram Dinabhadri Pashupalan Samuha,2077/078,2077-05-31,22,166,6,Component A,Livestock,Promotion Program (Goat),,,,,,,,
672,A-1-A-1958,Shree Ram Janaki Bakhra Prabandhan Samuha,2077/078,2077-04-23,22,Rajgadh,3,Component A,Livestock,Promotion Program (Goat),,,,,,,,
673,A-1-A-1961,Shree Maa Bhagwati Bakhra Prabandhan Samuha,2077/078,2077-04-13,22,Rajgadh,4,Component A,Livestock,Promotion Program (Goat),,,,,,,,
674,A-1-A-1963,Shree Bajarangbali Dairy Utpadan Samuha,2077/078,2077-05-26,22,Rajgadh,2,Component A,Livestock,Promotion Program (Dairy),,,,,,,,
675,A-1-A-1964,Shree Bajarangbali Bakhra Prabandhan Samuha,2077/078,2077-06-06,22,Rajgadh,6,Component A,Livestock,Promotion Program (Goat),,,,,,,,
676,A-1-A-1965,Maa Bhagwati Dairy Prabandhan Samuha,2077/078,2077-06-06,22,Rajgadh,6,Component A,Livestock,Promotion Program (Dairy),,,,,,,,
677,A-1-A-1966,Chatthi Maharani Bakhra Prabandhan Samuha,2077/078,2077-06-09,22,Rajgadh,4,Component A,Livestock,Promotion Program (Goat),,,,,,,,
678,A-1-A-1967,Isha Atulam Madarsa Kukhura Prabardhan Samuha,2077/078,2077-06-30,22,Rajgadh,6,Component A,Livestock,Promotion Program (Poultry),,,,,,,,
679,A-1-A-1968,Chandra Uday Bakhara Prabardhan Samuha,2077/078,2077-05-30,22,Rajgadh,6,Component A,Livestock,Promotion Program (Goat),,,,,,,,
680,A-1-A-1969,Shree Mahadev Bakhra Prabardhan Samuha,2077/078,2077-06-04,22,Rajgadh,6,Component A,Livestock,Promotion Program (Goat),,,,,,,,
681,A-1-A-1970,Dinabhadri Bakhra Prabardhan Samuha,2077/078,2077-05-21,22,Rajgadh,2,Component A,Livestock,Promotion Program (Goat),,,,,,,,
682,A-1-A-1971,Suryamukhi Bakhra Utpadan Krishak Samuha,2077/078,2077-06-12,22,Rajgadh,6,Component A,Livestock,Promotion Program (Goat),,,,,,,,
683,A-1-A-1972,Keshav Bakhra Palan Pathshan,2077/078,2077-06-05,22,Rajgadh,3,Component A,Livestock,FFS (Goat),,,,,,,,
684,A-1-A-1973,Shree Baba Dihabaar Krishak Pathshala,2077/078,2077-06-28,22,Rajgadh,4,Component A,Livestock,FFS (Dairy),,,,,,,,
685,A-1-B-1974,Shree Garsing Baba Bakhra Prabardan  Samuha,2077/078,2077-04-01,22,166,6,Component A,Livestock,Promotion Program (Goat),,,,,,,,
686,A-1-B-1975,Maa Laxmi Bakhra Prabandhan Samuha,2077/078,2077-06-09,22,166,1,Component A,Livestock,Promotion Program (Goat),,,,,,,,
687,A-1-B-1976,Shree Ram Ashram Bakhrapalan Sahuha,2077/078,2077-06-07,22,166,1,Component A,Livestock,Promotion Program (Goat),,,,,,,,
688,A-1-A-1977,Shree Ramjanaki Dairy Prabandhan Samuha,2077/078,2077-06-18,22,Rajgadh,4,Component A,Livestock,Promotion Program (Dairy),,,,,,,,
689,A-1-B-1978,Shree Sanidev Pashupalan Samuha,2077/078,2077-06-04,22,166,6,Component A,Livestock,Promotion Program (Dairy),,,,,,,,
690,A-1-B-1979,Shree Nirso Pashupalan Samuha,2077/078,2077-06-11,22,166,6,Component A,Livestock,Promotion Program (Poultry),,,,,,,,
691,A-1-B-1980,Maa Bhagwati PashuJanya Samuha,2077/078,2077-06-05,22,166,6,Component A,Livestock,Promotion Program (Goat),,,,,,,,
692,A-1-B-1981,Shree Dihibaar Baba Pashupalan Samuha 166,2077/078,2077-06-26,22,166,7,Component A,Livestock,Promotion Program (Goat),,,,,,,,
693,C-5-K-1982,Bindabasini Krishi Utpadak Krishak Samuha,2077/078,2077-06-06,25,Kalinchok,2,Component A,Crop,Others,,,,,,,,
694,C-5-K-1983,Harabhara Krishi Utpadak Krishak Samuha,2077/078,2077-06-05,25,Kalinchok,8,Component A,Crop,Others,,,,,,,,
695,C-5-K-1985,Laliguranssss Krishi Utpadak Krishak Samuha,2077/078,2077-06-26,25,Kalinchok,9,Component A,Crop,Others,,,,,,,,
696,C-5-K-1986,Paheliiii Krishi Utpadak Krishak Samuha,2077/078,2077-06-04,25,Kalinchok,8,Component A,Crop,Others,,,,,,,,
697,C-5-K-1987,Panighaat Krishi Utpadak Krishak Samuha,2077/078,2077-06-26,25,Kalinchok,1,Component A,Crop,Others,,,,,,,,
698,C-5-K-1988,Prakhintar Krishi Utpadak Krishak Samuha,2077/078,2077-06-26,25,Kalinchok,1,Component A,Crop,Others,,,,,,,,
699,C-5-K-1989,Sansari Krishi Utpadak Krishak Samuha,2077/078,2021-06-09,25,Kalinchok,1,Component A,Crop,Others,,,,,,,,
700,C-5-K-1990,Kalinaag Krishi Utpadak Krishak Samuha,2077/078,2077-06-05,25,Kalinchok,3,Component A,Crop,Others,,,,,,,,
701,C-5-K-1991,Sayapatri Krishi Utpadak Krishak Samuha,2077/078,2077-06-04,25,Kalinchok,4,Component A,Crop,Others,,,,,,,,
702,C-5-K-1992,Setideviiiiiii Krishi Utpadak Krishak Samuha,2077/078,2021-06-09,25,Kalinchok,5,Component A,Crop,Others,,,,,,,,
703,C-5-K-1993,Mahadevisthan Krishi Utpadak Krishak Samuha,2077/078,2077-09-08,25,Kalinchok,7,Component A,Crop,Others,,,,,,,,
704,C-5-K-1994,Sunakhari Krishi Utpadak Krishak Samuha,2077/078,2077-06-22,25,Kalinchok,4,Component A,Crop,Seed Producers,,,,,,,,
705,C-5-K-1995,Sunakharii Krishi Utpadak Krishak Samuha,2077/078,2021-06-09,25,Kalinchok,9,Component A,Crop,Others,,,,,,,,
706,C-5-K-1996,Sworgadwari Krishi Utpadak Krishak Samuha,2077/078,2077-08-03,25,Kalinchok,9,Component A,Crop,Others,,,,,,,,
707,C-5-K-1997,Torikhet Krishi Utpadak Krishak Samuha,2077/078,2077-08-27,25,Kalinchok,7,Component A,Crop,Others,,,,,,,,
708,C-5-P-1998,Aasare Krishi Utpadak Krishak Samuha,2077/078,2077-06-29,25,Tamakoshi,1,Component A,Crop,Others,,,,,,,,
709,C-5-P-1999,Eklebari Krishi Utpadak Krishak Samuha,2077/078,2077-06-28,25,Tamakoshi,1,Component A,Crop,Others,,,,,,,,
710,C-5-P-2001,Kali daha Krishi Utpadak Krishak Samuha,2077/078,2077-06-26,25,Tamakoshi,1,Component A,Crop,Others,,,,,,,,
711,C-5-P-2002,Majhigauun Krishi Utpadak Krishak Samuha,2077/078,2077-06-26,25,Tamakoshi,1,Component A,Crop,Others,,,,,,,,
712,C-5-P-2003,Chhaude Krishi Utpadak Krishak Samuha,2077/078,2077-09-20,25,Tamakoshi,3,Component A,Crop,Others,,,,,,,,
713,C-5-P-2004,Gogandada Krishi Utpadak Krishak Samuha,2077/078,2077-09-20,25,Tamakoshi,3,Component A,Crop,Others,,,,,,,,
714,C-5-P-2005,Kalapani Krishi Utpadak Krishak Samuha,2077/078,2077-06-12,25,Tamakoshi,3,Component A,Crop,Others,,,,,,,,
715,C-5-P-2006,Noon Thala Krishi Utpadak Krishak Samuha,2077/078,2077-06-12,25,Tamakoshi,3,Component A,Crop,Others,,,,,,,,
716,C-5-P-2008,Namunaaaaa Krishi Utpadak Krishak Samuha,2077/078,2077-03-29,25,Tamakoshi,3,Component A,Crop,Others,,,,,,,,
717,C-5-P-2009,Namuna Gairigauunn Krishi Utpadak Krishak Samuha,2077/078,2077-06-09,25,Tamakoshi,3,Component A,Crop,Others,,,,,,,,
718,C-5-P-2010,Pashupatiiiii Krishi Utpadak Krishak Samuha,2077/078,2077-06-09,25,Tamakoshi,3,Component A,Crop,Others,,,,,,,,
719,C-5-P-2011,Rupse Raheli Krishi Utpadak Krishak Samuha,2077/078,2077-09-10,25,Tamakoshi,3,Component A,Crop,Others,,,,,,,,
720,C-5-P-2012,Phewataaal Krishi Utpadak Krishak Samuha,2077/078,2077-06-22,25,Tamakoshi,4,Component A,Crop,Others,,,,,,,,
721,C-5-P-2013,Yogigauun Krishi Utpadak Krishak Samuha,2077/078,2077-06-22,25,Tamakoshi,4,Component A,Crop,Others,,,,,,,,
722,C-5-P-2014,Yogitolee Krishi Utpadak Krishak Samuha,2077/078,2077-06-22,25,Tamakoshi,4,Component A,Crop,Others,,,,,,,,
723,C-5-P-2015,Dadagaun Krishi Utpadak Krishak Samuha,2077/078,2077-06-23,25,Tamakoshi,4,Component A,Crop,Others,,,,,,,,
724,C-5-P-2016,Kotgaun Krishi Utpadak Krishak Samuha,2077/078,2077-06-25,25,Tamakoshi,4,Component A,Crop,Others,,,,,,,,
725,C-5-P-2017,Setideeviii Krishi Utpadak Krishak Samuha,2077/078,2077-06-25,25,Tamakoshi,4,Component A,Crop,Others,,,,,,,,
726,C-5-P-2018,Chapabot Krishi Utpadak Krishak Samuha,2077/078,2077-06-23,25,Tamakoshi,4,Component A,Crop,Others,,,,,,,,
727,C-5-P-2019,Chapabot Malu Krishi  UtpadaK Krishak Samuha,2077/078,2077-06-23,25,Tamakoshi,4,Component A,Crop,Others,,,,,,,,
728,A-1-A-2022,Dinabhadri Bakhra Prabardhan Samuha Rajgadh,2077/078,2077-05-21,22,Rajgadh,2,Component A,Livestock,Promotion Program (Goat),,,,,,,,
729,C-5-P-2023,Bhimeshwooor Krishi Utpadak Krishak Samuha,2077/078,2077-10-18,25,Tamakoshi,4,Component A,Crop,Others,,,,,,,,
730,C-5-P-2024,Sunarupa Krishi Utpadak Krishak Samuha,2077/078,2077-06-25,25,Tamakoshi,4,Component A,Crop,Others,,,,,,,,
731,C-5-P-2025,Goverdhantar Krishi Utpadak Krishak Samuha,2077/078,2077-11-19,25,Tamakoshi,5,Component A,Crop,Seed Producers,,,,,,,,
732,C-5-P-2026,Mankamanaaa Krishi Utpadak Krishak Samuha,2077/078,2077-11-18,25,Tamakoshi,5,Component A,Crop,Seed Producers,,,,,,,,
733,C-5-P-2027,Shidheswoorr Krishi Utpadak Krishak Samuha,2077/078,2077-11-20,25,Tamakoshi,5,Component A,Crop,Seed Producers,,,,,,,,
734,C-5-P-2028,Phuyalthumka Krishi Utpadak Krishak Samuha,2077/078,2077-09-17,25,Tamakoshi,5,Component A,Crop,Others,,,,,,,,
735,C-5-P-2029,Khimtidanda Krishi Utpadak Krishak Samuha,2077/078,2077-06-28,25,Tamakoshi,5,Component A,Crop,Others,,,,,,,,
736,C-5-P-2030,Tinkuneee Krishi Utpadak Krishak Samuha,2077/078,2077-09-14,25,Tamakoshi,5,Component A,Crop,Others,,,,,,,,
737,C-5-P-2031,Bhangerii Krishi Utpadak Krishak Samuha,2077/078,2077-06-26,25,Tamakoshi,5,Component A,Crop,Others,,,,,,,,
738,C-5-P-2032,Bhangeri Sahare Krishi Utpadak Krishak Samuha,2077/078,2077-06-23,25,Tamakoshi,5,Component A,Crop,Others,,,,,,,,
739,C-5-P-2033,Saharetar Krishi Utpadak Krishak Samuha,2077/078,2077-06-26,25,Tamakoshi,5,Component A,Crop,Others,,,,,,,,
740,C-5-P-2034,Arkhaule Krishi Utpadak Krishak Samuha,2077/078,2077-06-12,25,Tamakoshi,5,Component A,Crop,Others,,,,,,,,
741,C-5-P-2035,Kallerii Krishi Utpadak Krishak Samuha,2077/078,2077-06-27,25,Tamakoshi,5,Component A,Crop,Others,,,,,,,,
742,C-5-P-2036,Rojita Krishi Utpadak Krishak Samuha,2077/078,2077-06-27,25,Tamakoshi,6,Component A,Crop,Others,,,,,,,,
743,C-5-P-2037,Gufle Krishi Utpadak Krishak Samuha,2077/078,2077-06-27,25,Tamakoshi,6,Component A,Crop,Others,,,,,,,,
744,C-5-P-2038,Hariyalii Krishi Utpadak Krishak Samuha,2077/078,2077-06-26,25,Tamakoshi,6,Component A,Crop,Others,,,,,,,,
745,C-5-P-2039,Sunauloo Krishi Utpadak Krishak Samuha,2077/078,2077-06-24,25,Tamakoshi,6,Component A,Crop,Others,,,,,,,,
746,C-5-P-2040,Mankamaaana Krishi Utpadak Krishak Samuha,2077/078,2077-06-28,25,Tamakoshi,6,Component A,Crop,Others,,,,,,,,
747,C-5-P-2041,Bhimsheen Krishi Utpadak Krishak Samuha,2077/078,2077-06-23,25,Tamakoshi,6,Component A,Crop,Others,,,,,,,,
748,C-5-P-2043,Nepantar Krishi Utpadak Krishak Samuha,2077/078,2077-06-27,25,Tamakoshi,6,Component A,Crop,Others,,,,,,,,
749,C-5-P-2045,Di Sisne Krishi Utpadak Krishak Samuha,2077/078,2077-06-26,25,Tamakoshi,6,Component A,Crop,Others,,,,,,,,
750,C-5-P-2046,Patitole Krishi Utpadak Krishak Samuha,2077/078,2077-06-22,25,Tamakoshi,5,Component A,Crop,Others,,,,,,,,
751,C-5-P-2047,Rautgaun Krishi Utpadak Krishak Samuha,2077/078,2077-06-29,25,Tamakoshi,1,Component A,Crop,Others,,,,,,,,
752,C-5-P-2048,Tinpate Krishi Utpadak Krishak Samuha,2077/078,2077-06-26,25,Tamakoshi,6,Component A,Crop,Others,,,,,,,,
753,C-6-R-2049,Shikar Krishi Utpadak Krishak Samuha,2077/078,2077-07-17,28,Lisankhu Pakhar,4,Component A,Crop,Others,,,,,,,,
754,C-6-R-2050,Janajagaran Krishi Utpadak Krishak Samuha,2077/078,2077-10-14,28,Lisankhu Pakhar,5,Component A,Crop,Others,,,,,,,,
755,C-6-R-2051,Panchakaannya Krishi Utpadak Krishak Samuha,2077/078,2077-09-06,28,Lisankhu Pakhar,4,Component A,Crop,Others,,,,,,,,
756,C-6-R-2052,Sayapatrrii Krishi Utpadak Krishak Samuha,2077/078,2077-07-17,28,Lisankhu Pakhar,4,Component A,Crop,Others,,,,,,,,
757,C-6-R-2053,Sungava Krishi Utpadak Krishak Samuha,2077/078,2077-07-02,28,Lisankhu Pakhar,7,Component A,Crop,Others,,,,,,,,
758,C-6-R-2054,Yakikrit Krishi Utpadak Krishak Samuha,2077/078,2077-06-29,28,Lisankhu Pakhar,5,Component A,Crop,Others,,,,,,,,
759,C-6-R-2055,Khadadevi Krishi Utpadak Krishak Samuha,2077/078,2077-06-30,28,Lisankhu Pakhar,7,Component A,Crop,Others,,,,,,,,
760,C-6-R-2056,Sindhu Jagaran Krishi Utpadak Krishak Samuha,2077/078,2077-06-30,28,Lisankhu Pakhar,7,Component A,Crop,Others,,,,,,,,
761,C-6-R-2057,Fetalitole Krishi Utpadak Krishak Samuha,2077/078,2077-06-30,28,Lisankhu Pakhar,7,Component A,Crop,Others,,,,,,,,
762,C-6-R-2058,Kakaling Krishi Utpadak Krishak Samuha,2077/078,2077-06-30,28,Lisankhu Pakhar,7,Component A,Crop,Others,,,,,,,,
763,C-6-R-2071,Barnaa Krishi Utpadak Krishak Samuha,2077/078,2077-08-06,28,Lisankhu Pakhar,5,Component A,Crop,Others,,,,,,,,
764,C-6-R-2077,Timure Krishi Utpadak Krishak Samuha,2077/078,2077-06-28,28,Lisankhu Pakhar,7,Component A,Crop,Others,,,,,,,,
765,C-6-R-2083,Koopila Krishi Utpadak Krishak Samuha,2077/078,2077-09-07,28,Lisankhu Pakhar,6,Component A,Crop,Seed Producers,,,,,,,,
766,C-6-R-2084,Sampada Krishi Utpadak Krishak Samuha,2077/078,2077-08-06,28,Lisankhu Pakhar,5,Component A,Crop,Others,,,,,,,,
767,C-6-R-2085,Settidevi Krishi Utpadak Krishak Samuha,2077/078,2077-06-30,28,Lisankhu Pakhar,7,Component A,Crop,Others,,,,,,,,
768,C-6-R-2086,Tripuraadevi Krishi Utpadak Krishak Samuha,2077/078,2077-06-29,28,Lisankhu Pakhar,5,Component A,Crop,Others,,,,,,,,
769,C-6-R-2087,Harisiddhi Krishi Utpadak Krishak Samuha,2077/078,2077-09-13,28,Lisankhu Pakhar,1,Component A,Crop,Others,,,,,,,,
770,C-6-R-2088,Suryaamukhii Krishi Utpadak Krishak Samuha,2077/078,2077-09-07,28,Lisankhu Pakhar,6,Component A,Crop,Others,,,,,,,,
771,C-6-R-2089,Kalidevi Krishi Utpadak Krishak Samuha,2077/078,2077-07-18,28,Lisankhu Pakhar,7,Component A,Crop,Others,,,,,,,,
772,C-6-R-2090,Makhamali Krishi Utpadak Krishak Samuha,2077/078,2077-10-21,28,Lisankhu Pakhar,3,Component A,Crop,Others,,,,,,,,
773,C-6-R-2091,Chhenan Gyalba Krishi Utpadak Krishak Samuha,2077/078,2077-11-23,28,Lisankhu Pakhar,3,Component A,Crop,Others,,,,,,,,
774,C-6-R-2092,Mahakala Krishi Utpadak Krishak Samuha,2077/078,2077-09-24,28,Lisankhu Pakhar,1,Component A,Crop,Others,,,,,,,,
775,C-6-R-2093,Thulo Bandhan Krishi Utpadak Krishak Samuha,2077/078,2077-07-06,28,Lisankhu Pakhar,6,Component A,Crop,Others,,,,,,,,
776,C-6-R-2094,Jaleshwooori Krishi Utpadak Krishak Samuha,2077/078,2077-06-29,28,Lisankhu Pakhar,5,Component A,Crop,Others,,,,,,,,
777,C-6-R-2095,Lakui Mesipa Krishi Utpadak Krishak Samuha,2077/078,2077-06-28,28,Lisankhu Pakhar,7,Component A,Crop,Others,,,,,,,,
778,C-6-R-2096,Chiple Krishi Utpadak Krishak Samuha,2077/078,2077-11-22,28,Lisankhu Pakhar,3,Component A,Crop,Others,,,,,,,,
779,C-6-R-2097,Bhumethaan Krishi Utpadak Krishak Samuha,2077/078,2077-12-10,28,Lisankhu Pakhar,4,Component A,Crop,Others,,,,,,,,
780,C-6-R-2098,Daaanphe Krishi Utpadak Krishak Samuha,2077/078,2077-11-22,28,Lisankhu Pakhar,1,Component A,Crop,Others,,,,,,,,
781,C-6-R-2099,Dasetole Krishi Utpadak Krishak Samuha,2077/078,2077-09-04,28,Lisankhu Pakhar,1,Component A,Crop,Others,,,,,,,,
782,C-6-R-2100,Gagar Krishi Utpadak Krishak Samuha,2077/078,2077-12-09,28,Lisankhu Pakhar,4,Component A,Crop,Seed Producers,,,,,,,,
783,C-6-R-2101,Ghungtole Krishi Utpadak Krishak Samuha,2077/078,2077-12-11,28,Lisankhu Pakhar,1,Component A,Crop,Others,,,,,,,,
784,C-6-R-2102,Gyangdada Krishi Utpadak Krishak Samuha,2077/078,2077-12-10,28,Lisankhu Pakhar,4,Component A,Crop,Others,,,,,,,,
785,C-6-R-2103,Mildada Hat Bhanjyang Krishi Utpadak Krishak Samuha,2077/078,2077-12-15,28,Lisankhu Pakhar,3,Component A,Crop,Others,,,,,,,,
786,C-6-R-2104,Kopila Bhumesthan Krishi Utpadak Krishak Samuha,2077/078,2077-07-02,28,Lisankhu Pakhar,7,Component A,Crop,Others,,,,,,,,
787,C-6-R-2105,Laligurranss Krishi Utpadak Krishak Samuha,2077/078,2077-09-07,28,Lisankhu Pakhar,6,Component A,Crop,Others,,,,,,,,
788,C-6-R-2106,Langma Krishi Utpadak Krishak Samuha,2077/078,2077-12-15,28,Lisankhu Pakhar,3,Component A,Crop,Others,,,,,,,,
789,C-6-R-2107,Mahalaxmi Krishi Utpadak Krishak Samuha,2077/078,2077-08-08,28,Lisankhu Pakhar,6,Component A,Crop,Others,,,,,,,,
790,C-6-R-2108,Mude Krishi Utpadak Krishak Samuha,2077/078,2077-10-16,28,Lisankhu Pakhar,5,Component A,Crop,Others,,,,,,,,
791,C-6-R-2109,Namuunaaaaa Krishi Utpadak Krishak Samuha,2077/078,2077-11-26,28,Lisankhu Pakhar,2,Component A,Crop,Others,,,,,,,,
792,C-6-R-2110,Nargaun Krishi Utpadak Krishak Samuha,2077/078,2077-11-19,28,Lisankhu Pakhar,2,Component A,Crop,Others,,,,,,,,
793,C-6-R-2111,Nigale Krishi Utpadak Krishak Samuha,2077/078,2077-11-19,28,Lisankhu Pakhar,2,Component A,Crop,Others,,,,,,,,
794,C-6-R-2112,Ninjel Krishi Utpadak Krishak Samuha,2077/078,2077-12-12,28,Lisankhu Pakhar,4,Component A,Crop,Others,,,,,,,,
795,C-6-R-2113,Parijat Krishi Utpadak Krishak Samuha,2077/078,2077-12-13,28,Lisankhu Pakhar,4,Component A,Crop,Others,,,,,,,,
796,C-6-R-2114,Pedku Krishi Utpadak Krishak Samuha,2077/078,2077-09-08,28,Lisankhu Pakhar,6,Component A,Crop,Others,,,,,,,,
797,C-6-R-2115,Buddha Chhorden Krishi Utpadak Krishak Samuha,2077/078,2077-12-10,28,Lisankhu Pakhar,3,Component A,Crop,Others,,,,,,,,
798,C-6-R-2116,Shila Devii Krishi Utpadak Krishak Samuha,2077/078,2077-10-21,28,Lisankhu Pakhar,3,Component A,Crop,Others,,,,,,,,
799,C-6-R-2117,Sikre Krishi Utpadak Krishak Samuha,2077/078,2077-07-17,28,Lisankhu Pakhar,4,Component A,Crop,Others,,,,,,,,
800,C-6-R-2118,Thulo Dhanding Krishi Utpadak Krishak Samuha,2077/078,2077-12-11,28,Lisankhu Pakhar,1,Component A,Crop,Others,,,,,,,,
801,C-6-R-2119,Tothi Krishi Utpadak Krishak Samuha,2077/078,2077-07-20,28,Lisankhu Pakhar,2,Component A,Crop,Others,,,,,,,,
802,C-6-R-2120,Ujeli Krishi Utpadak Krishak Samuha,2077/078,2077-11-21,28,Lisankhu Pakhar,2,Component A,Crop,Others,,,,,,,,
803,C-6-R-2121,Utsapa Krishi Utpadak Krishak Samuha,2077/078,2077-07-20,28,Lisankhu Pakhar,2,Component A,Crop,Others,,,,,,,,
804,C-6-Q-2122,Ambote  Krishi Utpadak Krishak Samuha,2077/078,2077-06-02,28,Indrawati,9,Component A,Crop,Others,,,,,,,,
805,C-6-Q-2123,Archale Krishi Utpadak Krishak Samuha,2077/078,2077-06-09,28,Indrawati,8,Component A,Crop,Others,,,,,,,,
806,C-6-Q-2124,Badegaun Maitri  Krishi Utpadak Krishak Samuha,2077/078,2077-09-10,28,Indrawati,6,Component A,Crop,Others,,,,,,,,
807,C-6-Q-2125,Badeli Ripini  Krishi Utpadak Krishak Samuha,2077/078,2077-06-21,28,Indrawati,7,Component A,Crop,Others,,,,,,,,
808,C-6-Q-2126,Bhadauurre Krishi Utpadak Krishak Samuha,2077/078,2077-06-05,28,Indrawati,9,Component A,Crop,Others,,,,,,,,
809,C-6-Q-2127,Bhangeerri  Krishi Utpadak Krishak Samuha,2077/078,2077-07-19,28,Indrawati,7,Component A,Crop,Others,,,,,,,,
810,C-6-Q-2128,Chandrawoti Krishi Utpadak Krishak Samuha,2077/078,2077-07-20,28,Indrawati,8,Component A,Crop,Others,,,,,,,,
811,C-6-Q-2129,Deuralli Krishi Utpadak Krishak Samuha,2077/078,2077-07-19,28,Indrawati,7,Component A,Crop,Others,,,,,,,,
812,C-6-Q-2130,Dhadbesi Krishi Utpadak Krishak Samuha,2077/078,2077-07-11,28,Indrawati,6,Component A,Crop,Others,,,,,,,,
813,C-6-Q-2131,GaukhureshworKrishi Utpadak Krishak Samuha,2077/078,2077-06-13,28,Indrawati,6,Component A,Crop,Others,,,,,,,,
814,C-6-Q-2132,Hanuman Krishi Utpadak Krishak Samuha,2077/078,2077-06-17,28,Indrawati,6,Component A,Crop,Others,,,,,,,,
815,C-6-Q-2133,Jaleshwoorri Krishi Utpadak Krishak Samuha,2077/078,2077-08-05,28,Indrawati,9,Component A,Crop,Others,,,,,,,,
816,C-6-Q-2134,Kalikaaaa Krishi Utpadak Krishak Samuha,2077/078,2077-06-13,28,Indrawati,6,Component A,Crop,Others,,,,,,,,
817,C-6-Q-2135,Kaliika Krishi Utpadak Krishak Samuha,2077/078,2077-08-04,28,Indrawati,8,Component A,Crop,Others,,,,,,,,
818,C-6-Q-2136,Kamalamai Krishi Utpadak Krishak Samuha,2077/078,2077-06-13,28,Indrawati,6,Component A,Crop,Others,,,,,,,,
819,C-6-Q-2137,Khadpeshwor Krishi Utpadak Krishak Samuha,2077/078,2077-06-21,28,Indrawati,7,Component A,Crop,Others,,,,,,,,
820,C-6-Q-2138,Milijuli Krishi Utpadak Krishak Samuha,2077/078,2077-06-09,28,Indrawati,8,Component A,Crop,Others,,,,,,,,
821,C-6-Q-2139,Mulbato Krishi Utpadak Krishak Samuha,2077/078,2077-08-05,28,Indrawati,9,Component A,Crop,Others,,,,,,,,
822,C-6-Q-2140,Patlepani Krishi Utpadak Krishak Samuha,2077/078,2077-07-19,28,Indrawati,7,Component A,Crop,Others,,,,,,,,
823,C-6-Q-2141,Radhakrishna Krishi Utpadak Krishak Samuha,2077/078,2077-07-19,28,Indrawati,7,Component A,Crop,Others,,,,,,,,
824,C-6-Q-2142,Raktakali Krishi Utpadak Krishak Samuha,2077/078,2077-08-05,28,Indrawati,7,Component A,Crop,Others,,,,,,,,
825,C-6-Q-2143,Tindhara Krishi Utpadak Krishak Samuha,2077/078,2077-08-05,28,Indrawati,9,Component A,Crop,Others,,,,,,,,
826,C-6-Q-2144,Siddadevi Krishi Utpadak Krishak Samuha,2077/078,2077-08-07,28,Indrawati,8,Component A,Crop,Seed Producers,,,,,,,,
827,C-6-Q-2145,Sirjanshiiiiil Krishi Utpadak Krishak Samuha,2077/078,2077-06-05,28,Indrawati,6,Component A,Crop,Others,,,,,,,,
828,C-6-Q-2146,Tilakeshwor Krishi Utpadak Krishak Samuha,2077/078,2077-07-24,28,Indrawati,7,Component A,Crop,Others,,,,,,,,
829,B-3-E-2148,Dihbar Baba Bakhra Palan Samuh,2077/078,2077-06-14,20,Dhanauji ,1,Component A,Livestock,Promotion Program (Goat),,,,,,,,
830,B-3-E-2149,Baba Bishwokarma Bakhra Palan Samuha,2077/078,2077-05-10,20,Dhanauji ,3,Component A,Livestock,Promotion Program (Goat),,,,,,,,
831,B-3-F-2150,Karikh Baba Bakhra Palan Samuha,2077/078,2077-07-01,20,Mukhiyapatti Musaharmiya,6,Component A,Livestock,Promotion Program (Goat),,,,,,,,
832,B-3-F-2151,baudhimai bakhra palan samuh,2077/078,2077-07-19,20,Mukhiyapatti Musaharmiya,6,Component A,Livestock,Promotion Program (Goat),,,,,,,,
833,B-4-G-2152,Chand mahila kukhura Palan Samuha,2077/078,2077-12-04,19,Pipara,6,Component A,Livestock,Promotion Program (Poultry),,,,,,,,
834,B-4-G-2153,Bismilla Mahila Kukhura Palan Samuha,2077/078,2077-12-04,19,Pipara,6,Component A,Livestock,Promotion Program (Poultry),,,,,,,,
835,B-4-G-2154,Champa Maharani Mahila Bakhra Palan Samuha,2077/078,2077-04-14,19,Pipara,3,Component A,Livestock,Others,,,,,,,,
836,B-4-G-2155,Dhan Laxmi Bakhra Palan Samuha,2077/078,2077-04-26,19,Pipara,2,Component A,Livestock,Others,,,,,,,,
837,B-4-G-2156,Ganesh Mahila Bakhra Palan Samuha,2077/078,2077-05-23,19,Pipara,2,Component A,Livestock,Promotion Program (Goat),,,,,,,,
838,B-4-G-2157,Girija Mahila Bakhra Palan Samuha,2077/078,2077-12-26,19,Pipara,5,Component A,Livestock,Others,,,,,,,,
839,B-4-G-2158,Jay Maa Vaishnodevi Mahila Bakhra Palan Samuha,2077/078,2077-04-28,19,Pipara,1,Component A,Livestock,Promotion Program (Goat),,,,,,,,
840,B-4-G-2159,Hanuman Mahila Bakhra Palan Samuha,2077/078,2077-04-22,19,Pipara,2,Component A,Livestock,Promotion Program (Goat),,,,,,,,
841,B-4-G-2160,Jay Mata Di Mahila Bakhra Palan Samuha,2077/078,2077-05-31,19,Pipara,1,Component A,Livestock,Promotion Program (Goat),,,,,,,,
842,B-4-G-2161,Kamleswori Mata Mahila Bakhra Palan Samuha,2077/078,2077-06-23,19,Pipara,4,Component A,Livestock,Promotion Program (Goat),,,,,,,,
843,B-4-G-2162,Laxmi Mahila Bakhra Palan Samuha,2077/078,2077-04-08,19,Pipara,3,Component A,Livestock,Promotion Program (Goat),,,,,,,,
844,B-4-G-2163,Jay Ma Durga Bakhra Palan Samuha,2077/078,2077-05-24,19,Pipara,1,Component A,Livestock,Others,,,,,,,,
845,B-4-G-2164,Ma Kali Mahila Bakhra Palan Samuha,2077/078,2077-04-27,19,Pipara,1,Component A,Livestock,Promotion Program (Goat),,,,,,,,
846,B-4-G-2165,Shiv Mahila Bakhra Palan Samuha,2077/078,2077-04-09,19,Pipara,3,Component A,Livestock,Promotion Program (Goat),,,,,,,,
847,B-4-G-2166,Ma Rajdevi Mahila Bakhra Palan Samuha,2077/078,2077-04-23,19,Pipara,1,Component A,Livestock,Promotion Program (Goat),,,,,,,,
848,B-4-G-2167,Sita Mahila Bakhra Palan Samuha,2077/078,2077-05-31,19,Pipara,1,Component A,Livestock,Promotion Program (Goat),,,,,,,,
849,B-4-G-2168,Saraswati Mahila Bakhra Palan Samuha,2077/078,2077-04-12,19,Pipara,4,Component A,Livestock,Promotion Program (Goat),,,,,,,,
850,B-4-G-2169,Jay Maa Kali Mahila Bakhra Palan Samuha,2077/078,2077-05-25,19,Pipara,1,Component A,Livestock,Promotion Program (Goat),,,,,,,,
851,B-4-G-2170,Gopal Dugdha Utpadan Samuha,2077/078,2077-06-21,19,Pipara,1,Component A,Livestock,Promotion Program (Dairy),,,,,,,,
852,B-4-G-2171,Hanuman Dugdha Utpadan Samuha,2077/078,2077-05-18,19,Pipara,4,Component A,Livestock,Others,,,,,,,,
853,B-4-G-2172,Ma Durga Dugdha Utpadan Samuha,2077/078,2077-04-22,19,Pipara,2,Component A,Livestock,Promotion Program (Dairy),,,,,,,,
854,B-4-G-2173,Janaki Dugdha Utpadan Samuha,2077/078,2077-06-07,19,Pipara,3,Component A,Livestock,Promotion Program (Dairy),,,,,,,,
855,B-4-H-2174,Bina Gai Bhainshi Palan Samuha,2077/078,2077-06-03,19,Ekdara,4,Component A,Livestock,Promotion Program (Dairy),,,,,,,,
856,B-4-H-2175,Gopal Bhainshi Palan Samuha,2077/078,2077-05-30,19,Ekdara,4,Component A,Livestock,Promotion Program (Dairy),,,,,,,,
857,B-4-H-2176,Mahadev Pashupalan Samuha,2077/078,2077-12-12,19,Ekdara,4,Component A,Livestock,Others,,,,,,,,
858,B-4-H-2177,Krishnaa Gai Bhainshi Krishak Samuha,2077/078,2077-04-20,19,Ekdara,6,Component A,Livestock,Promotion Program (Dairy),,,,,,,,
859,B-4-H-2178,Ram Janaki Pashupalan Samuha,2077/078,2077-05-31,19,Ekdara,4,Component A,Livestock,Promotion Program (Dairy),,,,,,,,
860,B-4-H-2179,Shreejanshil Gai Bhainshi Palan Dairy Krishak Samuha,2077/078,2077-04-27,19,Ekdara,5,Component A,Livestock,Promotion Program (Dairy),,,,,,,,
861,B-4-H-2180,Gramin Mahila Kukhura Palan Samuha,2077/078,2077-06-19,19,Ekdara,5,Component A,Livestock,Promotion Program (Poultry),,,,,,,,
862,B-4-H-2181,Local Kukhura Palan Samuha,2077/078,2077-06-20,19,Ekdara,5,Component A,Livestock,Promotion Program (Poultry),,,,,,,,
863,B-4-H-2182,Baudhi Mai Gai Bhainshi Palan Samuha,2077/078,2077-12-12,19,Ekdara,4,Component A,Livestock,Promotion Program (Dairy),,,,,,,,
864,B-4-H-2183,Mahila Kukhura Palan Samuha,2077/078,2077-04-21,19,Ekdara,6,Component A,Livestock,Promotion Program (Poultry),,,,,,,,
865,B-4-H-2184,Unnat Kukhura Palan Samuha,2077/078,2077-04-24,19,Ekdara,5,Component A,Livestock,Promotion Program (Poultry),,,,,,,,
866,B-4-H-2185,Garib Nath Bakhra Palan Samuha,2077/078,2077-12-12,19,Ekdara,4,Component A,Livestock,Promotion Program (Goat),,,,,,,,
867,B-4-H-2186,Jyoti Bakhra Palan Samuha,2077/078,2077-05-26,19,Ekdara,4,Component A,Livestock,Promotion Program (Goat),,,,,,,,
868,B-4-H-2187,Mahila Bakhra Palan Samuha,2077/078,2077-04-13,19,Ekdara,6,Component A,Livestock,Promotion Program (Goat),,,,,,,,
869,B-4-H-2188,Mahila Uthhan Bakhra Palan Samuha,2077/078,2077-04-15,19,Ekdara,5,Component A,Livestock,Others,,,,,,,,
870,B-4-H-2189,Pashupati Bakhra Palan Samuha,2077/078,2077-06-21,19,Ekdara,6,Component A,Livestock,Others,,,,,,,,
871,B-4-H-2190,Pragatishil Mahila Bakhra Palan Samuha,2077/078,2077-04-24,19,Ekdara,5,Component A,Livestock,Promotion Program (Goat),,,,,,,,
872,B-4-H-2191,Radha Mahila Bakhra Palan Samuha,2077/078,2077-05-22,19,Ekdara,4,Component A,Livestock,Promotion Program (Goat),,,,,,,,
873,B-4-H-2192,Sahlesh Bakhra Palan Samuha,2077/078,2077-04-22,19,Ekdara,5,Component A,Livestock,Promotion Program (Goat),,,,,,,,
874,B-4-H-2193,Surakshya Bakhra Palan Samuha,2077/078,2077-06-04,19,Ekdara,6,Component A,Livestock,Promotion Program (Goat),,,,,,,,
875,B-4-H-2194,Udhyami Bakhra Palan Samuha,2077/078,2077-04-21,19,Ekdara,6,Component A,Livestock,Promotion Program (Goat),,,,,,,,
876,B-4-H-2195,Bhawani Bakhra Palan Samuha,2077/078,2077-06-22,19,Ekdara,6,Component A,Livestock,Promotion Program (Goat),,,,,,,,
877,B-4-H-2196,Bipanna Mahila Bakhra Palan Samuha,2077/078,2077-04-26,19,Ekdara,5,Component A,Livestock,Promotion Program (Goat),,,,,,,,
878,B-4-H-2197,Jaagriti Bakhra Palan Samuha ,2077/078,2077-04-21,19,Ekdara,6,Component A,Livestock,Promotion Program (Goat),,,,,,,,
879,B-4-H-2198,Janaki Bakhra Palan Samuha,2077/078,2077-05-28,19,Ekdara,4,Component A,Livestock,Promotion Program (Goat),,,,,,,,
880,B-3-E-2201,Durga Nutrition Mother group Dhanuaji-4,2077/078,2077-07-18,20,Dhanauji ,4,Component C,Nutrition,Home Nutrition Garden (Nutrition),,,,,,,,
881,B-4-G-2202,Ganapati Mahila Bakhra Palan Samuha,2077/078,2077-12-29,19,Pipara,7,Component A,Livestock,Promotion Program (Goat),,,,,,,,
882,B-3-E-2203,Gadimai Nutrition Mother group Dhanuaji-4,2077/078,2077-07-23,20,Dhanauji ,4,Component C,Nutrition,Home Nutrition Garden (Nutrition),,,,,,,,
883,B-3-E-2204,Ganga  Nutrition Mother group Dhanuaji-4,2077/078,2077-07-10,20,Dhanauji ,3,Component C,Nutrition,Home Nutrition Garden (Nutrition),,,,,,,,
884,B-3-E-2205,Janaki  Nutrition Mother group ,2077/078,2078-03-11,20,Dhanauji ,2,Component C,Nutrition,Home Nutrition Garden (Nutrition),,,,,,,,
885,B-3-E-2208,Maa Bhagwati Nutrition Mother group ,2077/078,2077-04-14,20,Dhanauji ,3,Component C,Nutrition,Home Nutrition Garden (Nutrition),,,,,,,,
886,B-3-E-2209,Ma Chanda  Nutrition Mother group ,2077/078,2077-07-24,20,Dhanauji ,3,Component C,Nutrition,Home Nutrition Garden (Nutrition),,,,,,,,
887,B-3-E-2210,Maa Rajdevi Nutrition Mother group ,2077/078,2077-05-14,20,Dhanauji ,1,Component C,Nutrition,Home Nutrition Garden (Nutrition),,,,,,,,
888,B-3-E-2211,Manokamna Nutrition Mother group ,2077/078,2077-05-17,20,Dhanauji ,1,Component C,Nutrition,Home Nutrition Garden (Nutrition),,,,,,,,
889,B-3-E-2212,Paropkaar  Nutrition Mother group ,2077/078,2077-05-10,20,Dhanauji ,4,Component C,Nutrition,Home Nutrition Garden (Nutrition),,,,,,,,
890,B-3-E-2213,Pragatishil  Nutrition Mother group ,2077/078,2077-05-10,20,Dhanauji ,5,Component C,Nutrition,Home Nutrition Garden (Nutrition),,,,,,,,
891,B-3-E-2214,Radha Nutrition Mother group ,2077/078,2077-04-29,20,Dhanauji ,5,Component C,Nutrition,Home Nutrition Garden (Nutrition),,,,,,,,
892,B-3-E-2215,Sabari Nutrition Mother group -Dhanauji,2077/078,2077-05-17,20,Dhanauji ,4,Component C,Nutrition,Home Nutrition Garden (Nutrition),,,,,,,,
893,B-3-E-2217,Sangini Nutrition Mother group Dhanuji-4-A,2077/078,2077-08-10,20,Dhanauji ,4,Component C,Nutrition,Home Nutrition Garden (Nutrition),,,,,,,,
894,B-3-E-2218,Sarswati Nutrition Mother group -A,2077/078,2078-02-08,20,Dhanauji ,2,Component C,Nutrition,Home Nutrition Garden (Nutrition),,,,,,,,
895,B-3-E-2219,Sitamata Nutrition Mother group ,2077/078,2077-08-12,20,Dhanauji ,5,Component C,Nutrition,Home Nutrition Garden (Nutrition),,,,,,,,
896,B-3-E-2220,Sonamai  Nutrition Mother group ,2077/078,2077-07-20,20,Dhanauji ,4,Component C,Nutrition,Home Nutrition Garden (Nutrition),,,,,,,,
897,B-3-E-2221,Upkar Nutrition Mother group ,2077/078,2077-03-24,20,Dhanauji ,5,Component C,Nutrition,Home Nutrition Garden (Nutrition),,,,,,,,
898,B-3-F-2222,Arohi Nutrition Mother Group-Mu.Mu-5 Bela,2077/078,2077-07-25,20,Mukhiyapatti Musaharmiya,5,Component C,Nutrition,Home Nutrition Garden (Nutrition),,,,,,,,
899,B-3-F-2223,Durga Nutrition Mother Group-Navtoli,2077/078,2077-07-22,20,Mukhiyapatti Musaharmiya,5,Component C,Nutrition,Home Nutrition Garden (Nutrition),,,,,,,,
900,B-3-F-2224,Laxmi Nutrition Mother Group-Khatbaiya-A ,2077/078,2077-07-11,20,Mukhiyapatti Musaharmiya,4,Component C,Nutrition,Home Nutrition Garden (Nutrition),,,,,,,,
901,B-3-F-2225,Laxmi Nutrition Mother Group-Laxmipur-B,2077/078,2077-08-10,20,Mukhiyapatti Musaharmiya,6,Component C,Nutrition,Home Nutrition Garden (Nutrition),,,,,,,,
902,B-3-F-2226,Malang Baba Nutrition Mother group ,2077/078,2077-08-13,20,Mukhiyapatti Musaharmiya,6,Component C,Nutrition,Home Nutrition Garden (Nutrition),,,,,,,,
903,A-2-C-2228,Laxmi Gharaesi Poshan Bagaecha(Aama) Samuha,2077/078,1900-01-13,21,164,2,Component C,Nutrition,Home Nutrition Garden (Nutrition),,,,,,,,
904,A-2-C-2229,Ma Bishhara Gharayasi Poshan Bagaicha Samuha (Aama Samuha),2077/078,1900-01-31,21,164,2,Component C,Nutrition,Home Nutrition Garden (Nutrition),,,,,,,,
905,A-2-C-2230,Ma Gayatri Gharayasi Poshan Bagaicha Samuha (Aama Samuha),2077/078,1900-01-22,21,164,2,Component C,Nutrition,Home Nutrition Garden (Nutrition),,,,,,,,
906,A-2-C-2231,Ma Tulshi Gharaeshi Poshan Bagaecha Samuha,2077/078,2077-01-05,21,164,2,Component C,Nutrition,Home Nutrition Garden (Nutrition),,,,,,,,
907,A-2-C-2232,Saraswati Gharaesi Poshan Bagaecha(Aama) Samuha,2077/078,2077-12-05,21,164,2,Component C,Nutrition,Home Nutrition Garden (Nutrition),,,,,,,,
908,A-2-C-2233,Ma Chandrabati Gharbari Poshan Bachaicha Samuha,2077/078,2077-01-06,21,164,3,Component C,Nutrition,Home Nutrition Garden (Nutrition),,,,,,,,
909,A-2-C-2234,Maa Durga Gharaishi Poshan bagaicha samuha,2077/078,1900-01-19,21,164,3,Component C,Nutrition,Home Nutrition Garden (Nutrition),,,,,,,,
910,A-2-C-2235,Pachonath Gharbari Poshan Bagaicha Samuha,2077/078,2077-06-05,21,164,3,Component C,Nutrition,Home Nutrition Garden (Nutrition),,,,,,,,
911,A-2-C-2236,Raj Devi Gharaishi Poshan Bachaicha Samuha,2077/078,1900-01-31,21,164,3,Component C,Nutrition,Home Nutrition Garden (Nutrition),,,,,,,,
912,A-2-C-2237,Saraswoti Gharbari Poshan Bagaicha Samuha (Aama Samuha),2077/078,1900-01-18,21,164,3,Component C,Nutrition,Home Nutrition Garden (Nutrition),,,,,,,,
913,B-4-G-2238,Bajrang  crop production group,2077/078,2077-12-30,19,Pipara,6,Component A,Crop,Others,,,,,,,,
914,B-4-G-2239,Bikash Crop Production Group,2077/078,2077-12-02,19,Pipara,6,Component A,Crop,Others,,,,,,,,
915,B-4-G-2241,Chatara Potato Production Group,2077/078,2077-05-25,19,Pipara,1,Component A,Crop,Others,,,,,,,,
916,B-4-H-2242,Dhan Laxmi Crop Production Group,2077/078,2077-04-07,19,Ekdara,5,Component A,Crop,Seed Producers,,,,,,,,
917,B-4-G-2243,Ganesh Crop Production Group,2077/078,2077-06-02,19,Pipara,4,Component A,Crop,Others,,,,,,,,
918,B-4-H-2244,Gulsan Crop Production Group,2077/078,2077-11-25,19,Ekdara,2,Component A,Crop,Others,,,,,,,,
919,B-4-H-2245,Jay Hanuman Crop Production Group (A),2077/078,2077-06-04,19,Ekdara,4,Component A,Crop,Others,,,,,,,,
920,B-4-H-2246,Jay Ma Bhawani Crop Production Group,2077/078,2077-05-24,19,Ekdara,4,Component A,Crop,Others,,,,,,,,
921,B-4-G-2247,Kali Mai Crop Production Group,2077/078,2077-12-26,19,Pipara,7,Component A,Crop,Others,,,,,,,,
922,B-4-G-2248,Kalika Vegetable  Production Group,2077/078,2077-12-03,19,Pipara,5,Component A,Crop,Others,,,,,,,,
923,B-4-H-2249,Krishna Crop Production Group,2077/078,2077-05-12,19,Ekdara,6,Component A,Crop,Others,,,,,,,,
924,B-4-G-2250,Krishna Crop Production Group (A),2077/078,2077-06-07,19,Pipara,3,Component A,Crop,Others,,,,,,,,
925,B-4-G-2251,Laxmi Crop Production Group,2077/078,2077-06-08,19,Pipara,2,Component A,Crop,Others,,,,,,,,
926,B-4-H-2252,Ma Bhawani Crop Production Group,2077/078,2077-04-27,19,Ekdara,5,Component A,Crop,Others,,,,,,,,
927,B-4-G-2253,Ma Durga Crop Production Group,2077/078,2077-06-05,19,Pipara,4,Component A,Crop,Others,,,,,,,,
928,B-4-H-2255,Ma Santoshi Crop Production Group,2077/078,2077-11-20,19,Ekdara,2,Component A,Crop,Others,,,,,,,,
929,B-4-G-2256,Ma Santoshi Crop Production Group (A),2077/078,2077-06-23,19,Pipara,1,Component A,Crop,Others,,,,,,,,
930,B-4-G-2257,Mahabir Crop Production Group,2077/078,2077-11-29,19,Pipara,5,Component A,Crop,Others,,,,,,,,
931,B-4-H-2258,Mahadev Vegetable Production Group,2077/078,2077-04-28,19,Ekdara,6,Component A,Crop,Others,,,,,,,,
932,B-4-H-2260,Maharani Crop Production Group,2077/078,2077-06-24,19,Ekdara,4,Component A,Crop,Others,,,,,,,,
933,B-4-H-2261,Meharban Crop Production Group,2077/078,2077-12-25,19,Ekdara,1,Component A,Crop,Others,,,,,,,,
934,B-4-H-2263,Mithila Crop Production Group,2077/078,2077-06-26,19,Ekdara,6,Component A,Crop,Others,,,,,,,,
935,B-4-H-2265,Nausadh Crop Production Group,2077/078,2077-12-02,19,Ekdara,1,Component A,Crop,Others,,,,,,,,
936,B-4-H-2266,Om Crop Production Group,2077/078,2077-12-23,19,Ekdara,2,Component A,Crop,Others,,,,,,,,
937,B-4-G-2267,Pratigya Crop Production Group,2077/078,2077-06-25,19,Pipara,1,Component A,Crop,Others,,,,,,,,
938,B-4-H-2268,Purnawas Crop Production Group,2077/078,2077-04-30,19,Ekdara,6,Component A,Crop,Others,,,,,,,,
939,B-4-H-2269,Radha Krishna Crop Production Group,2077/078,2077-12-23,19,Ekdara,2,Component A,Crop,Others,,,,,,,,
940,B-4-H-2270,Raj Laxmi Vegetable Production Group,2077/078,2077-11-22,19,Ekdara,1,Component A,Crop,Others,,,,,,,,
941,B-4-H-2272,Ram Janaki Crop Production Group,2077/078,2077-06-23,19,Ekdara,४,Component A,Crop,Others,,,,,,,,
942,B-4-G-2274,Sankat Mochan Crop Production Group,2077/078,2077-12-25,19,Pipara,7,Component A,Crop,Others,,,,,,,,
943,B-4-G-2276,Saraswoti Seed Production Group,2077/078,2077-05-26,19,Pipara,2,Component A,Crop,Seed Producers,,,,,,,,
944,B-4-H-2277,Shankar Crop Production Group,2077/078,2077-12-28,19,Ekdara,3,Component A,Crop,Others,,,,,,,,
945,B-4-G-2279,Shiva Seed Production Group,2077/078,2077-04-21,19,Pipara,3,Component A,Crop,Seed Producers,,,,,,,,
946,B-4-H-2281,Shiva Crop Production Group,2077/078,2077-06-09,19,Ekdara,5,Component A,Crop,Seed Producers,,,,,,,,
947,B-4-G-2283,Shree Bolenath Crop Production Group,2077/078,2077-06-15,19,Pipara,3,Component A,Crop,Others,,,,,,,,
948,B-4-G-2284,Shree Ram Crop Production Group,2077/078,2077-06-04,19,Pipara,4,Component A,Crop,Others,,,,,,,,
949,B-4-G-2287,Shree Saraswoti Crop Production Group,2077/078,2077-06-04,19,Pipara,4,Component A,Crop,Others,,,,,,,,
950,B-4-H-2288,Sita Crop Production Group,2077/078,2077-06-01,19,Ekdara,5,Component A,Crop,Others,,,,,,,,
951,B-4-G-2290,Sonabati Vegetable Production Group,2077/078,2077-12-04,19,Pipara,5,Component A,Crop,Others,,,,,,,,
952,B-4-G-2291,Tapsi Vegetable  Production Group,2077/078,2077-12-01,19,Pipara,6,Component A,Crop,Others,,,,,,,,
953,B-4-H-2292,Upkar Crop Production Group,2077/078,2077-05-28,19,Ekdara,6,Component A,Crop,Others,,,,,,,,
954,B-4-G-2293,Kalyani Crop Production Group,2077/078,2077-12-11,19,Pipara,6,Component A,Crop,Others,,,,,,,,
955,B-4-G-2294,Jay Hanuman Crop Production Group,2077/078,2077-04-25,19,Pipara,4,Component A,Crop,Others,,,,,,,,
956,B-4-H-2295,Dalit Crop Production Group,2077/078,2077-05-29,19,Ekdara,6,Component A,Crop,Others,,,,,,,,
957,B-3-E-2296,Bhuiya Baba Farmer Group,2077/078,2077-12-15,20,Dhanauji ,4,Component A,Crop,Others,,,,,,,,
958,B-3-E-2297,Bishwokarma Farmer Group,2077/078,2077-12-05,20,Dhanauji ,4,Component A,Crop,Others,,,,,,,,
959,B-3-E-2298,Buddha Baba Farmer Group,2077/078,2077-10-16,20,Dhanauji ,3,Component A,Crop,Others,,,,,,,,
960,B-3-F-2299,Dhan laxmi Farmer Group,2077/078,2077-05-23,20,Mukhiyapatti Musaharmiya,5,Component A,Crop,Others,,,,,,,,
961,B-3-E-2300,Dihar Baba Farmer Group,2077/078,2077-06-17,20,Dhanauji ,2,Component A,Crop,Others,,,,,,,,
962,B-3-F-2301,Durga Farmer Group,2077/078,2077-04-18,20,Mukhiyapatti Musaharmiya,4,Component A,Crop,Others,,,,,,,,
963,B-3-E-2302,Ganesh Farmer Group (B),2077/078,2077-06-15,20,Dhanauji ,4,Component A,Crop,Others,,,,,,,,
964,B-3-E-2303,Hanuman Farmer Group,2077/078,2077-06-14,20,Dhanauji ,1,Component A,Crop,Others,,,,,,,,
965,B-3-F-2304,Haridwar  Farmer Group,2077/078,2077-04-19,20,Mukhiyapatti Musaharmiya,5,Component A,Crop,Others,,,,,,,,
966,B-3-E-2305,Hariyali Farmer Group,2077/078,2077-06-10,20,Dhanauji ,3,Component A,Crop,Others,,,,,,,,
967,B-3-F-2306,Hariyoban Farmer group,2077/078,2077-06-06,20,Mukhiyapatti Musaharmiya,3,Component A,Crop,FFS (Crop),,,,,,,,
968,B-3-E-2307,Jagadamba Farmer Group,2077/078,2077-07-10,20,Dhanauji ,3,Component A,Crop,Others,,,,,,,,
969,B-3-F-2308,Janaki Nandani Farmer Group,2077/078,2077-08-18,20,Mukhiyapatti Musaharmiya,3,Component A,Crop,Others,,,,,,,,
970,B-3-E-2309,Janaki Farmer Group,2077/078,2077-08-18,20,Dhanauji ,4,Component A,Crop,Others,,,,,,,,
971,B-3-E-2310,Jansewa Farmer Group,2077/078,2077-07-18,20,Dhanauji ,5,Component A,Crop,Others,,,,,,,,
972,B-3-F-2311,Jay Kisan Seed Production Group,2077/078,2077-04-25,20,Mukhiyapatti Musaharmiya,4,Component A,Crop,Seed Producers,,,,,,,,
973,B-3-E-2312,Jay Kishan Krishak Samuha,2077/078,2077-11-18,20,Dhanauji ,1,Component A,Crop,Others,,,,,,,,
974,B-3-E-2313,Jay Maa Durga Farmer Group (B),2077/078,2077-10-18,20,Dhanauji ,1,Component A,Crop,Others,,,,,,,,
975,B-3-F-2314,Jay Maa Girija Farmer Group,2077/078,2077-10-18,20,Mukhiyapatti Musaharmiya,6,Component A,Crop,Others,,,,,,,,
976,B-3-E-2315,Jay Ma Sarasawati Farmer Group,2077/078,2077-06-01,20,Dhanauji ,4,Component A,Crop,Others,,,,,,,,
977,B-3-E-2316,Karanali Farmer Group,2077/078,2077-12-04,20,Dhanauji ,2,Component A,Crop,Others,,,,,,,,
978,B-3-F-2317,Laliguras Farmer Group (B),2077/078,2077-06-06,20,Mukhiyapatti Musaharmiya,6,Component A,Crop,Others,,,,,,,,
979,B-3-F-2318,Laxmi Narayan Farmer Group,2077/078,2077-05-26,20,Mukhiyapatti Musaharmiya,3,Component A,Crop,Others,,,,,,,,
980,B-3-F-2319,Maa Girija Farmer Group,2077/078,2077-04-20,20,Mukhiyapatti Musaharmiya,5,Component A,Crop,Others,,,,,,,,
981,B-3-E-2320,Maa Durga Farmer Group,2077/078,2077-12-01,20,Dhanauji ,4,Component A,Crop,Others,,,,,,,,
982,B-3-E-2321,Maa Janaki Krishak Samuha,2077/078,2077-10-22,20,Dhanauji ,3,Component A,Crop,Others,,,,,,,,
983,B-3-E-2322,Mahabir Farmer Group,2077/078,2077-10-21,20,Dhanauji ,1,Component A,Crop,Others,,,,,,,,
984,B-3-E-2323,Mahadev Farmer Group,2077/078,2077-07-24,20,Dhanauji ,2,Component A,Crop,Others,,,,,,,,
985,B-3-E-2324,Maharani Farmer Group,2077/078,2077-07-11,20,Dhanauji ,4,Component A,Crop,Others,,,,,,,,
986,B-3-F-2330,Nuri Krishak Samuha,2077/078,2077-08-20,20,Mukhiyapatti Musaharmiya,3,Component A,Crop,Others,,,,,,,,
987,B-3-E-2333,Pragati Krishak Samuha,2077/078,2077-03-05,20,Dhanauji ,4,Component A,Crop,Others,,,,,,,,
988,B-3-E-2334,Pragatishil Krishak Samuha (C),2077/078,2077-12-15,20,Dhanauji ,1,Component A,Crop,Others,,,,,,,,
989,B-3-E-2335,Radhe Kishan Krishak Samuha,2077/078,2977-11-26,20,Dhanauji ,3,Component A,Crop,Others,,,,,,,,
990,B-3-E-2336,Raja Salesh krishak Samuha,2077/078,2977-11-26,20,Dhanauji ,2,Component A,Crop,Others,,,,,,,,
991,B-3-E-2337,Ram Janaki Biu Utpadan krishak Samuha,2077/078,2077-07-04,20,Dhanauji ,2,Component A,Crop,Seed Producers,,,,,,,,
992,B-3-F-2338,Ram Janaki Krishak Samuha,2077/078,2077-05-06,20,Mukhiyapatti Musaharmiya,6,Component A,Crop,Others,,,,,,,,
993,B-3-F-2339,Ram Janaki Krishak Samuha (B),2077/078,2077-04-23,20,Mukhiyapatti Musaharmiya,6,Component A,Crop,Others,,,,,,,,
994,B-3-E-2340,Ram kalyan Krishak Samuha,2077/078,2077-06-14,20,Dhanauji ,1,Component A,Crop,Others,,,,,,,,
995,B-3-E-2341,Ram Krishak Samuha,2077/078,2077-06-01,20,Dhanauji ,3,Component A,Crop,Others,,,,,,,,
996,B-3-F-2342,Sagarmatha Biu Utpadan krishak Samuha,2077/078,2077-04-04,20,Mukhiyapatti Musaharmiya,5,Component A,Crop,Seed Producers,,,,,,,,
997,B-3-E-2343,Sagarmatha Farmer Group,2077/078,2077-12-15,20,Dhanauji ,1,Component A,Crop,Others,,,,,,,,
998,B-3-F-2344,Santoshi maa Krishak Samuha,2077/078,2077-04-23,20,Mukhiyapatti Musaharmiya,4,Component A,Crop,Others,,,,,,,,
999,B-3-E-2345,Shree Bhairab Krishak Samuha,2077/078,2077-06-20,20,Dhanauji ,5,Component A,Crop,Others,,,,,,,,
1000,B-3-E-2346,Shree Kishan Krishak Samuha,2077/078,2077-06-05,20,Dhanauji ,5,Component A,Crop,Others,,,,,,,,
1001,B-3-E-2347,Shree Laxmi Krishak Samuha,2077/078,2077-11-06,20,Dhanauji ,5,Component A,Crop,Others,,,,,,,,
1002,B-3-E-2348,Shree bajrang Krishak Samuha,2077/078,2077-12-21,20,Dhanauji ,4,Component A,Crop,Others,,,,,,,,
1003,B-3-F-2349,Sita Ram Krishak Samuha,2077/078,2077-08-19,20,Mukhiyapatti Musaharmiya,3,Component A,Crop,Others,,,,,,,,
1004,B-3-E-2350,Aadarsha Farmer Group,2077/078,2077-07-21,20,Dhanauji ,4,Component A,Crop,Others,,,,,,,,
1005,B-3-E-2351,Baudhi Mai Farmer Group,2077/078,2077-12-04,20,Dhanauji ,4,Component A,Crop,Others,,,,,,,,
1006,B-3-E-2353,Bhola baba Farmer Group (B),2077/078,2077-11-15,20,Dhanauji ,1,Component A,Crop,Others,,,,,,,,
1007,B-3-F-2354,Ganga Farmer Group,2077/078,2077-08-20,20,Mukhiyapatti Musaharmiya,6,Component A,Crop,Others,,,,,,,,
1008,B-3-F-2356,Manakamana Krishak Samuha (a),2077/078,2077-05-20,20,Mukhiyapatti Musaharmiya,3,Component A,Crop,Others,,,,,,,,
1009,B-3-E-2357,Mithila Farmer Group,2077/078,2077-02-01,20,Dhanauji ,5,Component A,Crop,Others,,,,,,,,
1010,B-3-F-2358,Tulsi Farmer Group,2077/078,2077-05-21,20,Mukhiyapatti Musaharmiya,3,Component A,Crop,Others,,,,,,,,
1011,B-3-E-2359,Upakar Farmer Group,2077/078,2077-11-22,20,Dhanauji ,3,Component A,Crop,Others,,,,,,,,
1012,B-3-F-2360,Bhairab Vegetable  Production Group,2077/078,2077-06-02,20,Mukhiyapatti Musaharmiya,3,Component A,Crop,Others,,,,,,,,
1013,B-4-G-2362,Sitara Kukhura Palan Samuha,2077/078,2077-12-04,19,Pipara,6,Component A,Livestock,Promotion Program (Poultry),,,,,,,,
1014,B-4-H-2363,Rijbi Bakhra Palan Samuha,2077/078,2078-01-12,19,Ekdara,1,Component A,Livestock,Promotion Program (Goat),,,,,,,,
1015,B-4-H-2364,Chand Bakhra Palan Samuha,2077/078,2078-01-13,19,Ekdara,1,Component A,Livestock,Promotion Program (Goat),,,,,,,,
1016,B-4-H-2365,Laxmi Bakhra Palan Samuha,2077/078,2078-01-08,19,Ekdara,1,Component A,Livestock,Others,,,,,,,,
1017,B-4-H-2366,Chand Tara Bakhra Palan Samuha,2077/078,2078-01-14,19,Ekdara,1,Component A,Livestock,Promotion Program (Goat),,,,,,,,
1018,B-4-H-2367,Pratibha Bakhra Palan Samuha,2077/078,2077-12-12,19,Ekdara,4,Component A,Livestock,Others,,,,,,,,
1019,B-4-H-2368,Mohan Gai Bhainshi Samuha,2077/078,2077-12-23,19,Ekdara,1,Component A,Livestock,Others,,,,,,,,
1020,B-4-H-2369,Sankar Pashupalan Samuha,2077/078,2077-12-24,19,Ekdara,1,Component A,Livestock,Others,,,,,,,,
1021,A-1-B-2370,Sanidev Bakhrapalan Samuha,2077/078,2077-06-21,22,166,1,Component A,Livestock,Others,,,,,,,,
1022,A-1-B-2371,Sanidev Pashupalan Samuha,2077/078,2077-06-21,22,166,1,Component A,Livestock,Others,,,,,,,,
1023,A-1-B-2372,Shree Dihibaar Pashupalan Samuha,2077/078,2077-05-26,22,166,6,Component A,Livestock,Promotion Program (Dairy),,,,,,,,
1024,A-1-B-2373,Shree Dihibaar Baba Pashupalan Samuha 1667,2077/078,2077-06-26,22,166,7,Component A,Livestock,Promotion Program (Goat),,,,,,,,
1025,A-1-B-2374,Shree Laxmi Poultry Prabandhan Samuha,2077/078,2077-06-22,22,166,1,Component A,Livestock,Others,,,,,,,,
1026,A-1-A-2377,Jai Dihibaar Baba Pashupalan Samuha,2077/078,2077-06-23,22,Rajgadh,2,Component A,Livestock,Promotion Program (Goat),,,,,,,,
1027,A-1-A-2378,Kali Maa Pashupalan Samuha,2077/078,2077-06-20,22,Rajgadh,4,Component A,Livestock,Others,,,,,,,,
1028,A-1-A-2379,Shree Maa Bhagwati Pashupalan Samuha,2077/078,2077-05-31,22,Rajgadh,3,Component A,Livestock,Others,,,,,,,,
1029,A-1-A-2381,Pratigya Pashupalan Samuha,2077/078,2077-06-21,22,Rajgadh,6,Component A,Livestock,Others,,,,,,,,
1030,A-1-A-2382,Jai Bishara Baba Pashupalan Samuha,2077/078,2077-06-25,22,Rajgadh,2,Component A,Livestock,Promotion Program (Goat),,,,,,,,
1031,A-1-A-2383,Shree Bishwakarma Baba Pashupalan Samuha,2077/078,2077-06-20,22,Rajgadh,6,Component A,Livestock,Promotion Program (Dairy),,,,,,,,
1032,A-1-A-2384,Shree Braham baba Pashupalan Samuha,2077/078,2077-06-24,22,Rajgadh,6,Component A,Livestock,Others,,,,,,,,
1033,A-1-A-2385,Shree Kamala Mata Pashupalan Samuha,2077/078,2077-06-13,22,Rajgadh,4,Component A,Livestock,Others,,,,,,,,
1034,A-1-A-2386,Shree Keshav Bakhrapalan Samuha,2077/078,2077-06-05,22,Rajgadh,3,Component A,Livestock,Others,,,,,,,,
1035,A-1-A-2387,Shree Maa Gayatri Pashupalan Samuha,2077/078,2077-06-11,22,Rajgadh,4,Component A,Livestock,Others,,,,,,,,
1036,A-1-A-2388,Shree Mairam Gai Palan Samuha,2077/078,2077-06-22,22,Rajgadh,3,Component A,Livestock,Others,,,,,,,,
1037,A-1-A-2389,Shree Ram Janaki Pashupalan Samuha,2077/078,2077-06-28,22,Rajgadh,2,Component A,Livestock,Others,,,,,,,,
1038,A-1-A-2390,Shree Ramrahim Pashupalan Samuha,2077/078,2077-06-27,22,Rajgadh,2,Component A,Livestock,Others,,,,,,,,
1039,A-1-A-2391,Shree Sanidev Pasupalan Samuha,2077/078,2077-06-21,22,Rajgadh,4,Component A,Livestock,Promotion Program (Dairy),,,,,,,,
1040,A-1-A-2392,Bishwakarma Baba Pashupalan Samuha,2077/078,2077-06-12,22,Rajgadh,6,Component A,Livestock,Others,,,,,,,,
1041,A-1-A-2393,Kali Maa Pashupalan Samuha Rajgadh,2077/078,2077-06-20,22,Rajgadh,4,Component A,Livestock,Others,,,,,,,,
1042,A-1-B-2394,Radha Krishana Bakhra Prabandhan Samuha,2077/078,2077-06-28,22,166,4,Component A,Livestock,Promotion Program (Goat),,,,,,,,
1043,A-1-B-2395,Ranjitpur Bakhra Prabandhan Krishak Samuha,2077/078,2077-05-26,22,166,6,Component A,Livestock,Promotion Program (Goat),,,,,,,,
1044,A-2-C-2396,Shiv Shambhu Gharaishi Poshan bachaicha samuha,2077/078,1900-01-24,21,164,3,Component C,Nutrition,Home Nutrition Garden (Nutrition),,,,,,,,
1045,A-2-C-2397,Bishwakarma Gharbari Poshan Bagaicha Samuha (Aama Samuha),2077/078,1900-01-21,21,164,4,Component C,Nutrition,Home Nutrition Garden (Nutrition),,,,,,,,
1046,A-2-C-2399,Murali Manohar Gharaishi Poshan Bachaicha Samuha,2077/078,2077-03-05,21,164,4,Component C,Nutrition,Home Nutrition Garden (Nutrition),,,,,,,,
1047,A-2-C-2400,Radha Krishna Gharbari Poshan Bagaicha Samuha,2077/078,2077-07-06,21,164,4,Component C,Nutrition,Home Nutrition Garden (Nutrition),,,,,,,,
1048,A-2-C-2401,Gauri Gharayasi Poshan Bagaicha Samuha (Aama Samuha),2077/078,2077-06-06,21,164,5,Component C,Nutrition,Home Nutrition Garden (Nutrition),,,,,,,,
1049,A-2-C-2402,Harsingh Dev Gharayasi Poshan Bagaicha Samuha (Aama Samuha),2077/078,1900-01-26,21,164,5,Component C,Nutrition,Home Nutrition Garden (Nutrition),,,,,,,,
1050,A-2-C-2403,Ma Bhagwati Gharayasi Poshan Bagaicha Samuha (Aama Samuha),2077/078,2077-09-06,21,164,5,Component C,Nutrition,Home Nutrition Garden (Nutrition),,,,,,,,
1051,A-2-C-2404,Maa Sati Gharayasi Poshan Bagaicha Samuha (Aama Samuha),2077/078,1900-01-13,21,164,5,Component C,Nutrition,Home Nutrition Garden (Nutrition),,,,,,,,
1052,A-2-C-2405,Mansamai Gharayasi Poshan Bagaicha Samuha (Aama Samuha),2077/078,1900-01-21,21,164,5,Component C,Nutrition,Home Nutrition Garden (Nutrition),,,,,,,,
1053,A-2-C-2406,Rukmani Gharayasi Poshan Bagaicha Samuha (Aama Samuha),2077/078,1900-01-19,21,164,5,Component C,Nutrition,Home Nutrition Garden (Nutrition),,,,,,,,
1054,B-4-H-2407,Gauri Annbali crop production group,2077/078,2077-12-08,19,Ekdara,1,Component A,Crop,Others,,,,,,,,
1055,B-4-H-2408,Jan Samuday Annbali crop production group,2077/078,2077-12-10,19,Ekdara,5,Component A,Crop,Others,,,,,,,,
1056,B-4-G-2411,Prakash vegetable crop group,2077/078,2077-12-12,19,Pipara,5,Component A,Crop,Others,,,,,,,,
1057,A-1-A-2412,Aradhya gharayasi poshan bagaicha samuh,2077/078,1900-01-25,22,Rajgadh,2,Component C,Nutrition,Home Nutrition Garden (Nutrition),,,,,,,,
1058,A-1-A-2413,Shree bajarangbali gharayasi poshan bagaicha samuh,2077/078,1900-01-26,22,Rajgadh,2,Component C,Nutrition,Home Nutrition Garden (Nutrition),,,,,,,,
1059,A-1-A-2414,Shree jay maa kali gharayasi poshan bagaicha samuh,2077/078,1900-01-19,22,Rajgadh,2,Component C,Nutrition,Home Nutrition Garden (Nutrition),,,,,,,,
1060,A-1-B-2415,Lali guras gharayasi poshan bagaicha samuh,2077/078,1900-01-21,22,166,1,Component C,Nutrition,Home Nutrition Garden (Nutrition),,,,,,,,
1061,A-1-B-2416,Maa Bhagwati gharayasi poshan bagaicha samuh,2077/078,1900-01-18,22,166,1,Component C,Nutrition,Home Nutrition Garden (Nutrition),,,,,,,,
1062,A-1-B-2417,Maa Durga gharayasi poshan bagaicha samuh,2077/078,2077-01-23,22,166,1,Component C,Nutrition,Home Nutrition Garden (Nutrition),,,,,,,,
1063,A-1-B-2419,Mahila tatha sishu gharayasi poshan bagaicha samuh,2077/078,2077-02-06,22,166,1,Component C,Nutrition,Home Nutrition Garden (Nutrition),,,,,,,,
1064,A-1-B-2420,Maa sabari gharayasi poshan bagaicha samuh,2077/078,1900-01-23,22,166,4,Component C,Nutrition,Home Nutrition Garden (Nutrition),,,,,,,,
1065,A-1-B-2421,Maa santoshi gharayasi poshan bagaicha samuh,2077/078,1900-01-27,22,166,4,Component C,Nutrition,Home Nutrition Garden (Nutrition),,,,,,,,
1066,A-1-B-2422,Maa Saraswoti gharayasi poshan bagaicha samuh,2077/078,1900-01-26,22,166,4,Component C,Nutrition,Home Nutrition Garden (Nutrition),,,,,,,,
1067,A-1-B-2423,Maa janaki gharayasi poshan bagaicha samuh,2077/078,1900-01-30,22,166,6,Component C,Nutrition,Home Nutrition Garden (Nutrition),,,,,,,,
1068,A-1-B-2425,Shree bhadri  gharayasi poshan bagaicha samuh,2077/078,2077-08-06,22,166,6,Component C,Nutrition,Home Nutrition Garden (Nutrition),,,,,,,,
1069,A-1-B-2427,Shree shani baba   gharayasi poshan bagaicha samuh,2077/078,2077-04-06,22,166,6,Component C,Nutrition,Home Nutrition Garden (Nutrition),,,,,,,,
1070,A-1-B-2429,maa saraswoti   gharayasi poshan bagaicha samuh,2077/078,1900-01-19,22,166,7,Component C,Nutrition,Home Nutrition Garden (Nutrition),,,,,,,,
1071,A-1-B-2430,shree balkrishna gharayasi poshan bagaicha samuh,2077/078,2077-10-06,22,166,7,Component C,Nutrition,Home Nutrition Garden (Nutrition),,,,,,,,
1072,A-1-B-2431,shree baba dharmaraaj  gharayasi poshan bagaicha samuh,2077/078,1900-01-24,22,166,7,Component C,Nutrition,Home Nutrition Garden (Nutrition),,,,,,,,
1073,A-1-B-2432,shree krishna gharayasi poshan bagaicha samuh,2077/078,1900-01-21,22,166,7,Component C,Nutrition,Home Nutrition Garden (Nutrition),,,,,,,,
1074,A-1-A-2434,Maa sharada gharayasi poshan bagaicha samuh,2077/078,2077-08-05,22,Rajgadh,3,Component C,Nutrition,Home Nutrition Garden (Nutrition),,,,,,,,
1075,A-1-A-2440,shree jay baba bajarangbali  gharayasi poshan bagaicha samuh,2077/078,1900-01-14,22,Rajgadh,3,Component C,Nutrition,Home Nutrition Garden (Nutrition),,,,,,,,
1076,A-1-A-2441,shree shanyasi baba gharayasi poshan bagaicha samuh,2077/078,2077-10-08,22,Rajgadh,3,Component C,Nutrition,Home Nutrition Garden (Nutrition),,,,,,,,
1077,A-1-A-2442,shree saraswoti gharayasi poshan bagaicha samuh,2077/078,1900-01-17,22,Rajgadh,3,Component C,Nutrition,Home Nutrition Garden (Nutrition),,,,,,,,
1078,A-1-A-2445,Shri bvagwote gharayasi poshan bagaicha samuh,2077/078,1900-01-19,22,Rajgadh,3,Component C,Nutrition,Home Nutrition Garden (Nutrition),,,,,,,,
1079,B-4-H-2446,Aarati Nutrition Mother Group,2077/078,2077-06-17,19,Ekdara,5,Component C,Nutrition,Home Nutrition Garden (Nutrition),,,,,,,,
1080,B-4-H-2447,Bhagwati Nutrition Mother Group-A Ekdara,2077/078,2077-12-29,19,Ekdara,4,Component C,Nutrition,Home Nutrition Garden (Nutrition),,,,,,,,
1081,B-4-H-2448,Dalit Nutrition Mother Group,2077/078,2077-12-04,19,Ekdara,2,Component C,Nutrition,Home Nutrition Garden (Nutrition),,,,,,,,
1082,B-4-H-2449,Durga Nutrition Mother Group,2077/078,2077-06-02,19,Ekdara,4,Component C,Nutrition,Home Nutrition Garden (Nutrition),,,,,,,,
1083,B-4-H-2450,Gauri Nutrition Mother Group,2077/078,2077-06-09,19,Ekdara,4,Component C,Nutrition,Home Nutrition Garden (Nutrition),,,,,,,,
1084,B-4-H-2451,Gyatri Nutrition Mother Group,2077/078,2077-06-30,19,Ekdara,5,Component C,Nutrition,Home Nutrition Garden (Nutrition),,,,,,,,
1085,B-4-H-2452,Jagdamba Nutrition Mother Group,2077/078,2077-12-06,19,Ekdara,2,Component C,Nutrition,Home Nutrition Garden (Nutrition),,,,,,,,
1086,B-4-H-2453,Janaki Nutrition Mother Group,2077/078,2077-04-14,19,Ekdara,5,Component C,Nutrition,Home Nutrition Garden (Nutrition),,,,,,,,
1087,B-4-H-2454,Laxmi Nutrition Mother Group-Ekdara-5,2077/078,2077-04-20,19,Ekdara,5,Component C,Nutrition,Home Nutrition Garden (Nutrition),,,,,,,,
1088,B-4-H-2455,Maa Baishno Nutrition Mother Group,2077/078,2077-06-28,19,Ekdara,6,Component C,Nutrition,Home Nutrition Garden (Nutrition),,,,,,,,
1089,B-4-H-2456,Ma Laxmi Nutrition Mother Group,2077/078,2077-04-23,19,Ekdara,6,Component C,Nutrition,Home Nutrition Garden (Nutrition),,,,,,,,
1090,B-4-H-2457,Maa Santoshi Nutrition Mother Group,2077/078,2077-04-22,19,Ekdara,5,Component C,Nutrition,Home Nutrition Garden (Nutrition),,,,,,,,
1091,B-4-H-2458,Maharani Nutrition Mother Group,2077/078,2077-04-21,19,Ekdara,5,Component C,Nutrition,Home Nutrition Garden (Nutrition),,,,,,,,
1092,B-4-H-2459,Mahodari Nutrition Mother Group,2077/078,2077-04-20,19,Ekdara,6,Component C,Nutrition,Home Nutrition Garden (Nutrition),,,,,,,,
1093,B-4-H-2460,Maya Nutrition Mother Group,2077/078,2077-12-09,19,Ekdara,3,Component C,Nutrition,Home Nutrition Garden (Nutrition),,,,,,,,
1094,B-4-H-2461,Mira Nutrition Mother Group,2077/078,2021-06-15,19,Ekdara,2,Component C,Nutrition,Home Nutrition Garden (Nutrition),,,,,,,,
1095,B-4-H-2462,Nabi Nutrition Mother Group,2077/078,2077-06-29,19,Ekdara,6,Component C,Nutrition,Home Nutrition Garden (Nutrition),,,,,,,,
1096,B-4-H-2463,Nagina Nutrition Mother Group,2077/078,2077-06-30,19,Ekdara,6,Component C,Nutrition,Home Nutrition Garden (Nutrition),,,,,,,,
1097,B-4-H-2464,Nuri Nutrition Mother Group,2077/078,2077-06-23,19,Ekdara,5,Component C,Nutrition,Home Nutrition Garden (Nutrition),,,,,,,,
1098,B-4-H-2465,Phatma Nutrition Mother Group,2077/078,2077-06-29,19,Ekdara,5,Component C,Nutrition,Home Nutrition Garden (Nutrition),,,,,,,,
1099,B-4-H-2466,Phool Nutriton Mother Group,2077/078,2077-04-25,19,Ekdara,5,Component C,Nutrition,Home Nutrition Garden (Nutrition),,,,,,,,
1100,B-4-H-2467,Puja Nutrition Mother Group,2077/078,2077-04-14,19,Ekdara,6,Component C,Nutrition,Home Nutrition Garden (Nutrition),,,,,,,,
1101,B-4-H-2468,Radha Nutrition Mother Group-A Ekdara,2077/078,2077-06-07,19,Ekdara,4,Component C,Nutrition,Home Nutrition Garden (Nutrition),,,,,,,,
1102,B-4-H-2469,Raunak Nutrition Mother Group,2077/078,2077-12-25,19,Ekdara,1,Component C,Nutrition,Home Nutrition Garden (Nutrition),,,,,,,,
1103,B-4-H-2470,Sagun Nutrition Mother Group,2077/078,2077-06-05,19,Ekdara,6,Component C,Nutrition,Home Nutrition Garden (Nutrition),,,,,,,,
1104,B-4-H-2471,Samme Raja Nutrition Mother Group,2077/078,1900-01-22,19,Ekdara,6,Component C,Nutrition,Home Nutrition Garden (Nutrition),,,,,,,,
1105,B-4-H-2472,Sarswati Nutrition Mother Group,2077/078,2077-12-31,19,Ekdara,4,Component C,Nutrition,Home Nutrition Garden (Nutrition),,,,,,,,
1106,B-4-H-2473,Sati Nutrition Mother Group,2077/078,2077-07-13,19,Ekdara,5,Component C,Nutrition,Home Nutrition Garden (Nutrition),,,,,,,,
1107,B-4-G-2475,Annpurn Nutrition Mother Group,2077/078,2077-05-27,19,Pipara,2,Component C,Nutrition,Home Nutrition Garden (Nutrition),,,,,,,,
1108,B-4-G-2476,Ashiyani Nutrition Mother Group,2077/078,2077-12-03,19,Pipara,5,Component C,Nutrition,Home Nutrition Garden (Nutrition),,,,,,,,
1109,B-4-G-2477,Baudhi Nutrition Mother Group,2077/078,2077-11-15,19,Pipara,7,Component C,Nutrition,Home Nutrition Garden (Nutrition),,,,,,,,
1110,B-4-G-2478,Bebi Nutrition Mother Group,2077/078,2077-12-04,19,Pipara,6,Component C,Nutrition,Home Nutrition Garden (Nutrition),,,,,,,,
1111,B-4-G-2479,Bholenath Nutrition Mother Group,2077/078,2077-07-17,19,Pipara,1,Component C,Nutrition,Home Nutrition Garden (Nutrition),,,,,,,,
1112,B-4-G-2480,Durga Nutrition Mother Group A Pipra,2077/078,2077-04-12,19,Pipara,3,Component C,Nutrition,Home Nutrition Garden (Nutrition),,,,,,,,
1113,B-4-G-2481,Gulab ko phul Nutrition mother gorup,2077/078,2077-07-05,19,Pipara,1,Component C,Nutrition,Home Nutrition Garden (Nutrition),,,,,,,,
1114,B-4-G-2482,Janaki Nutrition Mother Group -A pipra,2077/078,2077-07-13,19,Pipara,3,Component C,Nutrition,Home Nutrition Garden (Nutrition),,,,,,,,
1115,B-4-G-2484,Kamal ko Phool Nutiriton Mother Group,2077/078,2077-07-12,19,Pipara,4,Component C,Nutrition,Home Nutrition Garden (Nutrition),,,,,,,,
1116,B-4-G-2485,Krishna Nutrition mother Group,2077/078,2077-07-09,19,Pipara,1,Component C,Nutrition,Home Nutrition Garden (Nutrition),,,,,,,,
1117,B-4-G-2486,Laligurans Nutrition Mother Group,2077/078,2077-07-10,19,Pipara,1,Component C,Nutrition,Home Nutrition Garden (Nutrition),,,,,,,,
1118,B-4-G-2487,Laxmi Nutrition Mother Group-Pipra,2077/078,2077-12-02,19,Pipara,5,Component C,Nutrition,Home Nutrition Garden (Nutrition),,,,,,,,
1119,B-4-G-2488,Maa Bhawani Nutrition Mother Group,2077/078,2077-07-12,19,Pipara,3,Component C,Nutrition,Home Nutrition Garden (Nutrition),,,,,,,,
1120,B-4-G-2489,Maa Janaki Nutrition Mother Group,2077/078,2077-04-25,19,Pipara,2,Component C,Nutrition,Home Nutrition Garden (Nutrition),,,,,,,,
1121,B-4-G-2490,Manokamna Nutrition Mother Group-A pipra,2077/078,2077-04-25,19,Pipara,4,Component C,Nutrition,Home Nutrition Garden (Nutrition),,,,,,,,
1122,B-3-F-2491,Aarohi Mithila Farmer Group,2077/078,2078-02-19,20,Mukhiyapatti Musaharmiya,5,Component A,Crop,Others,,,,,,,,
1123,B-3-F-2492,Dihbar Farmer Group,2077/078,2078-02-21,20,Mukhiyapatti Musaharmiya,2,Component A,Crop,Others,,,,,,,,
1124,B-3-F-2493,Jay Hanuman Farmer Group,2077/078,2078-01-12,20,Mukhiyapatti Musaharmiya,1,Component A,Crop,Others,,,,,,,,
1125,B-3-F-2494,Jay Shree Ram Farmer Group,2077/078,2077-12-12,20,Mukhiyapatti Musaharmiya,1,Component A,Crop,Others,,,,,,,,
1126,B-3-F-2495,Muktinath Farmer Group,2077/078,2078-02-25,20,Mukhiyapatti Musaharmiya,2,Component A,Crop,Others,,,,,,,,
1127,B-3-F-2496,Phulbari Farmer Group,2077/078,2078-01-12,20,Mukhiyapatti Musaharmiya,1,Component A,Crop,Others,,,,,,,,
1128,B-4-G-2497,Maya Nutrition Mother Group-A pipra,2077/078,2077-12-31,19,Pipara,5,Component C,Nutrition,Home Nutrition Garden (Nutrition),,,,,,,,
1129,B-3-F-2498,Pratiksha Farmer Group,2077/078,2077-12-12,20,Mukhiyapatti Musaharmiya,1,Component A,Crop,Others,,,,,,,,
1130,B-3-F-2499,Prgatishil Farmer Group,2077/078,2077-12-25,20,Mukhiyapatti Musaharmiya,5,Component A,Crop,Others,,,,,,,,
1131,B-4-G-2500,Mithila Nutrition Mother Group,2077/078,2077-07-15,19,Pipara,4,Component C,Nutrition,Home Nutrition Garden (Nutrition),,,,,,,,
1132,B-3-F-2501,Sahalesh Farmer Group,2077/078,2077-12-12,20,Mukhiyapatti Musaharmiya,1,Component A,Crop,Others,,,,,,,,
1133,B-3-F-2502,Shiva Baba Farmer Group,2077/078,2078-01-12,20,Mukhiyapatti Musaharmiya,1,Component A,Crop,Others,,,,,,,,
1134,B-4-G-2503,Parwati Nutrition Mother group,2077/078,2077-07-16,19,Pipara,2,Component C,Nutrition,Home Nutrition Garden (Nutrition),,,,,,,,
1135,B-4-G-2505,Pratibha  Nutrition Mother group,2077/078,2077-04-12,19,Pipara,6,Component C,Nutrition,Home Nutrition Garden (Nutrition),,,,,,,,
1136,B-3-F-2506,Yadhuvansi Farmer Group,2077/078,2078-01-07,20,Mukhiyapatti Musaharmiya,2,Component A,Crop,Others,,,,,,,,
1137,B-3-F-2507,Radha Krishna Farmer Group,2077/078,2078-01-23,20,Mukhiyapatti Musaharmiya,6,Component A,Crop,Others,,,,,,,,
1138,B-4-G-2508,Pratigya Nutrition Mother Group,2077/078,2077-11-14,19,Pipara,7,Component C,Nutrition,Home Nutrition Garden (Nutrition),,,,,,,,
1139,B-3-F-2509,Shree Ram Janaki Farmer Group,2077/078,2077-09-16,20,Mukhiyapatti Musaharmiya,5,Component A,Crop,Others,,,,,,,,
1140,B-4-G-2511,Radhe Nutrition Mothjer Group,2077/078,2077-04-28,19,Pipara,1,Component C,Nutrition,Home Nutrition Garden (Nutrition),,,,,,,,
1141,B-4-G-2512,Rajdevi Nutrition Mother Group,2077/078,2077-04-26,19,Pipara,4,Component C,Nutrition,Home Nutrition Garden (Nutrition),,,,,,,,
1142,B-4-G-2513,Salhesh Nutrition Mother Group,2077/078,2077-04-28,19,Pipara,4,Component C,Nutrition,Home Nutrition Garden (Nutrition),,,,,,,,
1143,B-4-G-2514,Sangini Nutrition Mother Group-A,2077/078,2077-12-05,19,Pipara,6,Component C,Nutrition,Home Nutrition Garden (Nutrition),,,,,,,,
1144,B-4-G-2515,Sansari Nutrition Mother Group,2077/078,2077-12-30,19,Pipara,7,Component C,Nutrition,Home Nutrition Garden (Nutrition),,,,,,,,
1145,B-4-G-2516,Sarswati Nutrition Mother Group-a pipra,2077/078,2077-04-29,19,Pipara,1,Component C,Nutrition,Home Nutrition Garden (Nutrition),,,,,,,,
1146,B-4-G-2517,Shiv Ganga Nutrition Mother Group,2077/078,2077-04-27,19,Pipara,3,Component C,Nutrition,Home Nutrition Garden (Nutrition),,,,,,,,
1147,B-4-G-2518,Simrik Nutrition Mother Group,2077/078,2077-07-18,19,Pipara,4,Component C,Nutrition,Home Nutrition Garden (Nutrition),,,,,,,,
1148,B-4-G-2519,Sita Nutrition Mother Group,2077/078,2077-04-26,19,Pipara,3,Component C,Nutrition,Home Nutrition Garden (Nutrition),,,,,,,,
1149,B-4-G-2520,Upkaar Nutrition Mother Group,2077/078,2077-12-02,19,Pipara,5,Component C,Nutrition,Home Nutrition Garden (Nutrition),,,,,,,,
1150,A-1-A-2521,shree baba kabir sant  gharayasi poshan bagaicha samuh,2077/078,1900-01-26,22,Rajgadh,6,Component C,Nutrition,Home Nutrition Garden (Nutrition),,,,,,,,
1151,A-1-A-2522,Jai mata di  gharayasi poshan bagaicha samuh,2077/078,1900-01-19,22,Rajgadh,6,Component C,Nutrition,Home Nutrition Garden (Nutrition),,,,,,,,
1152,A-1-A-2523,Janaki  gharayasi poshan bagaicha samuh,2077/078,1900-01-19,22,Rajgadh,6,Component C,Nutrition,Home Nutrition Garden (Nutrition),,,,,,,,
1153,A-1-A-2524,jansewa  gharayasi poshan bagaicha samuh,2077/078,1900-01-21,22,Rajgadh,6,Component C,Nutrition,Home Nutrition Garden (Nutrition),,,,,,,,
1154,A-1-A-2525,khan tole gharayasi poshan bagaicha samuh,2077/078,1900-01-23,22,Rajgadh,6,Component C,Nutrition,Home Nutrition Garden (Nutrition),,,,,,,,
1155,A-1-A-2526,unique gharayasi poshan bagaicha samuh,2077/078,1900-01-24,22,Rajgadh,6,Component C,Nutrition,Home Nutrition Garden (Nutrition),,,,,,,,
1156,A-1-A-2527,Jai ganinath gharayasi poshan bagaicha samuh,2077/078,1900-01-26,22,Rajgadh,4,Component C,Nutrition,Home Nutrition Garden (Nutrition),,,,,,,,
1157,A-1-A-2528,Jankalyan gharayasi poshan bagaicha samuh,2077/078,1900-01-19,22,Rajgadh,4,Component C,Nutrition,Home Nutrition Garden (Nutrition),,,,,,,,
1158,A-1-A-2529,Maa gayatri gharayasi poshan bagaicha samuh,2077/078,1900-01-17,22,Rajgadh,4,Component C,Nutrition,Home Nutrition Garden (Nutrition),,,,,,,,
1159,A-1-A-2530,Maa saraswoti  gharayasi poshan bagaicha samuh,2077/078,1900-01-16,22,Rajgadh,4,Component C,Nutrition,Home Nutrition Garden (Nutrition),,,,,,,,
1160,A-2-D-2531,Sarswati Home Nutrition Garden (Aama Samuha),2077/078,2077-02-05,21,Bariyarpatti,4,Component C,Nutrition,Home Nutrition Garden (Nutrition),,,,,,,,
1161,A-2-D-2533,Radha Krishna Gharayasi Poshan Bagaicha Samuha (Aama Samuha),2077/078,2077-05-06,21,Bariyarpatti,5,Component C,Nutrition,Home Nutrition Garden (Nutrition),,,,,,,,
1162,D-8-W-2534,Trishakti Krishak Samuha,2077/078,2078-03-06,45,Gandaki,7,Component A,Crop,Others,,,,,,,,
1163,D-8-W-2535,Tiwari Gaun Krishak Samuha,2077/078,2078-03-02,45,Gandaki,3,Component A,Crop,Others,,,,,,,,
1164,D-8-W-2536,Shree Devi Chepang Krishak Samuha,2077/078,2078-03-02,45,Gandaki,2,Component A,Crop,Others,,,,,,,,
1165,D-8-W-2537,Laliguras Mahila Krishak Samuha (B),2077/078,2078-03-01,45,Gandaki,2,Component A,Crop,Others,,,,,,,,
1166,D-8-W-2538,Radha Krishna Krishak Samuha (B),2077/078,2078-03-02,45,Gandaki,2,Component A,Crop,Others,,,,,,,,
1167,D-8-W-2539,Bantar Krishak Samuha,2077/078,2078-03-01,45,Gandaki,6,Component A,Crop,Others,,,,,,,,
1168,D-8-X-2540,Parishrami Krishak Samuha,2077/078,2078-03-01,45,Barpak Sulikot,8,Component A,Crop,Others,,,,,,,,
1169,D-8-X-2541,Jarangbasi Krishak Samuha,2077/078,2078-03-01,45,Barpak Sulikot,8,Component A,Crop,Others,,,,,,,,
1170,D-8-X-2542,Jamdar Gau Krishak Samuha,2077/078,2078-03-01,45,Barpak Sulikot,8,Component A,Crop,Others,,,,,,,,
1171,D-7-T-2544,Bhaltar Gaduwal Nutrition Group,2077/078,20/8/2077,31,Gajuri,6,Component C,Nutrition,Home Nutrition Garden (Nutrition),,,,,,,,
1172,D-7-T-2545,Chhewang Nutrition Group,2077/078,1900-01-27,31,Gajuri,2,Component C,Nutrition,Home Nutrition Garden (Nutrition),,,,,,,,
1173,D-7-T-2546,Chisapani Nutrition Group,2077/078,2077-06-06,31,Gajuri,5,Component C,Nutrition,Home Nutrition Garden (Nutrition),,,,,,,,
1174,D-7-T-2547,Chiurikharka Nutrition Group,2077/078,2077-06-10,31,Gajuri,4,Component C,Nutrition,Home Nutrition Garden (Nutrition),,,,,,,,
1175,D-7-T-2548,Chyangli Nutrition Group,2077/078,2077-05-08,31,Gajuri,8,Component C,Nutrition,Home Nutrition Garden (Nutrition),,,,,,,,
1176,D-7-T-2549,Devisthan Nutrition Group,2077/078,2077-03-06,31,Gajuri,7,Component C,Nutrition,Home Nutrition Garden (Nutrition),,,,,,,,
1177,D-7-T-2550,Gadalbeshi Nutrition Group,2077/078,1900-01-23,31,Gajuri,3,Component C,Nutrition,Home Nutrition Garden (Nutrition),,,,,,,,
1178,D-7-T-2551,Gairigaun Nutrition Group,2077/078,2077-12-09,31,Gajuri,4,Component C,Nutrition,Home Nutrition Garden (Nutrition),,,,,,,,
1179,D-7-T-2552,Hariyali Nutrition Group,2077/078,1900-01-14,31,Gajuri,1,Component C,Nutrition,Home Nutrition Garden (Nutrition),,,,,,,,
1180,D-7-T-2553,Jarebagaicha Simpani Nutrition Group,2077/078,1900-01-18,31,Gajuri,6,Component C,Nutrition,Home Nutrition Garden (Nutrition),,,,,,,,
1181,D-7-T-2554,Keurini Nutrition Group,2077/078,2077-03-09,31,Gajuri,1,Component C,Nutrition,Home Nutrition Garden (Nutrition),,,,,,,,
1182,D-7-T-2555,Laganshil Nutrition Group,2077/078,1900-01-21,31,Gajuri,5,Component C,Nutrition,Home Nutrition Garden (Nutrition),,,,,,,,
1183,D-7-T-2556,Laligurans Nutrition Group Gajuri,2077/078,2077-10-06,31,Gajuri,1,Component C,Nutrition,Home Nutrition Garden (Nutrition),,,,,,,,
1184,D-7-T-2557,Milantar Nutrition Group,2077/078,1900-01-22,31,Gajuri,6,Component C,Nutrition,Home Nutrition Garden (Nutrition),,,,,,,,
1185,D-7-T-2558,Namuna Nutrition Group,2077/078,1900-01-25,31,Gajuri,2,Component C,Nutrition,Home Nutrition Garden (Nutrition),,,,,,,,
1186,D-7-T-2560,Paanchkanya Nutrition Group,2077/078,2077-05-10,31,Gajuri,3,Component C,Nutrition,Home Nutrition Garden (Nutrition),,,,,,,,
1187,D-7-T-2561,Pariwartansil Nutrition Group,2077/078,2077-06-06,31,Gajuri,6,Component C,Nutrition,Home Nutrition Garden (Nutrition),,,,,,,,
1188,D-7-T-2562,Prabang Nutrition Group,2077/078,2077-03-06,31,Gajuri,8,Component C,Nutrition,Home Nutrition Garden (Nutrition),,,,,,,,
1189,D-7-T-2564,Ranakalika Nutrition Group,2077/078,2077-01-06,31,Gajuri,8,Component C,Nutrition,Home Nutrition Garden (Nutrition),,,,,,,,
1190,D-7-T-2565,Sanobhanjyang Nutrition Group,2077/078,2077-06-10,31,Gajuri,3,Component C,Nutrition,Home Nutrition Garden (Nutrition),,,,,,,,
1191,D-8-X-2566,Baluwa Nutrition Group,2077/078,2077-04-06,45,Barpak Sulikot,7,Component C,Nutrition,Home Nutrition Garden (Nutrition),,,,,,,,
1192,D-8-X-2567,Bhaledhunga Nutrition Group,2077/078,2077-04-08,45,Barpak Sulikot,6,Component C,Nutrition,Home Nutrition Garden (Nutrition),,,,,,,,
1193,D-8-X-2568,Bhaluswara Nutrition Group,2077/078,2077-06-20,45,Barpak Sulikot,6,Component C,Nutrition,Home Nutrition Garden (Nutrition),,,,,,,,
1194,D-8-X-2569,Bhawani Nutrition Group,2077/078,2077/6/27,45,Barpak Sulikot,6,Component C,Nutrition,Home Nutrition Garden (Nutrition),,,,,,,,
1195,D-8-X-2570,Chetana Nutrition Group,2077/078,2077/6/29,45,Barpak Sulikot,5,Component C,Nutrition,Home Nutrition Garden (Nutrition),,,,,,,,
1196,D-8-X-2571,Dadagaun Nutrition Group,2077/078,2077/6/20,45,Barpak Sulikot,6,Component C,Nutrition,Home Nutrition Garden (Nutrition),,,,,,,,
1197,D-8-X-2573,Dugurne Nutrition Group,2077/078,2077-12-07,45,Barpak Sulikot,5,Component C,Nutrition,Home Nutrition Garden (Nutrition),,,,,,,,
1198,D-8-X-2574,Ekata Nutrition Group,2077/078,2077/6/27,45,Barpak Sulikot,3,Component C,Nutrition,Home Nutrition Garden (Nutrition),,,,,,,,
1199,D-8-X-2575,Gairichap Nutrition Group,2077/078,2077/6/27,45,Barpak Sulikot,8,Component C,Nutrition,Home Nutrition Garden (Nutrition),,,,,,,,
1200,D-8-X-2576,Huddikhola Nutrition Group,2077/078,2077/6/17,45,Barpak Sulikot,4,Component C,Nutrition,Home Nutrition Garden (Nutrition),,,,,,,,
1201,D-8-X-2578,Kotthok Nutrition Group,2077/078,19/6/2077,45,Barpak Sulikot,6,Component C,Nutrition,Home Nutrition Garden (Nutrition),,,,,,,,
1202,D-8-X-2579,Kulgaun Nutrition Group,2077/078,17/6/2077,45,Barpak Sulikot,4,Component C,Nutrition,Home Nutrition Garden (Nutrition),,,,,,,,
1203,D-8-X-2580,Kyamthali Nutrition Group,2077/078,27/6/2077,45,Barpak Sulikot,3,Component C,Nutrition,Home Nutrition Garden (Nutrition),,,,,,,,
1204,D-8-X-2581,Milijuli Ranchok Nutrition Group,2077/078,23/6/2077,45,Barpak Sulikot,4,Component C,Nutrition,Home Nutrition Garden (Nutrition),,,,,,,,
1205,D-8-X-2582,Mohoriya Nutrition Group,2077/078,24/6/2077,45,Barpak Sulikot,6,Component C,Nutrition,Home Nutrition Garden (Nutrition),,,,,,,,
1206,D-8-X-2584,Pragatishil Nutrition Group Barpak,2077/078,2077-02-08,45,Barpak Sulikot,5,Component C,Nutrition,Home Nutrition Garden (Nutrition),,,,,,,,
1207,D-8-X-2585,Ranagaun Nutrition Group,2077/078,14/6/2077,45,Barpak Sulikot,5,Component C,Nutrition,Home Nutrition Garden (Nutrition),,,,,,,,
1208,D-8-X-2586,Sahara Nutrition Group,2077/078,14/6/2077,45,Barpak Sulikot,3,Component C,Nutrition,Home Nutrition Garden (Nutrition),,,,,,,,
1209,D-8-X-2587,Siranthar Nutrition Group,2077/078,17/6/2077,45,Barpak Sulikot,3,Component C,Nutrition,Home Nutrition Garden (Nutrition),,,,,,,,
1210,D-8-X-2588,Thotneri Nutrition Group,2077/078,17/6/2077,45,Barpak Sulikot,3,Component C,Nutrition,Home Nutrition Garden (Nutrition),,,,,,,,
1211,D-7-S-2590,Bomrang Nutrition Group,2077/078,1900-01-26,31, ,Benighat Rorang,6,Component C,Nutrition,,,,,,,,0
1212,D-7-S-2591,Buddha Bhangeri Nutrition Group,2077/078,2077-05-12,31, ,Benighat Rorang,9,Component C,Nutrition,,,,,,,,0
1213,D-7-S-2592,Bungpung Nutrition Group,2077/078,1900-01-27,31, ,Benighat Rorang,6,Component C,Nutrition,,,,,,,,0
1214,D-7-S-2593,Children Dream Nutrition Group,2077/078,2077-12-06,31, ,Benighat Rorang,8,Component C,Nutrition,,,,,,,,0
1215,D-7-S-2594,Danfe Nutrition Group,2077/078,1900-01-14,31, ,Benighat Rorang,5,Component C,Nutrition,,,,,,,,0
1216,D-7-S-2595,Deurali Nutrition Group,2077/078,2077-08-06,31, ,Benighat Rorang,10,Component C,Nutrition,,,,,,,,0
1217,D-7-S-2596,Dukrang Laliguras Nutrition Group,2077/078,2077-11-09,31, ,Benighat Rorang,7,Component C,Nutrition,,,,,,,,0
1218,D-7-S-2597,Phajimtar Sishu Nutrition Group,2077/078,1900-01-17,31, ,Benighat Rorang,9,Component C,Nutrition,,,,,,,,0
1219,D-7-S-2598,Gaumati Bhairavi Nutrition Group,2077/078,2077-05-06,31, ,Benighat Rorang,5,Component C,Nutrition,,,,,,,,0
1220,D-7-S-2599,Grasibas Nutrition Group,2077/078,1900-01-24,31, ,Benighat Rorang,6,Component C,Nutrition,,,,,,,,0
1221,D-7-S-2600,Kalanga Nutrition Group,2077/078,1900-01-19,31, ,Benighat Rorang,2,Component C,Nutrition,,,,,,,,0
1222,D-7-S-2603,Makhamali Nutrition Group,2077/078,2077-08-06,31, ,Benighat Rorang,7,Component C,Nutrition,,,,,,,,0
1223,D-7-S-2604,Milijuli Nutrition Group,2077/078,2077-01-11,31, ,Benighat Rorang,4,Component C,Nutrition,,,,,,,,0
1224,D-7-S-2605,Phool Mala Nutrition Group,2077/078,2077-06-10,31, ,Benighat Rorang,10,Component C,Nutrition,,,,,,,,0
1225,D-7-S-2606,Pragatishil Nutrition Group,2077/078,2077-09-09,31, ,Benighat Rorang,5,Component C,Nutrition,,,,,,,,0
1226,D-7-S-2609,Sagarmatha Nutrition Group,2077/078,1900-01-23,31, ,Benighat Rorang,10,Component C,Nutrition,,,,,,,,0
1227,D-7-S-2610,Thansing Nutrition Group,2077/078,2077-09-09,31, ,Benighat Rorang,9,Component C,Nutrition,,,,,,,,0
1228,D-7-S-2611,Ruspani Nutrition Group,2077/078,1900-01-15,31, ,Benighat Rorang,6,Component C,Nutrition,,,,,,,,0
1229,D-8-W-2612,Akala Nutrition Group,2077/078,2077-09-08,45,Gandaki,6,Component C,Nutrition,Home Nutrition Garden (Nutrition),,,,,,,,
1230,D-8-W-2613,Balbalika Nutrition Group,2077/078,2077-12-06,45,Gandaki,2,Component C,Nutrition,Home Nutrition Garden (Nutrition),,,,,,,,
1231,D-8-W-2614,Batuki Nutrition Group,2077/078,2077-05-06,45,Gandaki,4,Component C,Nutrition,Home Nutrition Garden (Nutrition),,,,,,,,
1232,D-8-W-2615,Bhairavi Nutrition Group,2077/078,2077-01-05,45,Gandaki,4,Component C,Nutrition,Home Nutrition Garden (Nutrition),,,,,,,,
1233,D-8-W-2616,Chandidevi  Nutrition Group,2077/078,17/8/2077,45,Gandaki,3,Component C,Nutrition,Home Nutrition Garden (Nutrition),,,,,,,,
1234,D-8-W-2617,Dumridanda Nutrition Group,2077/078,28/6/2077,45,Gandaki,5,Component C,Nutrition,Home Nutrition Garden (Nutrition),,,,,,,,
1235,D-8-W-2618,Durgadevi Kot Nutrition Group,2077/078,2077-12-08,45,Gandaki,5,Component C,Nutrition,Home Nutrition Garden (Nutrition),,,,,,,,
1236,D-8-W-2619,Laligurans Nutrition Group Gandaki,2077/078,20/6/2077,45,Gandaki,1,Component C,Nutrition,Home Nutrition Garden (Nutrition),,,,,,,,
1237,D-8-W-2620,Indreni Nutrition Group,2077/078,14/8/2077,45,Gandaki,1,Component C,Nutrition,Home Nutrition Garden (Nutrition),,,,,,,,
1238,D-8-W-2621,Kanyadevi Nutrition Group,2077/078,2077-06-08,45,Gandaki,4,Component C,Nutrition,Home Nutrition Garden (Nutrition),,,,,,,,
1239,D-8-W-2624,Milijuli Nutrition Group Agridada,2077/078,2077-12-08,45,Gandaki,6,Component C,Nutrition,Home Nutrition Garden (Nutrition),,,,,,,,
1240,D-8-W-2626,Nawa Prativa Nutrition Group,2077/078,19/6/2077,45,Gandaki,7,Component C,Nutrition,Home Nutrition Garden (Nutrition),,,,,,,,
1241,D-8-W-2627,Pataldevi Nutrition Group,2077/078,16/8/2077,45,Gandaki,8,Component C,Nutrition,Home Nutrition Garden (Nutrition),,,,,,,,
1242,D-8-W-2628,Rampur Nutrition Group,2077/078,2077-08-09,45,Gandaki,5,Component C,Nutrition,Home Nutrition Garden (Nutrition),,,,,,,,
1243,D-8-W-2629,Rato Laligurans Nutrition Group,2077/078,2077-07-06,45,Gandaki,2,Component C,Nutrition,Home Nutrition Garden (Nutrition),,,,,,,,
1244,D-8-W-2630,Satyadevi Nutrition Group,2077/078,2077-08-06,45,Gandaki,3,Component C,Nutrition,Home Nutrition Garden (Nutrition),,,,,,,,
1245,D-8-W-2631,Shiva Parbati Nutrition Group,2077/078,16/8/2077,45,Gandaki,8,Component C,Nutrition,Home Nutrition Garden (Nutrition),,,,,,,,
1246,D-8-W-2632,Siurenitar Nutrition Group,2077/078,18/8/2077,45,Gandaki,8,Component C,Nutrition,Home Nutrition Garden (Nutrition),,,,,,,,
1247,D-8-W-2634,Swasthya Nutrition Group,2077/078,18/8/2077,45,Gandaki,8,Component C,Nutrition,Home Nutrition Garden (Nutrition),,,,,,,,
1248,D-8-X-2635,Jaubari Nutrition Group,2077/078,17/6/2077,45,Barpak Sulikot,4,Component C,Nutrition,Home Nutrition Garden (Nutrition),,,,,,,,
1249,B-4-G-2636,Shree Shiva Ganga VegetableProduction Group,2077/078,2077-06-05,19,Pipara,4,Component A,Crop,Others,,,,,,,,
1250,B-4-G-2637,Shree Sahalesh Crop Production Group,2077/078,2077-06-06,19,Pipara,4,Component A,Crop,Others,,,,,,,,
1251,B-4-G-2638,Aakash Vegetable Production  Group,2077/078,2077-12-25,19,Pipara,5,Component A,Crop,Others,,,,,,,,
1252,B-4-G-2639,Ambe Crop Production  Farmer Group,2077/078,2078-01-27,19,Pipara,4,Component A,Crop,Others,,,,,,,,
1253,B-4-H-2640,Annapurna Crop Production Farmer Group,2077/078,2077-11-22,19,Ekdara,2,Component A,Crop,Others,,,,,,,,
1254,B-4-G-2641,Bhagwati Vegetable Production Farmer Group,2077/078,2078-02-17,19,Pipara,4,Component A,Crop,Others,,,,,,,,
1255,B-4-G-2642,Kanchan Crop Production Farmer Group,2077/078,2077-12-18,19,Pipara,2,Component A,Crop,Others,,,,,,,,
1256,B-4-H-2645,Mahalaxmi Crop Production Farmer Group,2077/078,2077-12-28,19,Ekdara,1,Component A,Crop,Others,,,,,,,,
1257,B-4-G-2646,Narayani Vegetable Production Farmer Group,2077/078,2078-02-23,19,Pipara,3,Component A,Crop,Others,,,,,,,,
1258,B-4-H-2647,Puja Crop Production Farmer Group,2077/078,2077-12-27,19,Ekdara,5,Component A,Crop,Others,,,,,,,,
1259,B-4-G-2648,Roman Vegetable Production Farmer Group,2077/078,2078-01-14,19,Pipara,3,Component A,Crop,Others,,,,,,,,
1260,B-4-H-2649,Shiva Guru Crop Production Farmer Group,2077/078,2077-12-27,19,Ekdara,5,Component A,Crop,Others,,,,,,,,
1261,B-4-G-2651,Upakar Crop Production Farmer Group,2077/078,2077-12-24,19,Pipara,6,Component A,Crop,Others,,,,,,,,
1262,B-3-F-2652,Tarahi Aarohi Farmer Group,2077/078,2077-12-25,20,Mukhiyapatti Musaharmiya,5,Component A,Crop,Others,,,,,,,,
1263,A-1-A-2653,Dakneshwari Bali Utpadan Krishak Pathshala Samuha,2077/078,2078-01-02,22,Rajgadh,3,Component A,Crop,FFS (Crop),,,,,,,,
1264,A-1-A-2654,Shree Hariyali Bali Utpadan Krishak Samuha,2077/078,2077-08-30,22,Rajgadh,6,Component A,Crop,FFS (Crop),,,,,,,,
1265,A-1-A-2655,Ma Gayatri Bali Utpadan Krishak Pathshala Samuha,2077/078,2077-11-19,22,Rajgadh,4,Component A,Crop,FFS (Crop),,,,,,,,
1266,A-1-A-2656,Ramrahim Bali Utpadan Krishak Samuha,2077/078,2078-01-23,22,Rajgadh,6,Component A,Crop,FFS (Crop),,,,,,,,
1267,A-1-A-2657,Shree Sahlesh Baba Bali Utpadan Krishak Pathshala Samuha,2077/078,2077-11-29,22,Rajgadh,3,Component A,Crop,FFS (Crop),,,,,,,,
1268,A-1-B-2658,Bismillah Krishak Samuha,2077/078,2077-07-03,22,166,1,Component A,Crop,Others,,,,,,,,
1269,A-1-B-2659,Ma Bhagwati Krishak Samuha,2077/078,2077-09-02,22,166,1,Component A,Crop,Others,,,,,,,,
1270,A-1-B-2660,Ma Kali Krishak Samuha,2077/078,2077-06-21,22,166,1,Component A,Crop,Others,,,,,,,,
1271,A-1-B-2661,Ma Santoshi Bali Utpadan Krishak Samuha,2077/078,2077-09-05,22,166,4,Component A,Crop,Others,,,,,,,,
1272,A-1-B-2662,Rastra Krishak Samuha,2077/078,2077-06-27,22,166,1,Component A,Crop,Others,,,,,,,,
1273,A-1-B-2663,Shree Sadguru Kabir Krishak Samuha,2077/078,2077-10-11,22,166,4,Component A,Crop,Others,,,,,,,,
1274,A-1-B-2664,Samaj Jagaran Krishak Samuha,2077/078,2077-07-05,22,166,1,Component A,Crop,Others,,,,,,,,
1275,A-1-B-2665,Shree Baba Bishhara Krishak Samuha,2077/078,2077-11-06,22,166,4,Component A,Crop,Others,,,,,,,,
1276,A-1-A-2666,Aadarsha Baali Utpadan Krishak Samuha,2077/078,2077-12-12,22,Rajgadh,4,Component A,Crop,Others,,,,,,,,
1277,A-1-A-2667,Shree andi Mahato Bali Utpadan Krishak Samuha,2077/078,2077-12-01,22,Rajgadh,6,Component A,Crop,Others,,,,,,,,
1278,A-1-A-2668,Baba Sanyasi Baali Utpadan Krishak Samuha,2077/078,2077-05-07,22,Rajgadh,3,Component A,Crop,Others,,,,,,,,
1279,A-1-A-2669,Bajarangbali Baali Utpadan Krishak Samuha,2077/078,2077-11-19,22,Rajgadh,4,Component A,Crop,Others,,,,,,,,
1280,A-1-A-2670,Ma Santoshi Baali Utpadan Krishak Samuha,2077/078,2077-12-10,22,Rajgadh,3,Component A,Crop,Others,,,,,,,,
1281,A-1-A-2671,Shree Radhe Radhe Baali  Krishak Samuha,2077/078,2077-08-18,22,Rajgadh,3,Component A,Crop,Others,,,,,,,,
1282,A-1-A-2672,Ma Rajdevi Baali Utpadan Krishak Samuha,2077/078,2077-11-21,22,Rajgadh,3,Component A,Crop,Others,,,,,,,,
1283,A-1-A-2673,Shree Ramjanaki Baali Utpadan Krishak Samuha,2077/078,2078-03-03,22,Rajgadh,3,Component A,Crop,Others,,,,,,,,
1284,A-1-B-2675,Mahila Bali Utpadan Krishak Samuha,2077/078,2077-12-03,22,166,7,Component A,Crop,Others,,,,,,,,
1285,A-1-A-2676,Chinnamasta gharayasi poshan bagaicha samuh,2077/078,2077-01-27,22,Rajgadh,2,Component C,Nutrition,Home Nutrition Garden (Nutrition),,,,,,,,
1286,A-1-A-2677,Radha Krishna gharayasi poshan bagaicha samuh,2077/078,2077-01-06,22,Rajgadh,2,Component C,Nutrition,Home Nutrition Garden (Nutrition),,,,,,,,
1287,A-1-A-2678,Ramjanaki  gharayasi poshan bagaicha samuh,2077/078,2077-06-06,22,Rajgadh,2,Component C,Nutrition,Home Nutrition Garden (Nutrition),,,,,,,,
1288,A-1-A-2679,Mahabir  gharayasi poshan bagaicha samuh,2077/078,2077-06-06,22,Rajgadh,3,Component C,Nutrition,Home Nutrition Garden (Nutrition),,,,,,,,
1289,A-1-A-2680,Devnath gharayasi poshan bagaicha samuh,2077/078,2077-06-06,22,Rajgadh,4,Component C,Nutrition,Home Nutrition Garden (Nutrition),,,,,,,,
1290,A-1-A-2681,baba dihbaar gharayasi poshan bagaicha samuh,2077/078,2077-06-06,22,Rajgadh,4,Component C,Nutrition,Home Nutrition Garden (Nutrition),,,,,,,,
1291,A-2-D-2682,Bajrang Bali  Home Nutrition Garden (Aama Samuha),2077/078,2077-06-06,21,Bariyarpatti,3,Component C,Nutrition,Home Nutrition Garden (Nutrition),,,,,,,,
1292,A-2-D-2683,Shiv Guru Home Nutrition Garden (Aama Samuha),2077/078,2077-08-05,21,Bariyarpatti,4,Component C,Nutrition,Home Nutrition Garden (Nutrition),,,,,,,,
1293,B-3-F-2684,Maa Sarasawati Farmer Group,2077/078,2077-04-27,20,Mukhiyapatti Musaharmiya,4,Component A,Crop,Others,,,,,,,,
1294,B-3-E-2685,Nava Durga Biu Utpdan Krishak Samuha (A),2077/078,2077-04-11,20,Dhanauji ,2,Component A,Crop,Seed Producers,,,,,,,,
1295,B-4-G-2688,Chand Vegetable Production Farmer Group,2077/078,2078-02-17,19,Pipara,1,Component A,Crop,Others,,,,,,,,
1296,B-4-H-2690,Jagdamba Crop Production Farmer Group,2077/078,2078-03-11,19,Ekdara,5,Component A,Crop,Others,,,,,,,,
1297,B-4-G-2692,Milijuli Crop Production Farmer Group,2077/078,2078-03-06,19,Pipara,1,Component A,Crop,Others,,,,,,,,
1298,B-4-H-2693,Rato Crop Production Farmer Group,2077/078,2078-01-10,19,Ekdara,6,Component A,Crop,Others,,,,,,,,
1299,B-4-G-2695,Kamal Crop Production Farmer Group,2077/078,2078-03-05,19,Pipara,1,Component A,Crop,Others,,,,,,,,
1300,A-1-B-2696,Mah Durga gharayasi poshan bagaicha samuh,2077/078,2077-06-06,22,166,1,Component C,Nutrition,Home Nutrition Garden (Nutrition),,,,,,,,
1301,A-1-B-2697,Maaaa Durga gharayasi poshan bagaicha samuh,2077/078,1900-01-18,22,166,1,Component C,Nutrition,Home Nutrition Garden (Nutrition),,,,,,,,
1302,A-1-B-2698,Maa Kali gharayasi poshan bagaicha samuh,2077/078,1900-01-25,22,166,4,Component C,Nutrition,Home Nutrition Garden (Nutrition),,,,,,,,
1303,A-1-B-2699,Maaa Laxmi gharayasi poshan bagaicha samuh,2077/078,1900-01-25,22,166,4,Component C,Nutrition,Home Nutrition Garden (Nutrition),,,,,,,,
1304,A-2-C-2700,Pooja Gharbari Poshan Bagaicha Samuh,2077/078,2077-05-07,21,164,3,Component C,Nutrition,Home Nutrition Garden (Nutrition),,,,,,,,
1305,A-2-C-2701,Laxmi Gharbari Poshan bachaicha samuha,2077/078,2077-07-05,21,164,4,Component C,Nutrition,Home Nutrition Garden (Nutrition),,,,,,,,
1306,A-2-C-2702,jagriti Gharbari Poshan bachaicha samuha,2077/078,2077-11-07,21,164,4,Component C,Nutrition,Home Nutrition Garden (Nutrition),,,,,,,,
1307,D-8-X-2703,Annapurna Krishak Samuha (A),2077/078,2078-03-08,45,Barpak Sulikot,8,Component A,Crop,Others,,,,,,,,
1308,D-8-W-2704,Kulchap Krishak Samuha,2077/078,2078-03-08,45,Gandaki,6,Component A,Crop,Others,,,,,,,,
1309,D-8-W-2705,Asalsathi Krishak Samuha ,2077/078,2078-03-09,45,Gandaki,3,Component A,Crop,Others,,,,,,,,
1310,D-8-W-2706,Shree Kalika Krishak Samuha,2077/078,2078-03-11,45,Gandaki,4,Component A,Crop,Others,,,,,,,,
1311,D-8-W-2707,Lama Gaun Mahila Krishak Samuha,2077/078,2078-03-11,45,Gandaki,1,Component A,Crop,Others,,,,,,,,
1312,D-8-W-2708,Shree Saunepani Krishak Samuha,2077/078,2078-03-11,45,Gandaki,4,Component A,Crop,Others,,,,,,,,
1313,D-8-W-2709,Annapurna Krishak Samuha (B),2077/078,2078-03-11,45,Gandaki,4,Component A,Crop,Others,,,,,,,,
1314,D-8-W-2710,Patapati Krishak Samuha,2077/078,2078-03-11,45,Gandaki,4,Component A,Crop,Others,,,,,,,,
1315,D-8-W-2715,Sun Devi Mahila Krishak Samuha,2077/078,2078-03-11,45,Gandaki,5,Component A,Crop,Others,,,,,,,,
1316,D-8-W-2716,Devithan Krishak Samuha (A),2077/078,2078-03-13,45,Gandaki,5,Component A,Crop,Others,,,,,,,,
1317,D-8-W-2717,Kanya Devi Mahila Krishak Samuha,2077/078,2078-03-13,45,Gandaki,5,Component A,Crop,Others,,,,,,,,
1318,D-8-W-2720,Pouwa Gaun Krishak Samuha,2077/078,2078-03-14,45,Gandaki,4,Component A,Crop,Others,,,,,,,,
1319,D-8-X-2721,Dalit Janajagaran Krishak Samuha,2077/078,2078-03-14,45,Barpak Sulikot,4,Component A,Crop,Others,,,,,,,,
1320,D-8-X-2722,Baharamule Krishak Samuha,2077/078,2078-03-14,45,Barpak Sulikot,3,Component A,Crop,Others,,,,,,,,
1321,A-2-D-2723,Lali Guras Home Nutrition Garden (Aama Samuha),2077/078,1900-01-15,21,Bariyarpatti,4,Component C,Nutrition,Home Nutrition Garden (Nutrition),,,,,,,,
1322,A-2-D-2724,Gayatri Gharayasi Poshan Bagaicha Samuha (Aama Samuha),2077/078,1900-01-26,21,Bariyarpatti,5,Component C,Nutrition,Home Nutrition Garden (Nutrition),,,,,,,,
1323,A-2-C-2727,Ma Durga Gharayasi Poshan Bagaicha Samuha (Aama Samuha),2077/078,1900-01-15,21,164,2,Component C,Nutrition,Home Nutrition Garden (Nutrition),,,,,,,,
1324,A-2-C-2728,Bhairab Baba Gharbari Poshan Bagaicha Samuha (Aama Samuha),2077/078,2077-09-06,21,164,3,Component C,Nutrition,Home Nutrition Garden (Nutrition),,,,,,,,
1325,A-2-C-2729,Ma Santoshi Gharbari Poshan Bagaicha Samuha (Aama Samuha),2077/078,2077-11-06,21,164,4,Component C,Nutrition,Home Nutrition Garden (Nutrition),,,,,,,,
1326,A-2-C-2730,Janaki Gharbari Poshan Bagaicha Samuha (Aama Samuha),2077/078,2077-11-06,21,164,4,Component C,Nutrition,Home Nutrition Garden (Nutrition),,,,,,,,
1327,A-2-C-2731,Jeet Mahan Gharbari Poshan Bagaicha Samuha (Aama Samuha),2077/078,1900-01-16,21,164,4,Component C,Nutrition,Home Nutrition Garden (Nutrition),,,,,,,,
1328,A-2-C-2732,Boirbali Mai Gharayasi Poshan Bagaicha Samuha (Aama Samuha),2077/078,2077-02-06,21,164,5,Component C,Nutrition,Home Nutrition Garden (Nutrition),,,,,,,,
1329,A-1-B-2733,Maah bhagwati gharayasi poshan bagaicha samuh,2077/078,1900-01-31,22,166,6,Component C,Nutrition,Home Nutrition Garden (Nutrition),,,,,,,,
1330,A-1-B-2734,Mah laxmi gharayasi poshan bagaicha samuh,2077/078,2077-01-04,22,166,6,Component C,Nutrition,Home Nutrition Garden (Nutrition),,,,,,,,
1331,A-1-B-2736,Ma Bhagwati Bali Utpadan Krishak Pathshala Samuha,2077/078,2077-03-06,22,166,6,Component A,Crop,FFS (Crop),,,,,,,,
1332,D-8-X-2737,Asha Bhitta Bakharapalan Samuha,2077/078,2077-06-10,45,Barpak Sulikot,3,Component A,Livestock,FFS (Goat),,,,,,,,
1333,D-8-X-2738,Bhaledhunga Dugdha Utpadan Krishak Samuha,2077/078,2077-03-07,45,Barpak Sulikot,6,Component A,Livestock,Promotion Program (Dairy),,,,,,,,
1334,D-8-X-2739,Chisapani Bakharapalan Samuha,2077/078,2077-09-03,45,Barpak Sulikot,3,Component A,Livestock,Promotion Program (Goat),,,,,,,,
1335,D-8-X-2740,Deurali Dugdha Utpadan Samuha,2077/078,2077-03-08,45,Barpak Sulikot,7,Component A,Livestock,Promotion Program (Dairy),,,,,,,,
1336,D-8-X-2741,Devithan Kukhara Palan Samuha,2077/078,2077-06-10,45,Barpak Sulikot,5,Component A,Livestock,Promotion Program (Poultry),,,,,,,,
1337,D-8-X-2742,Eakata Pashupalak Krishak Samuha,2077/078,2077-06-10,45,Barpak Sulikot,4,Component A,Livestock,Promotion Program (Goat),,,,,,,,
1338,D-8-X-2744,Chautaradanda Pashupalan Krishak Samuha,2077/078,2077-06-10,45,Barpak Sulikot,4,Component A,Livestock,Promotion Program (Goat),,,,,,,,
1339,D-8-X-2745,Hiuchuli Krishak Samuha,2077/078,2077-06-10,45,Barpak Sulikot,5,Component A,Livestock,FFS (Goat),,,,,,,,
1340,D-8-X-2746,Hudikhola Pasupalak Krisak samuha,2077/078,2077-06-10,45,Barpak Sulikot,4,Component A,Livestock,Promotion Program (Goat),,,,,,,,
1341,D-8-X-2748,Kriyasil  Pashupalan Samuha,2077/078,2077-03-07,45,Barpak Sulikot,7,Component A,Livestock,Promotion Program (Goat),,,,,,,,
1342,D-8-X-2749,Lawan Pashupalan Krishak  Samuha,2077/078,2077-06-08,45,Barpak Sulikot,4,Component A,Livestock,Promotion Program (Poultry),,,,,,,,
1343,D-8-X-2750,Manakamana Pashupalan Krishi Utpadan Samuha,2077/078,2077-05-09,45,Barpak Sulikot,6,Component A,Livestock,Promotion Program (Goat),,,,,,,,
1344,D-8-X-2751,Mathillo Jarang Krishak Samuha,2077/078,2078-03-14,45,Barpak Sulikot,8,Component A,Livestock,Promotion Program (Poultry),,,,,,,,
1345,D-8-X-2752,Nalpang Pasupalak Krisak Samuha,2077/078,2077-06-08,45,Barpak Sulikot,4,Component A,Livestock,FFS (Poultry),,,,,,,,
1346,D-8-X-2753,Navadurga Pashupalan Krishi Utpadan Samuha,2077/078,2077-06-08,45,Barpak Sulikot,8,Component A,Livestock,Promotion Program (Goat),,,,,,,,
1347,D-8-X-2754,New Lali Gurash Jhyalla Kukhara Palan Samuha,2077/078,2077-06-08,45,Barpak Sulikot,5,Component A,Livestock,Promotion Program (Poultry),,,,,,,,
1348,D-8-X-2755,Parigaun Kukhara Palan Samuha,2077/078,2077-06-10,45,Barpak Sulikot,6,Component A,Livestock,Promotion Program (Poultry),,,,,,,,
1349,D-8-X-2756,Sahara Krishak Samuha,2077/078,2078-03-12,45,Barpak Sulikot,6,Component A,Livestock,Promotion Program (Poultry),,,,,,,,
1350,D-8-X-2758,Simbu Pashupalan Krishak Samuha,2077/078,2077-06-08,45,Barpak Sulikot,4,Component A,Livestock,Promotion Program (Poultry),,,,,,,,
1351,D-8-X-2760,Unnat Bakhara Palan Samuh,2077/078,2077-06-10,45,Barpak Sulikot,5,Component A,Livestock,Promotion Program (Goat),,,,,,,,
1352,D-8-X-2761,Urjasil Pashupalan Samuha,2077/078,2077-06-08,45,Barpak Sulikot,3,Component A,Livestock,Promotion Program (Poultry),,,,,,,,
1353,D-8-W-2763,Akala DeviPasupalan Kirsask samuha,2077/078,2077-03-04,45,Gandaki,6,Component A,Livestock,Promotion Program (Goat),,,,,,,,
1354,D-8-W-2764,Bhimsensthan Krishak Samuha,2077/078,2077-06-10,45,Gandaki,8,Component A,Livestock,FFS (Dairy),,,,,,,,
1355,D-8-W-2765,Bhumithan Kirshi Bakhrapalan samuha,2077/078,2077-03-04,45,Gandaki,8,Component A,Livestock,Promotion Program (Goat),,,,,,,,
1356,D-8-W-2766,Butar Poultry Production Group,2077/078,2077-03-04,45,Gandaki,1,Component A,Livestock,Promotion Program (Poultry),,,,,,,,
1357,D-8-W-2767,Chitra Devi Krishak Samuha,2077/078,2078-03-12,45,Gandaki,8,Component A,Livestock,Promotion Program (Poultry),,,,,,,,
1358,D-8-W-2768,Dharapani Bakhrapalan Samuha,2077/078,2077-05-09,45,Gandaki,4,Component A,Livestock,Promotion Program (Goat),,,,,,,,
1359,D-8-W-2769,Dod Dada Bakharapalan Samuha,2077/078,2077-06-10,45,Gandaki,1,Component A,Livestock,Promotion Program (Goat),,,,,,,,
1360,D-8-W-2770,Ganesh Himal Poultry Group,2077/078,2077-06-10,45,Gandaki,2,Component A,Livestock,Promotion Program (Poultry),,,,,,,,
1361,D-8-W-2771,Khahare khola Bakharapalan Samuha,2077/078,2077-05-09,45,Gandaki,1,Component A,Livestock,Promotion Program (Goat),,,,,,,,
1362,D-8-W-2772,Lukuna Bakhrapalan kirsak samuha,2077/078,2077-03-04,45,Gandaki,6,Component A,Livestock,Promotion Program (Goat),,,,,,,,
1363,D-8-W-2773,Manasalu Bakhrapalan Samuha,2077/078,2077-05-09,45,Gandaki,2,Component A,Livestock,Promotion Program (Goat),,,,,,,,
1364,D-8-W-2774,Pragatishil Buttar Bakharapalan Samuha,2077/078,2077-05-09,45,Gandaki,1,Component A,Livestock,Promotion Program (Goat),,,,,,,,
1365,D-8-W-2776,Punyaswari pasupalankrisak samuh,2077/078,2077-05-09,45,Gandaki,3,Component A,Livestock,Promotion Program (Goat),,,,,,,,
1366,D-8-W-2778,Sakriya Pasupalan Kirsak samuha,2077/078,2077-03-04,45,Gandaki,6,Component A,Livestock,Promotion Program (Goat),,,,,,,,
1367,D-8-W-2780,Shila Devi Krishak Samuha,2077/078,2078-03-13,45,Gandaki,5,Component A,Livestock,Promotion Program (Goat),,,,,,,,
1368,D-8-W-2781,Thani Devi Mahila Krishak Samuha,2077/078,2078-03-13,45,Gandaki,5,Component A,Livestock,Promotion Program (Goat),,,,,,,,
1369,D-8-W-2782,Thanidevi Krisak Samuha,2077/078,2077-03-04,45,Gandaki,5,Component A,Livestock,Promotion Program (Goat),,,,,,,,
1370,D-8-W-2783,Unnat Bakharapalan Dalbhanjyanj Krishak  Samuha,2077/078,2077-05-09,45,Gandaki,2,Component A,Livestock,FFS (Goat),,,,,,,,
1371,D-7-S-2784,Bageswori Bakhrapalan Krishak samuha,2077/078,2077-04-03,31, ,Benighat Rorang,7,Component A,Livestock,,,,,,,,0
1372,D-7-S-2785,Bhumithan Pashupalan Krishak Samuha,2077/078,2077-04-03,31, ,Benighat Rorang,6,Component A,Livestock,,,,,,,,0
1373,D-7-S-2786,Bihanemirmera Pashupalan Krishak Samuha,2077/078,2077-06-10,31, ,Benighat Rorang,2,Component A,Livestock,,,,,,,,0
1374,D-7-S-2787,Chakradevi Pashupanchhi Krishak Samuha,2077/078,2077-06-10,31, ,Benighat Rorang,2,Component A,Livestock,,,,,,,,0
1375,D-7-S-2788,Chanchala Devi Pashupalan Krishak Samuha,2077/078,2077-06-10,31, ,Benighat Rorang,2,Component A,Livestock,,,,,,,,0
1376,D-7-S-2789,Chapdada Pashupalan Krishak Samuha,2077/078,2077-04-03,31, ,Benighat Rorang,7,Component A,Livestock,,,,,,,,0
1377,D-7-S-2790,Dangbang Pashupalan Krishak Samuha,2077/078,2077-06-10,31, ,Benighat Rorang,8,Component A,Livestock,,,,,,,,0
1378,D-7-S-2791,Fulbari Pashupalan Krishak Samuha,2077/078,2077-06-10,31, ,Benighat Rorang,3,Component A,Livestock,,,,,,,,0
1379,D-7-S-2792,Grashibas Krishak Samuha,2077/078,2077-04-03,31, ,Benighat Rorang,6,Component A,Livestock,,,,,,,,0
1380,D-7-S-2793,Jagariti  Pashupalan Krishak Samuha,2077/078,2077-06-10,31, ,Benighat Rorang,7,Component A,Livestock,,,,,,,,0
1381,D-7-S-2794,Janajagarit Pashupalan Krishak Samuha,2077/078,2077-04-03,31, ,Benighat Rorang,5,Component A,Livestock,,,,,,,,0
1382,D-7-S-2795,Jhagare Pashupalan Samuha,2077/078,2077-04-03,31, ,Benighat Rorang,7,Component A,Livestock,,,,,,,,0
1383,D-7-S-2796,Jirbang Pashupalan Krishak Samuha,2077/078,2077-06-10,31, ,Benighat Rorang,8,Component A,Livestock,,,,,,,,0
1384,D-7-S-2797,Lagansil Krishak Samuha,2077/078,2077-04-03,31, ,Benighat Rorang,5,Component A,Livestock,,,,,,,,0
1385,D-7-S-2798,Mahakali Pashupalan Krishak Samuha,2077/078,2077-04-03,31, ,Benighat Rorang,9,Component A,Livestock,,,,,,,,0
1386,D-7-S-2799,Maammung Krishak Samuha,2077/078,2077-06-10,31, ,Benighat Rorang,6,Component A,Livestock,,,,,,,,0
1387,D-7-S-2800,Mijargau Pashupalan Krishak Samuha,2077/078,2077-05-06,31, ,Benighat Rorang,8,Component A,Livestock,,,,,,,,0
1388,D-7-S-2801,Patbhanjang Pasupalan Krishak Samuha,2077/078,2077-06-10,31, ,Benighat Rorang,10,Component A,Livestock,,,,,,,,0
1389,D-7-S-2802,Sattaledevi Pashupanchhi Krishak Samuha,2077/078,2077-04-03,31, ,Benighat Rorang,5,Component A,Livestock,,,,,,,,0
1390,D-7-S-2803,Shankhadevi Pashupala Krishak Samuha,2077/078,2077-05-06,31, ,Benighat Rorang,9,Component A,Livestock,,,,,,,,0
1391,D-7-S-2804,Shivam Pashupalan Krishak Samuha,2077/078,2077-06-10,31, ,Benighat Rorang,10,Component A,Livestock,,,,,,,,0
1392,D-7-S-2805,Siddha janjagriti krishak samuha,2077/078,2077-04-03,31, ,Benighat Rorang,4,Component A,Livestock,,,,,,,,0
1393,D-7-S-2806,Sirjansil Pashupabchi Palan Krishak Samuha,2077/078,2077-06-10,31, ,Benighat Rorang,3,Component A,Livestock,,,,,,,,0
1394,D-7-S-2807,Suryamukhi Pashupalan Krishak Samuha,2077/078,2077-05-06,31, ,Benighat Rorang,8,Component A,Livestock,,,,,,,,0
1395,D-7-S-2808,Thani Pashupalan Krishak Samuha,2077/078,2077-06-10,31, ,Benighat Rorang,10,Component A,Livestock,,,,,,,,0
1396,D-7-T-2809,Bageshwori Pashupalan Krishak Samuha (ka),2077/078,2077-06-10,31,Gajuri,5,Component A,Livestock,Promotion Program (Goat),,,,,,,,
1397,D-7-T-2810,Bageshwori Pashupalan Krishak Samuha (kha),2077/078,2077-06-10,31,Gajuri,5,Component A,Livestock,Promotion Program (Goat),,,,,,,,
1398,D-7-T-2811,Bhadaure Pashupalan Krishak Samuha,2077/078,2077-07-10,31,Gajuri,7,Component A,Livestock,Promotion Program (Goat),,,,,,,,
1399,D-7-T-2812,Bhasmekhola Pashupalan Samuha,2077/078,2077-07-10,31,Gajuri,6,Component A,Livestock,Promotion Program (Goat),,,,,,,,
1400,D-7-T-2813,Bhumekali Pashupalan Krishak Samuha,2077/078,2077-05-06,31,Gajuri,2,Component A,Livestock,Promotion Program (Dairy),,,,,,,,
1401,D-7-T-2814,Chakradevi Pashupalan Krishak Samuha Kha,2077/078,2077-06-10,31,Gajuri,3,Component A,Livestock,Promotion Program (Goat),,,,,,,,
1402,D-7-T-2815,Chandeshwori Pashupalan Krishak Samuha,2077/078,2077-05-06,31,Gajuri,7,Component A,Livestock,Promotion Program (Dairy),,,,,,,,
1403,D-7-T-2816,Dandagaun Krishak Samuha Pashupalan,2077/078,2077-07-10,31,Gajuri,7,Component A,Livestock,Promotion Program (Goat),,,,,,,,
1404,D-7-T-2818,Gumbigau Thansing Kharka Pashupalan Krishak Samuha,2077/078,2077-06-10,31,Gajuri,4,Component A,Livestock,Promotion Program (Goat),,,,,,,,
1405,D-7-T-2819,Gyamitole Pashupalan Samuha,2077/078,2077-07-10,31,Gajuri,6,Component A,Livestock,Promotion Program (Goat),,,,,,,,
1406,D-7-T-2820,Kalika Pashupalan Krishak Samuha,2077/078,2077-05-06,31,Gajuri,1,Component A,Livestock,Promotion Program (Goat),,,,,,,,
1407,D-7-T-2821,Lamase Pashupalan Krishak Samuha,2077/078,2077-06-10,31,Gajuri,4,Component A,Livestock,Promotion Program (Goat),,,,,,,,
1408,D-7-T-2822,Nawajyoti Pashupalan Krishak Samuha,2077/078,2077-05-06,31,Gajuri,3,Component A,Livestock,Promotion Program (Goat),,,,,,,,
1409,D-7-T-2823,Panchakanya Pashupalan Krishak Samuha,2077/078,2077-05-06,31,Gajuri,1,Component A,Livestock,Promotion Program (Goat),,,,,,,,
1410,D-7-T-2824,Patalini Pashupalan Samuha,2077/078,2077-06-10,31,Gajuri,1,Component A,Livestock,Promotion Program (Goat),,,,,,,,
1411,D-7-T-2826,Ranakalika Pashupalan Dairy Samuha,2077/078,2077-05-06,31,Gajuri,6,Component A,Livestock,FFS (Dairy),,,,,,,,
1412,D-7-T-2828,Safal Pashupalan Krishak Samuha,2077/078,2077-06-10,31,Gajuri,5,Component A,Livestock,FFS (Goat),,,,,,,,
1413,D-7-T-2831,Tirasi Pashupalan Krishak Samuha,2077/078,2077-07-10,31,Gajuri,3,Component A,Livestock,Promotion Program (Poultry),,,,,,,,
1414,D-7-T-2832,Ujyalo Pashupalan Krishak Samuha,2077/078,2077-07-10,31,Gajuri,1,Component A,Livestock,FFS (Poultry),,,,,,,,
1415,D-7-T-2833,Wapchuli Pashupalan Krishak Samuha,2077/078,2077-07-10,31,Gajuri,4,Component A,Livestock,Promotion Program (Poultry),,,,,,,,
1416,D-8-X-2834,Dadathok Nutrition Group,2077/078,2077-05-08,45,Barpak Sulikot,6,Component C,Nutrition,Home Nutrition Garden (Nutrition),,,,,,,,
1417,D-8-W-2835,Milijuli Nutrition Group Ratmate,2077/078,21/6/2077,45,Gandaki,7,Component C,Nutrition,Home Nutrition Garden (Nutrition),,,,,,,,
1418,D-8-W-2836,Kulchaap Nutrition Group,2077/078,2077-09-08,45,Gandaki,6,Component C,Nutrition,Home Nutrition Garden (Nutrition),,,,,,,,
1419,D-8-W-2838,Maidan Nutrition Group,2077/078,2077-12-09,45,Gandaki,3,Component C,Nutrition,Home Nutrition Garden (Nutrition),,,,,,,,
1420,D-7-T-2839,Raktakali Nutrition Group,2077/078,2077-02-06,31,Gajuri,7,Component C,Nutrition,Home Nutrition Garden (Nutrition),,,,,,,,
1421,D-7-S-2840,Rorang Nutrition Group,2077/078,1900-01-19,31, ,Benighat Rorang,3,Component C,Nutrition,,,,,,,,0
1422,D-7-S-2841,Bageshwari Nutrition Group,2077/078,1900-01-13,31, ,Benighat Rorang,3,Component C,Nutrition,,,,,,,,0
1423,D-7-S-2842,Kalyani  Nutrition Group,2077/078,1901-05-24,31, ,Benighat Rorang,10,Component C,Nutrition,,,,,,,,0
1424,D-8-W-2844,Baltar Krishak Samuha,2077/078,2078-03-14,45,Gandaki,7,Component A,Livestock,Promotion Program (Goat),,,,,,,,
1425,D-8-W-2845,Brindaban Krishak Samuha,2077/078,2078-03-18,45,Gandaki,8,Component A,Livestock,Promotion Program (Goat),,,,,,,,
1426,D-8-X-2847,Sthul Khola Krishak Samuha,2077/078,2077-03-07,45,Barpak Sulikot,3,Component A,Livestock,Promotion Program (Goat),,,,,,,,
1427,D-8-W-2848,Aarubot Poultry Group,2077/078,2077-06-10,45,Gandaki,4,Component A,Livestock,Promotion Program (Poultry),,,,,,,,
1428,D-8-X-2849,Gairichhap Kukhura Palan Krisak Samuha,2077/078,2077-06-10,45,Barpak Sulikot,7,Component A,Livestock,Promotion Program (Poultry),,,,,,,,
1429,D-7-T-2850,Gaurishankar Krishi Tatha Pashupanchhi Palan Samuha,2077/078,2077-05-06,31,Gajuri,8,Component A,Livestock,Promotion Program (Dairy),,,,,,,,
1430,B-4-G-2851,Ram Janaki Vegetable Production Group,2077/078,2077-05-28,19,Pipara,2,Component A,Crop,Others,,,,,,,,
1431,B-4-G-2852,Jyoti Annbali crop production group,2077/078,2077-12-12,19,Pipara,5,Component A,Crop,Others,,,,,,,,
1432,B-4-G-2856,Saraswoti vegetable Production Group,2077/078,2077-10-14,19,Pipara,1,Component A,Crop,Others,,,,,,,,
1433,B-4-G-2857,Ram Janaki Crop Production Group (B),2077/078,2077-04-21,19,Pipara,3,Component A,Crop,Others,,,,,,,,
1434,B-4-G-2858,Hira Annbali crop productionn group,2077/078,2077-12-26,19,Pipara,5,Component A,Crop,Others,,,,,,,,
1435,B-4-G-2861,Bhairab Vegetable Production Farmer Group (A),2077/078,2078-03-01,19,Pipara,7,Component A,Crop,Others,,,,,,,,
1436,B-4-H-2862,Shanti Crop Production Group,2077/078,2077-05-26,19,Ekdara,6,Component A,Crop,Others,,,,,,,,
1437,B-4-H-2863,Aaliya Crop Production Farmer Group,2077/078,2078-03-18,19,Ekdara,5,Component A,Crop,Others,,,,,,,,
1438,B-4-G-2865,Bishal Vegetable Production  Group,2077/078,2078-03-15,19,Pipara,1,Component A,Crop,Others,,,,,,,,
1439,B-4-G-2866,Chand Vegetable Production  Group,2077/078,2078-02-17,19,Pipara,1,Component A,Crop,Others,,,,,,,,
1440,B-4-H-2867,Ganesh Crop Production Farmer Group (A),2077/078,2078-03-09,19,Ekdara,2,Component A,Crop,Others,,,,,,,,
1441,B-4-G-2868,Janta Vegetable Production  Group,2077/078,2078-02-25,19,Pipara,1,Component A,Crop,Others,,,,,,,,
1442,B-4-H-2871,Rupali Crop Production Farmer Group,2077/078,2078-03-05,19,Ekdara,3,Component A,Crop,Others,,,,,,,,
1443,B-4-G-2872,Sagar Vegetable Production Group,2077/078,2078-03-04,19,Pipara,1,Component A,Crop,Others,,,,,,,,
1444,B-4-H-2873,Tara Crop Production Farmer Group,2077/078,2078-03-04,19,Ekdara,3,Component A,Crop,Others,,,,,,,,
1445,B-4-G-2874,Ujjwalo Vegetable Production  Group,2077/078,2078-03-10,19,Pipara,2,Component A,Crop,Others,,,,,,,,
1446,B-4-H-2875,Arati Crop Production Farmer Group,2077/078,2077-12-31,19,Ekdara,2,Component A,Crop,Others,,,,,,,,
1447,B-4-H-2876,Champa Crop Production Farmer Group,2077/078,1900-01-01,19,Ekdara,5,Component A,Crop,Others,,,,,,,,
1448,A-2-D-2877,Dihabar Baba Bali Utpadan Krishak Pathshala Samuha,2077/078,2077-06-06,21,Bariyarpatti,4,Component A,Crop,FFS (Crop),,,,,,,,
1449,B-4-G-2878,Parbati Vegetable Production Group,2077/078,2078-03-16,19,Pipara,6,Component A,Crop,Others,,,,,,,,
1450,B-4-G-2880,Priya Vegetable Production Group,2077/078,2078-03-05,19,Pipara,3,Component A,Crop,Others,,,,,,,,
1451,B-4-H-2881,Saraswoti Vegetable Production Group (A),2077/078,2077-11-09,19,Ekdara,4,Component A,Crop,Others,,,,,,,,
1452,B-4-G-2882,Nandani Vegetable Production Group,2077/078,2077-10-13,19,Pipara,6,Component A,Crop,Others,,,,,,,,
1453,B-4-H-2883,Tiliya Vegetable Production Group (A),2077/078,2077-12-30,19,Ekdara,3,Component A,Crop,Others,,,,,,,,
1454,D-7-T-2884,Ratnamala Pashupalan Krishak Samuha,2077/078,2077-07-10,31,Gajuri,3,Component A,Livestock,Promotion Program (Poultry),,,,,,,,
1455,B-3-E-2885,Laxmi Nutrition mother group,2077/078,2077-11-05,20,Dhanauji ,1,Component C,Nutrition,Home Nutrition Garden (Nutrition),,,,,,,,
1456,B-3-E-2887,Maa Durga Nutrition Mothers group,2077/078,2077-04-25,20,Dhanauji ,5,Component C,Nutrition,Home Nutrition Garden (Nutrition),,,,,,,,
1457,B-3-E-2888,Parwati Nutrition Mother GroupDhanauji -A,2077/078,1900-01-19,20,Dhanauji ,5,Component C,Nutrition,Home Nutrition Garden (Nutrition),,,,,,,,
1458,B-3-F-2893,Sansaari mai Nutrition Mother Group =A,2077/078,2078-12-01,20,Mukhiyapatti Musaharmiya,2,Component C,Nutrition,Home Nutrition Garden (Nutrition),,,,,,,,
1459,B-3-F-2894,Parwati Nutrition  Group Mukhiyapatti Musharniya palika,2077/078,2077-12-12,20,Mukhiyapatti Musaharmiya,1,Component C,Nutrition,Home Nutrition Garden (Nutrition),,,,,,,,
1460,D-7-T-2895,Newarbas Nutrition Group,2077/078,1900-01-14,31,Gajuri,4,Component C,Nutrition,Home Nutrition Garden (Nutrition),,,,,,,,
1461,D-8-X-2896,Phoolbari Nutrition Group,2077/078,19/6/2077,45,Barpak Sulikot,4,Component C,Nutrition,Home Nutrition Garden (Nutrition),,,,,,,,
1462,D-8-W-2897,Srijansil Nutrition Group,2077/078,2077-04-06,45,Gandaki,2,Component C,Nutrition,Home Nutrition Garden (Nutrition),,,,,,,,
1463,B-4-G-2898,Sita Vegetable  Production Group,2077/078,2077-06-22,19,Pipara,1,Component A,Crop,Others,,,,,,,,
1464,B-4-H-2899,Ma Durga Seed Production Group,2077/078,2077-04-08,19,Ekdara,6,Component A,Crop,Seed Producers,,,,,,,,
1465,A-1-A-2900,Chhinnamasta Bali Utpadan Krishak Samuha,2077/078,2077-12-18,22,Rajgadh,3,Component A,Crop,FFS (Crop),,,,,,,,
1466,A-1-A-2901,Shree Baba Bishwakarma Dairy Prabandhan Samuha,2077/078,2077-06-29,22,Rajgadh,3,Component A,Livestock,Promotion Program (Dairy),,,,,,,,
1467,A-1-B-2902,Shree Saraswati Bakhra Prabandhan Samuha,2077/078,2077-06-21,22,166,1,Component A,Livestock,Promotion Program (Goat),,,,,,,,
1468,A-1-A-2903,Shree Sanyasi Baba Bakhra Prabandhan Samuha,2077/078,2077-05-22,22,Rajgadh,3,Component A,Livestock,Promotion Program (Goat),,,,,,,,
1469,A-1-A-2904,Shree Naath Baba Bakhara Prabardhan Samuha,2077/078,2077-05-26,22,Rajgadh,2,Component A,Livestock,Promotion Program (Goat),,,,,,,,
1470,A-2-C-2905,Maa Saraswati Bakhara Palasn Krishak Samuha,2077/078,2077-12-25,21,164,5,Component A,Livestock,Promotion Program (Goat),,,,,,,,
1471,A-2-C-2906,Dinabhadri Kukhurapalan Krishak Samuha,2077/078,2077-06-22,21,164,5,Component A,Livestock,Promotion Program (Poultry),,,,,,,,
1472,A-2-D-2907,Kachnari Kusaur Pashupalan Samuha,2077/078,2077-04-23,21,Bariyarpatti,1,Component A,Livestock,Promotion Program (Poultry),,,,,,,,
1473,A-1-A-2908,Ishlam Kukhura Prabardhan Samuha,2077/078,2077-05-22,22,Rajgadh,2,Component A,Livestock,Promotion Program (Poultry),,,,,,,,
1474,A-1-A-2909,Mansaram Lalaji Kukhura Prabandhan Samuha,2077/078,2077-05-22,22,Rajgadh,4,Component A,Livestock,Others,,,,,,,,
1475,A-2-C-2910,Chandrawati Pashupalan Krishak Samuha,2077/078,2077-04-02,21,164,3,Component A,Livestock,Promotion Program (Dairy),,,,,,,,
1476,D-8-W-2911,Pragatishil Krishak Samuha Pashupalan,2077/078,2077-06-10,45,Gandaki,7,Component A,Livestock,Promotion Program (Dairy),,,,,,,,
1477,A-2-C-2912,Ma Laxmi Biu Utpadan Krishak Samuha,2077/078,2077-11-06,21,164,3,Component A,Crop,Seed Producers,,,,,,,,
1478,A-2-C-2913,Dihabaar Pashupalan Krishak Samuha,2077/078,2077-06-05,21,164,4,Component A,Livestock,Promotion Program (Dairy),,,,,,,,
1479,D-8-W-2914,Satyadevi Pasupalan Kirsak samuha,2077/078,2077-06-10,45,Gandaki,3,Component A,Livestock,Promotion Program (Goat),,,,,,,,
1480,D-8-X-2915,Saraswoti Livestock Krishak Samuha,2077/078,2077-06-10,45,Barpak Sulikot,6,Component A,Livestock,Promotion Program (Goat),,,,,,,,
1481,A-1-A-2916,Shree Bajarangbali Bakhra Prabandhan Samuha Rajgadh,2077/078,2077-05-21,22,Rajgadh,4,Component A,Livestock,Promotion Program (Goat),,,,,,,,
1482,A-2-D-2917,Salhesh Pasupalan Krishak Samuha,2077/078,2077-12-05,21,Bariyarpatti,5,Component A,Livestock,Promotion Program (Goat),,,,,,,,
1483,A-2-C-2918,Shankar Pashupalan Krishak Samuha,2077/078,2077-04-14,21,164,2,Component A,Livestock,Promotion Program (Dairy),,,,,,,,
1484,A-1-B-2919,Shree Radha Krishna Seed Productio Group,2077/078,2077-02-10,22,166,1,Component A,Crop,Seed Producers,,,,,,,,
1485,D-8-X-2920,Laliguras Krishak Samuha (B),2077/078,2078-03-10,45,Barpak Sulikot,3,Component A,Crop,FFS (Crop),,,,,,,,
1486,A-1-A-2922,Ma Bhagwati Biu Utpadan Samuha,2077/078,2077-06-20,22,Rajgadh,6,Component A,Crop,Seed Producers,,,,,,,,
1487,A-1-A-2923,Shree Bajarangbali Kukhura Prabandhan Samuha Rajgadh,2077/078,2077-05-26,22,Rajgadh,3,Component A,Livestock,Promotion Program (Poultry),,,,,,,,
1488,C-5-P-2924,Pashupatiiiiiiii Krishi Utpadak Krishak Samuha,2077/078,2077-06-23,25,Tamakoshi,6,Component A,Crop,Others,,,,,,,,
1489,C-6-Q-2925,Bhasingtar Krishi Utpadak Krishak Samuha,2077/078,2077-06-16,28,Indrawati,5,Component A,Crop,Others,,,,,,,,
1490,A-2-C-2927,Gyan Jyoti Gharayasi Poshan Bagaicha Samuha (Aama Samuha),2077/078,2077-02-05,21,164,2,Component C,Nutrition,Home Nutrition Garden (Nutrition),,,,,,,,
1491,A-1-A-2928,Shree Ram Bali Utpadan Krishak Pathshala Samuha,2077/078,2077-10-21,22,Rajgadh,6,Component A,Crop,FFS (Crop),,,,,,,,
1492,C-6-R-2932,Bargang Kampache Bakhra Palan Samuha,2077/078,2077-06-28,28,Lisankhu Pakhar,7,Component A,Livestock,Promotion Program (Goat),,,,,,,,
1493,D-8-W-2933,Laligurnas Mahila Krishak Samuha,2077/078,2078-03-19,45,Gandaki,1,Component A,Livestock,Promotion Program (Poultry),,,,,,,,
1494,D-7-S-2934,Laligurans Nutrition Group,2077/078,2077-06-06,31, ,Benighat Rorang,7,Component C,Nutrition,,,,,,,,0
1495,B-4-G-2939,Puja Nutrition Mother Group AA,2077/078,2077-12-31,19,Pipara,5,Component C,Nutrition,Home Nutrition Garden (Nutrition),,,,,,,,
1496,A-2-C-2940,Radha Krishna Bali Utpadan Krishak Samuha,2077/078,2077-12-23,21,164,4,Component A,Crop,Others,,,,,,,,
1497,A-2-C-2941,Maa Bhagwati Bali Utpadan Krishak Pathshala Samuha,2077/078,2077-06-07,21,164,2,Component A,Crop,FFS (Crop),,,,,,,,
1498,A-2-C-2942,Chandrawati Bali Utpadan Krishak Pathshala Samuha,2077/078,2077-06-27,21,164,4,Component A,Crop,FFS (Crop),,,,,,,,
1499,A-2-C-2943,Sita Mai Bali Utpadan Krishak Pathshala Samuha,2077/078,2077-06-16,21,164,5,Component A,Crop,FFS (Crop),,,,,,,,
1500,A-2-C-2944,Sahaja Mai Krishak Samuha,2077/078,2077-04-07,21,164,4,Component A,Crop,Others,,,,,,,,
1501,A-2-D-2945,Indra Biu Utpadan Krishak Samuha,2077/078,2077-04-06,21,Bariyarpatti,3,Component A,Crop,Seed Producers,,,,,,,,
1502,A-2-D-2946,Baba Biswakarma Bali Utpadan Krishak Pathshala Samuha,2077/078,2077-06-02,21,Bariyarpatti,3,Component A,Crop,FFS (Crop),,,,,,,,
1503,C-6-R-2947,Kalidebi Bakhrapalan Krishak Samuha,2077/078,2077-06-18,28,Lisankhu Pakhar,2,Component A,Livestock,Promotion Program (Goat),,,,,,,,
1504,A-2-D-2948,Girdhari Gharayasi Poshan Bagaicha Samuha (Aama Samuha),2077/078,1900-01-26,21,Bariyarpatti,5,Component C,Nutrition,Home Nutrition Garden (Nutrition),,,,,,,,
1505,A-1-A-2949,Shree Shree 108 Dihbar Baba Bali Utpadan Krishak Pathshala Samuha,2077/078,2077-05-26,22,Rajgadh,3,Component A,Crop,FFS (Crop),,,,,,,,
1506,A-1-A-2950,Ramjan Bali Krishak Samuha,2077/078,2077-12-21,22,Rajgadh,6,Component A,Crop,Others,,,,,,,,
1507,A-1-B-2951,Dharmaraj Baba bali Utpadan Krishak Samuha,2077/078,2077-11-06,22,166,6,Component A,Crop,Others,,,,,,,,
1508,A-1-B-2952,Ma Sharde Bali Utpadan Krishak Pathshala Samuha,2077/078,2077-08-06,22,166,6,Component A,Crop,FFS (Crop),,,,,,,,
1509,A-1-B-2953,Ma Kali Bandi Bali Utpadan Krishak Samuha,2077/078,2078-01-03,22,166,6,Component A,Crop,Others,,,,,,,,
1510,A-1-B-2954,Krishna Suwaran Bali Utpadan Krishak Pathshala Samuha,2077/078,2077-05-30,22,166,6,Component A,Crop,FFS (Crop),,,,,,,,
1511,D-8-X-2955,Jaubari Pasupalak samuha,2077/078,2077-06-08,45,Barpak Sulikot,4,Component A,Livestock,Promotion Program (Poultry),,,,,,,,
1512,D-7-T-2956,Pindeshwari Pashupalan Krishak Samuha,2077/078,2077-06-10,31,Gajuri,5,Component A,Livestock,Promotion Program (Goat),,,,,,,,
1513,D-7-T-2957,Santaneshwar Pashupalan Krishak Samuha,2077/078,2077-07-10,31,Gajuri,6,Component A,Livestock,Promotion Program (Goat),,,,,,,,
1514,D-7-T-2958,Siddeshwari Pashupalan Krishak Samuha,2077/078,2077-06-10,31,Gajuri,5,Component A,Livestock,Promotion Program (Goat),,,,,,,,
1515,A-1-B-2965,Ma Chhinnamasta Bhagwati Bali Utpadan Krishak Samuha,2077/078,2077-12-15,22,166,6,Component A,Crop,Others,,,,,,,,
1516,A-1-B-2967,Shree shiva baba   gharayasi poshan bagaicha samuh,2077/078,2077-09-06,22,166,6,Component C,Nutrition,Home Nutrition Garden (Nutrition),,,,,,,,
1517,A-1-B-2968,shree radha krishna gharayasi poshan bagaicha samuh,2077/078,1900-01-22,22,166,7,Component C,Nutrition,Home Nutrition Garden (Nutrition),,,,,,,,
1518,A-1-B-2969,Shree bajrangbali gharayasi poshan bagaicha samuh,2077/078,1900-01-20,22,166,7,Component C,Nutrition,Home Nutrition Garden (Nutrition),,,,,,,,
1519,A-1-B-2970,Shree Hanuman baba gharayasi poshan bagaicha samuh,2077/078,1900-01-25,22,166,4,Component C,Nutrition,Home Nutrition Garden (Nutrition),,,,,,,,
1520,A-1-B-2971,Laxmi Narayan Krishak Samuha,2077/078,2077-06-19,22,166,4,Component A,Crop,Others,,,,,,,,
1521,A-1-B-2972,Radhakrishna krishak Samuha,2077/078,2077-10-01,22,166,1,Component A,Crop,Others,,,,,,,,
1522,A-1-A-2976,Shree Ma Sarswati Bali Utpadan Krishak Samuha,2077/078,2077-08-26,22,Rajgadh,3,Component A,Crop,Others,,,,,,,,
1523,A-1-A-2977,Bahuudehsya Kukhura Palan Krishak Samuha,2077/078,1900-01-19,22,Rajgadh,6,Component A,Livestock,FFS (Poultry),,,,,,,,
1524,B-3-E-2978,"Maa Santoshi Nutrition Mother Group,Dhanauji-2 Gaurdaha A",2077/078,2077-09-24,20,Dhanauji ,2,Component C,Nutrition,Home Nutrition Garden (Nutrition),,,,,,,,
1525,A-2-C-2982,Ma Bhagwati Pashupalan Krishak Samuha 164,2077/078,2077-06-13,21,164,2,Component A,Livestock,Others,,,,,,,,
1526,B-4-G-2984,Shree Shiva Crop Production Group,2077/078,2077-06-09,19,Pipara,1,Component A,Crop,Others,,,,,,,,
1527,B-3-F-2993,Mithila Farmer Group  (A),2077/078,2077-10-05,20,Mukhiyapatti Musaharmiya,4,Component A,Crop,Others,,,,,,,,
1528,B-3-F-2994,Shree Ma Janaki Farmer Group,2077/078,2077-10-05,20,Mukhiyapatti Musaharmiya,5,Component A,Crop,Others,,,,,,,,
1529,D-8-W-2995,Rani Swanra Kukhurapalan Krishak Samuha,2077/078,2077-06-10,45,Gandaki,5,Component A,Livestock,FFS (Poultry),,,,,,,,
1530,A-1-A-2998,Aaysha Krishak Samuha,2078/079,2078-08-20,22,Rajgadh,6,Component A,Crop,Others,,,,,,,,
1531,A-1-A-3000,Janakalyan Krishak Samuha,2078/079,2078-07-26,22,Rajgadh,6,Component A,Crop,Others,,,,,,,,
1532,A-1-A-3001,Ma Jalpa Krishak Samuha,2078/079,2078-08-13,22,Rajgadh,6,Component A,Crop,Others,,,,,,,,
1533,A-2-C-3003,Gangotri Krishak Samuha,2078/079,2078-08-29,21,164,1,Component A,Crop,Others,,,,,,,,
1534,D-8-W-3004,Aakala Devi Krishak Samuha,2078/079,2078-07-15,45,Gandaki,6,Component A,Livestock,Promotion Program (Goat),,,,,,,,
1535,D-8-W-3005,Daandagaun Krishak Samuha,2078/079,2078-07-23,45,Gandaki,3,Component A,Livestock,Promotion Program (Poultry),,,,,,,,
1536,D-8-W-3008,Bajare Krishak Samuha,2078/079,2078-07-17,45,Gandaki,1,Component A,Livestock,Promotion Program (Poultry),,,,,,,,
1537,D-8-W-3009,Kuwa pani Krishak Samuha,2078/079,2078-07-16,45,Gandaki,2,Component A,Livestock,Promotion Program (Goat),,,,,,,,
1538,D-8-W-3010,Laligurash Krishak Samuha,2078/079,2078-07-27,45,Gandaki,5,Component A,Livestock,Promotion Program (Poultry),,,,,,,,
1539,D-8-W-3011,Mahadevsethan Krishak Samuha,2078/079,2078-07-18,45,Gandaki,7,Component A,Livestock,Promotion Program (Dairy),,,,,,,,
1540,D-8-W-3012,Namuna Kishak Samuha,2078/079,2078-07-10,45,Gandaki,2,Component A,Livestock,FFS (Goat),,,,,,,,
1541,D-8-W-3013,New Batuki Krishak Samuha,2078/079,2078-07-14,45,Gandaki,3,Component A,Livestock,FFS (Goat),,,,,,,,
1542,D-8-W-3014,PanchaKanya Krishak Samuha,2078/079,2078-07-10,45,Gandaki,6,Component A,Livestock,Promotion Program (Goat),,,,,,,,
1543,D-8-W-3016,Raithok Magar Krishak Samuha,2078/079,2078-07-27,45,Gandaki,5,Component A,Livestock,FFS (Poultry),,,,,,,,
1544,D-8-W-3017,Sagarmathaa Krishak Samuha,2078/079,2078-07-27,45,Gandaki,5,Component A,Livestock,Promotion Program (Poultry),,,,,,,,
1545,D-7-T-3020,Aadhamara Krishak Samuha,2078/079,2078-05-10,31,Gajuri,1,Component A,Crop,Others,,,,,,,,
1546,D-7-T-3021,Ranaswor Krishak Samuha,2078/079,2078-05-12,31,Gajuri,2,Component A,Crop,Others,,,,,,,,
1547,D-7-T-3022,Purakshing Krishak Samuha,2078/079,2078-05-11,31,Gajuri,3,Component A,Crop,Others,,,,,,,,
1548,D-7-T-3023,Banchhetar Krishak Samuha,2078/079,2078-07-13,31,Gajuri,6,Component A,Crop,Others,,,,,,,,
1549,D-7-T-3024,Jarekhet Krishak Samuha,2078/079,2078-07-17,31,Gajuri,6,Component A,Crop,Others,,,,,,,,
1550,D-7-T-3025,Jamuntar Krishak Samuha,2078/079,2078-07-16,31,Gajuri,7,Component A,Crop,Others,,,,,,,,
1551,D-7-T-3026,Deurali Krishak Samuha ©,2078/079,2078-05-11,31,Gajuri,5,Component A,Crop,Others,,,,,,,,
1552,D-7-T-3027,Milanjoti Krishak Samuha,2078/079,2078-05-12,31,Gajuri,6,Component A,Crop,Others,,,,,,,,
1553,D-7-S-3032,Valayotar Gaurishankar krishak samuha,2078/079,2078-06-01,31, ,Benighat Rorang,2,Component A,Livestock,,,,,,,,0
1554,D-7-T-3042,Fulbari krishak samuha,2078/079,2078-07-17,31,Gajuri,2,Component A,Livestock,Promotion Program (Goat),,,,,,,,
1555,D-7-T-3043,Bajhagara krishak samuha,2078/079,2078-05-15,31,Gajuri,2,Component A,Livestock,Promotion Program (Dairy),,,,,,,,
1556,D-7-T-3044,Bimere krishak samuha,2078/079,2078-05-15,31,Gajuri,2,Component A,Livestock,FFS (Poultry),,,,,,,,
1557,D-7-T-3045,Gupteswari  krishak samuha,2078/079,2078-05-15,31,Gajuri,2,Component A,Livestock,FFS (Goat),,,,,,,,
1558,D-7-T-3046,Barpipal  krishak samuha,2078/079,2078-07-21,31,Gajuri,2,Component A,Livestock,Promotion Program (Goat),,,,,,,,
1559,D-7-T-3047,Gaukhola  krishak samuha (No Go),2078/079,2078-07-22,31,Gajuri,4,Component A,Livestock,Promotion Program (Goat),,,,,,,,
1560,D-7-T-3048,Manakamanaa krishak samuha,2078/079,2078-07-22,31,Gajuri,4,Component A,Livestock,Promotion Program (Poultry),,,,,,,,
1561,D-7-T-3049,Mulakharka pasupalan krishak samuha,2078/079,2078-07-16,31,Gajuri,5,Component A,Livestock,Promotion Program (Goat),,,,,,,,
1562,D-7-T-3050,sajha pasupalan Krishak Samuha,2078/079,2078-05-14,31,Gajuri,5,Component A,Livestock,Promotion Program (Goat),,,,,,,,
1563,D-7-T-3051,Milijuli Pasupalan Kriskhak Samuha,2078/079,2078-06-12,31,Gajuri,6,Component A,Livestock,FFS (Goat),,,,,,,,
1564,D-7-T-3052,Hatemalo Pasupalan Krishak Samuha,2078/079,2078-06-16,31,Gajuri,6,Component A,Livestock,Promotion Program (Poultry),,,,,,,,
1565,D-7-T-3053,Jaleshwori Pasupalan Krishak Samuha,2078/079,2078-07-13,31,Gajuri,7,Component A,Livestock,Promotion Program (Poultry),,,,,,,,
1566,D-7-T-3054,MelDada Pasupalan Krishak Samuha,2078/079,2078-07-13,31,Gajuri,7,Component A,Livestock,Promotion Program (Poultry),,,,,,,,
1567,D-7-T-3056,Majuwa pasupaln Krishak Samuha,2078/079,2078-07-15,31,Gajuri,8,Component A,Livestock,Promotion Program (Poultry),,,,,,,,
1568,D-8-W-3058,Nayagau Krishak Samuha,2078/079,2078-05-10,45,Gandaki,8,Component A,Crop,Others,,,,,,,,
1569,D-8-W-3059,Shree Janajibika Krishak Samuha,2078/079,2078-05-10,45,Gandaki,8,Component A,Crop,Others,,,,,,,,
1570,D-8-W-3060,Shree Lakurichhap Devi Krishak Samuha,2078/079,2078-07-08,45,Gandaki,1,Component A,Crop,Others,,,,,,,,
1571,D-8-W-3061,Samayojan Krishak Samuha,2078/079,2078-07-08,45,Gandaki,7,Component A,Crop,Others,,,,,,,,
1572,D-8-W-3062,Jyamireghat Krishak Samuha,2078/079,2078-07-08,45,Gandaki,7,Component A,Crop,Others,,,,,,,,
1573,D-8-W-3063,Annapurna Krishak Samuha (C),2078/079,2078-07-17,45,Gandaki,6,Component A,Crop,Others,,,,,,,,
1574,D-8-W-3064,Magar Basti Archanbas Krishak Samuha,2078/079,2078-07-17,45,Gandaki,6,Component A,Crop,Others,,,,,,,,
1575,D-8-W-3065,Bijaure Krishak Samuha,2078/079,2078-07-22,45,Gandaki,6,Component A,Crop,Others,,,,,,,,
1576,D-8-X-3066,Sulikot Krishak samuha,2078/079,2078-06-14,45,Barpak Sulikot,3,Component A,Livestock,FFS (Poultry),,,,,,,,
1577,D-8-X-3067,Jhacriswora Krishak Samuha,2078/079,2078-06-18,45,Barpak Sulikot,4,Component A,Livestock,Promotion Program (Goat),,,,,,,,
1578,D-8-X-3068,GyajI Krishak Samuha,2078/079,2078-06-20,45,Barpak Sulikot,7,Component A,Livestock,Promotion Program (Goat),,,,,,,,
1579,D-8-X-3069,Shapran Krishak Samuha,2078/079,2078-06-11,45,Barpak Sulikot,1,Component A,Livestock,Promotion Program (Poultry),,,,,,,,
1580,D-8-X-3071,Barpak Dalit Krisak Samuha,2078/079,2078-06-13,45,Barpak Sulikot,1,Component A,Livestock,Promotion Program (Poultry),,,,,,,,
1581,D-8-X-3072,Esnan Krishak Samuha,2078/079,2078-06-15,45,Barpak Sulikot,2,Component A,Livestock,Promotion Program (Goat),,,,,,,,
1582,D-8-X-3073,Palkhu Krishak Shamuha (No Go),2078/079,2078-06-19,45,Barpak Sulikot,6,Component A,Livestock,Promotion Program (Goat),,,,,,,,
1583,D-8-X-3074,Amale Krishak Shamuha (No Go),2078/079,2078-06-21,45,Barpak Sulikot,7,Component A,Livestock,Promotion Program (Goat),,,,,,,,
1584,D-8-X-3075,Layagaun Krishaka Shamuha,2078/079,2078-06-23,45,Barpak Sulikot,4,Component A,Livestock,Promotion Program (Goat),,,,,,,,
1585,D-8-X-3076,Pahare Krisak samuha,2078/079,2078-06-10,45,Barpak Sulikot,8,Component A,Livestock,Promotion Program (Goat),,,,,,,,
1586,D-8-X-3079,Mashar Krishak Shamuha,2078/079,2078-06-11,45,Barpak Sulikot,6,Component A,Livestock,FFS (Goat),,,,,,,,
1587,D-8-X-3080,Mandre Krishak Samuha,2078/079,2078-06-17,45,Barpak Sulikot,2,Component A,Livestock,Promotion Program (Poultry),,,,,,,,
1588,D-8-X-3081,TinKhande Krisak Samuha (No Go),2078/079,2078-06-12,45,Barpak Sulikot,8,Component A,Livestock,Promotion Program (Dairy),,,,,,,,
1589,D-8-W-3082,Lekali Krishak Samuha,2077/078,2077-03-10,45,Gandaki,6,Component A,Crop,Others,,,,,,,,
1590,D-8-W-3084,Hatiya Krishak Samuha,2077/078,2077-03-12,45,Gandaki,6,Component A,Crop,Others,,,,,,,,
1591,D-8-W-3085,Benigau Nutrition Group,2078/079,2078-05-29,45,Gandaki,8,Component C,Nutrition,NFS (Nutrition),,,,,,,,
1592,D-8-W-3088,Chhatiwongaira Nutrition Group,2078/079,2078-06-03,45,Gandaki,7,Component C,Nutrition,NFS (Nutrition),,,,,,,,
1593,D-8-W-3089,Erlung Nutrition Group,2078/079,2078-07-13,45,Gandaki,7,Component C,Nutrition,NFS (Nutrition),,,,,,,,
1594,D-8-W-3091,Gumba Nutrition Group,2078/079,2078-06-19,45,Gandaki,2,Component C,Nutrition,NFS (Nutrition),,,,,,,,
1595,D-8-W-3097,Mishrit Nutrition Group,2078/079,2078-05-21,45,Gandaki,2,Component C,Nutrition,NFS (Nutrition),,,,,,,,
1596,D-8-W-3100,Bhalayodada Nutrition Group,2078/079,2078-05-23,45,Gandaki,2,Component C,Nutrition,NFS (Nutrition),,,,,,,,
1597,D-8-W-3101,Naule Bhanjang Nutrition Group,2078/079,2078-05-21,45,Gandaki,2,Component C,Nutrition,NFS (Nutrition),,,,,,,,
1598,D-8-W-3103,Jyamireghat Nutrition Group,2078/079,2078-06-01,45,Gandaki,7,Component C,Nutrition,NFS (Nutrition),,,,,,,,
1599,C-6-Q-3104,Devideurli Krishi Utpadak Krishak Samuha,2078/079,2078-09-04,28,Indrawati,4,Component A,Crop,Others,,,,,,,,
1600,D-8-X-3106,Deurali Lamatar Nutrition Group,2078/079,2078-06-10,45,Barpak Sulikot,7,Component C,Nutrition,NFS (Nutrition),,,,,,,,
1601,D-8-X-3107,Dharapani Nutrition Group,2078/079,2078-06-09,45,Barpak Sulikot,7,Component C,Nutrition,NFS (Nutrition),,,,,,,,
1602,D-8-X-3108,Jarang Nutrition Group,2078/079,2078-06-11,45,Barpak Sulikot,8,Component C,Nutrition,NFS (Nutrition),,,,,,,,
1603,D-8-X-3109,Mulabari Nutrition Group,2078/079,2078-06-03,45,Barpak Sulikot,7,Component C,Nutrition,NFS (Nutrition),,,,,,,,
1604,D-8-X-3110,Pahare Nutrition Group,2078/079,2078-06-01,45,Barpak Sulikot,8,Component C,Nutrition,NFS (Nutrition),,,,,,,,
1605,D-8-X-3111,Sano Pandrung Nutrition Group (NO Go Group),2078/079,2078-06-04,45,Barpak Sulikot,8,Component C,Nutrition,NFS (Nutrition),,,,,,,,
1606,D-8-X-3112,Thale japhadi Nutrition Group,2078/079,2078-06-12,45,Barpak Sulikot,5,Component C,Nutrition,NFS (Nutrition),,,,,,,,
1607,D-8-X-3113,Thulo Pandrung Nutrition Group (No Go),2078/079,2078-06-12,45,Barpak Sulikot,8,Component C,Nutrition,NFS (Nutrition),,,,,,,,
1608,D-8-X-3114,Ahalgau Nutrition Group,2078/079,2022-01-10,45,Barpak Sulikot,2,Component C,Nutrition,NFS (Nutrition),,,,,,,,
1609,D-8-X-3115,Balshisu Nutrition Group,2078/079,2022-01-10,45,Barpak Sulikot,4,Component C,Nutrition,NFS (Nutrition),,,,,,,,
1610,D-8-X-3116,Banchwok Nutrition Group,2078/079,2022-01-10,45,Barpak Sulikot,4,Component C,Nutrition,NFS (Nutrition),,,,,,,,
1611,D-8-X-3118,Baramule Nutrition Group,2078/079,2022-01-10,45,Barpak Sulikot,3,Component C,Nutrition,NFS (Nutrition),,,,,,,,
1612,D-8-X-3119,Ghunchwok Nutrition Group,2078/079,2022-01-10,45,Barpak Sulikot,4,Component C,Nutrition,NFS (Nutrition),,,,,,,,
1613,D-8-X-3120,Jalmukhi Nutrition Group,2078/079,2022-01-10,45,Barpak Sulikot,4,Component C,Nutrition,NFS (Nutrition),,,,,,,,
1614,D-8-X-3121,Kafaldanda Nutrition Group,2078/079,2022-01-10,45,Barpak Sulikot,3,Component C,Nutrition,NFS (Nutrition),,,,,,,,
1615,D-8-X-3122,Mandre Nutrition Group,2078/079,2022-01-10,45,Barpak Sulikot,2,Component C,Nutrition,NFS (Nutrition),,,,,,,,
1616,D-8-X-3123,Manidanda Nutrition Group,2078/079,2022-01-10,45,Barpak Sulikot,2,Component C,Nutrition,NFS (Nutrition),,,,,,,,
1617,D-8-X-3124,Milan Chwok Nutrition Group,2078/079,2022-01-10,45,Barpak Sulikot,2,Component C,Nutrition,NFS (Nutrition),,,,,,,,
1618,D-8-X-3125,Pokhari Nutrition Group,2078/079,2022-01-10,45,Barpak Sulikot,2,Component C,Nutrition,NFS (Nutrition),,,,,,,,
1619,D-8-X-3126,Ranchowk Nutrition Group,2078/079,2022-01-10,45,Barpak Sulikot,4,Component C,Nutrition,NFS (Nutrition),,,,,,,,
1620,D-8-X-3127,Shorta Nutrition Group,2078/079,2022-01-10,45,Barpak Sulikot,1,Component C,Nutrition,NFS (Nutrition),,,,,,,,
1621,D-7-S-3128,Aebang  Nutrition Group,2078/079,2078-06-11,31, ,Benighat Rorang,9,Component C,Nutrition,,,,,,,,0
1622,D-7-S-3129,Annapurna Nutrition Group,2078/079,2078-05-31,31, ,Benighat Rorang,7,Component C,Nutrition,,,,,,,,0
1623,D-7-S-3130,Barpuk Nutrition Group,2078/079,2078-07-13,31, ,Benighat Rorang,8,Component C,Nutrition,,,,,,,,0
1624,D-7-S-3131,Chautari Nutrition Group,2078/079,2078-06-11,31, ,Benighat Rorang,9,Component C,Nutrition,,,,,,,,0
1625,D-7-S-3132,Dhunge Nutrition Group,2078/079,2078-07-09,31, ,Benighat Rorang,10,Component C,Nutrition,,,,,,,,0
1626,D-7-S-3133,Gothibhanjang Nutrition Group (No GO Group),2078/079,2078-06-10,31, ,Benighat Rorang,8,Component C,Nutrition,,,,,,,,0
1627,D-7-S-3134,Jirbang Nutrition Group,2078/079,2078-06-10,31, ,Benighat Rorang,8,Component C,Nutrition,,,,,,,,0
1628,D-7-S-3135,Kalika Nutrition Group,2078/079,2078-05-20,31, ,Benighat Rorang,10,Component C,Nutrition,,,,,,,,0
1629,D-7-S-3136,Koiltar Nutrition Group,2078/079,2078-07-10,31, ,Benighat Rorang,7,Component C,Nutrition,,,,,,,,0
1630,D-7-S-3138,Mathilo Robang Nutrition Group,2078/079,2078-07-17,31, ,Benighat Rorang,9,Component C,Nutrition,,,,,,,,0
1631,D-7-S-3139,Tallo Barpuk Nutrition Group,2078/079,2078-07-23,31, ,Benighat Rorang,8,Component C,Nutrition,,,,,,,,0
1632,D-7-S-3140,Tallo Rorang Nutrition Group,2078/079,2078-07-17,31, ,Benighat Rorang,9,Component C,Nutrition,,,,,,,,0
1633,D-7-S-3141,Bardada Nutrition Group,2078/079,2078-07-25,31, ,Benighat Rorang,2,Component C,Nutrition,,,,,,,,0
1634,D-7-S-3142,Chapdada Nutrition Group,2078/079,1900-01-06,31, ,Benighat Rorang,2,Component C,Nutrition,,,,,,,,0
1635,D-7-S-3143,Gharbari Nutrition Group,2078/079,2078-05-30,31, ,Benighat Rorang,5,Component C,Nutrition,,,,,,,,0
1636,D-7-S-3144,Godawari Nutrition Group (No Go Group),2078/079,2078-05-23,31, ,Benighat Rorang,5,Component C,Nutrition,,,,,,,,0
1637,D-7-S-3146,Jarung Nutrition Group,2078/079,2078-07-23,31, ,Benighat Rorang,1,Component C,Nutrition,,,,,,,,0
1638,D-7-S-3147,Jogidada Nutrition Group,2078/079,2078-06-11,31, ,Benighat Rorang,2,Component C,Nutrition,,,,,,,,0
1639,D-7-S-3148,Katrak Nutrition Group,2078/079,2078-06-09,31, ,Benighat Rorang,3,Component C,Nutrition,,,,,,,,0
1640,D-7-S-3149,Pashupati Nutrition Group,2078/079,2078-05-31,31, ,Benighat Rorang,5,Component C,Nutrition,,,,,,,,0
1641,D-7-S-3150,Rawaldada Nutrition Group (No Go Group),2078/079,2078-06-02,31, ,Benighat Rorang,2,Component C,Nutrition,,,,,,,,0
1642,D-7-S-3151,Tinkanya Nutrition Group,2078/079,2078-06-08,31, ,Benighat Rorang,3,Component C,Nutrition,,,,,,,,0
1643,D-7-T-3153,Aadamari Nutrition Group (No Go Group),2078/079,2078-05-10,31,Gajuri,1,Component C,Nutrition,NFS (Nutrition),,,,,,,,
1644,D-7-T-3154,Archale Nutrition Group (No Go Group),2078/079,2078-07-14,31,Gajuri,4,Component C,Nutrition,NFS (Nutrition),,,,,,,,
1645,D-7-T-3155,Bal Samrachhan Nutrition Group,2078/079,2078-05-29,31,Gajuri,2,Component C,Nutrition,NFS (Nutrition),,,,,,,,
1646,D-7-T-3156,Barechhap Nutrition Group,2078/079,2078-05-01,31,Gajuri,1,Component C,Nutrition,NFS (Nutrition),,,,,,,,
1647,D-7-T-3159,Kharka Chaur Nutrition Group,2078/079,2078-05-29,31,Gajuri,3,Component C,Nutrition,NFS (Nutrition),,,,,,,,
1648,D-7-T-3160,Majuwa Nutrition Group,2078/079,2078-07-26,31,Gajuri,2,Component C,Nutrition,NFS (Nutrition),,,,,,,,
1649,D-7-T-3161,Mayatar Nutrition Group,2078/079,2078-06-02,31,Gajuri,2,Component C,Nutrition,NFS (Nutrition),,,,,,,,
1650,D-7-T-3162,Nayabari  Nutrition Group,2078/079,1900-01-07,31,Gajuri,1,Component C,Nutrition,NFS (Nutrition),,,,,,,,
1651,D-7-T-3163,Puraksing Nutrition Group,2078/079,2078-05-11,31,Gajuri,3,Component C,Nutrition,NFS (Nutrition),,,,,,,,
1652,D-7-T-3164,Thangsingkharkaa Nutrition Group,2078/079,2078-06-22,31,Gajuri,4,Component C,Nutrition,NFS (Nutrition),,,,,,,,
1653,D-7-T-3165,Bebi Nutrition Group,2078/079,2078-04-28,31,Gajuri,5,Component C,Nutrition,NFS (Nutrition),,,,,,,,
1654,D-7-T-3166,Bhasmekharka Nutrition Group,2078/079,2078-07-01,31,Gajuri,7,Component C,Nutrition,NFS (Nutrition),,,,,,,,
1655,D-7-T-3169,Kopila Nutrition Group,2078/079,1900-01-04,31,Gajuri,6,Component C,Nutrition,NFS (Nutrition),,,,,,,,
1656,D-7-T-3170,Mulakharka Nutrition Group,2078/079,2078-07-15,31,Gajuri,5,Component C,Nutrition,NFS (Nutrition),,,,,,,,
1657,D-7-T-3171,Pinda Nutrition Group,2078/079,2078-05-29,31,Gajuri,5,Component C,Nutrition,NFS (Nutrition),,,,,,,,
1658,D-7-T-3172,Pukun Nutrition Group,2078/079,1900-01-05,31,Gajuri,6,Component C,Nutrition,NFS (Nutrition),,,,,,,,
1659,D-7-T-3173,Santaneshwor Nutrition Group,2078/079,2078-04-30,31,Gajuri,6,Component C,Nutrition,NFS (Nutrition),,,,,,,,
1660,D-7-T-3174,Saraswoti Nutrition Group,2078/079,1900-01-04,31,Gajuri,5,Component C,Nutrition,NFS (Nutrition),,,,,,,,
1661,D-7-T-3175,Shyamidada Nutrition Group,2078/079,2078-05-29,31,Gajuri,6,Component C,Nutrition,NFS (Nutrition),,,,,,,,
1662,D-7-T-3176,Sirjanshil Nutrition Group,2078/079,2078-07-14,31,Gajuri,8,Component C,Nutrition,NFS (Nutrition),,,,,,,,
1663,D-7-T-3177,Tallo Shyamidada Nutrition Group,2078/079,2078-05-28,31,Gajuri,6,Component C,Nutrition,NFS (Nutrition),,,,,,,,
1664,D-7-S-3178,Jay Laxmi Krishak Samuha,2078/079,2078-05-10,31, ,Benighat Rorang,10,Component A,Crop,,,,,,,,0
1665,D-7-S-3179,Khanigau Krishak Samuha,2078/079,2078-05-12,31, ,Benighat Rorang,3,Component A,Crop,,,,,,,,0
1666,D-7-S-3180,Sunargau Krishak Samuha,2078/079,2078-05-12,31, ,Benighat Rorang,5,Component A,Crop,,,,,,,,0
1667,D-7-S-3181,Sundarnagi Baskharka Krishak Samuha,2078/079,2078-05-12,31, ,Benighat Rorang,1,Component A,Crop,,,,,,,,0
1668,D-7-S-3182,Lamidada Kitine Krishak samuha,2078/079,2078-05-12,31, ,Benighat Rorang,4,Component A,Crop,,,,,,,,0
1669,D-8-X-3183,Himali Krishak Samuha,2078/079,2078-05-10,45,Barpak Sulikot,2,Component A,Crop,Others,,,,,,,,
1670,D-8-X-3184,Runchok Krisak Samuha,2078/079,2078-05-10,45,Barpak Sulikot,4,Component A,Crop,Others,,,,,,,,
1671,D-8-X-3185,DargaunThailidanda Krishak Samuha,2078/079,2078-05-10,45,Barpak Sulikot,2,Component A,Crop,Others,,,,,,,,
1672,D-8-X-3186,Aakala Nutrition Group,2078/079,2022-01-11,45,Barpak Sulikot,2,Component C,Nutrition,NFS (Nutrition),,,,,,,,
1673,D-8-W-3188,Toriswora Nutrition Group,2078/079,2078-05-27,45,Gandaki,8,Component C,Nutrition,NFS (Nutrition),,,,,,,,
1674,D-8-W-3189,Darbungtar Nutrition Group,2078/079,2078-05-21,45,Gandaki,5,Component C,Nutrition,NFS (Nutrition),,,,,,,,
1675,D-8-W-3190,Dhabe Nutrition Group,2078/079,2078-05-21,45,Gandaki,4,Component C,Nutrition,NFS (Nutrition),,,,,,,,
1676,D-8-W-3191,Gairichautara Nutrition Group,2078/079,2078-05-21,45,Gandaki,4,Component C,Nutrition,NFS (Nutrition),,,,,,,,
1677,D-8-W-3192,Jatar Nutrition Group,2078/079,2078-05-21,45,Gandaki,1,Component C,Nutrition,NFS (Nutrition),,,,,,,,
1678,D-8-W-3194,Kaule Nutrition Group,2078/079,2078-05-21,45,Gandaki,1,Component C,Nutrition,NFS (Nutrition),,,,,,,,
1679,D-8-W-3195,Khaltupani Nutrition Group,2078/079,2078-05-21,45,Gandaki,1,Component C,Nutrition,NFS (Nutrition),,,,,,,,
1680,D-8-W-3196,Khuditar Nutrition Group,2078/079,2078-05-21,45,Gandaki,4,Component C,Nutrition,NFS (Nutrition),,,,,,,,
1681,D-8-W-3197,Koldanda Nutrition Group,2078/079,2078-05-21,45,Gandaki,1,Component C,Nutrition,NFS (Nutrition),,,,,,,,
1682,D-8-W-3198,Lamagau Nutrition Group,2078/079,2078-05-21,45,Gandaki,1,Component C,Nutrition,NFS (Nutrition),,,,,,,,
1683,D-7-S-3212,Namunaa Nutrition Group,2078/079,2078-05-28,31, ,Benighat Rorang,9,Component C,Nutrition,,,,,,,,0
1684,D-7-S-3213,Atmanirvar Nutrition Group,2078/079,2078-07-24,31, ,Benighat Rorang,1,Component C,Nutrition,,,,,,,,0
1685,D-7-T-3214,Chepangtari Nutrition Group,2078/079,2078-07-01,31,Gajuri,2,Component C,Nutrition,NFS (Nutrition),,,,,,,,
1686,D-7-T-3215,Joshitar Nutrition Group,2078/079,2078-07-11,31,Gajuri,7,Component C,Nutrition,NFS (Nutrition),,,,,,,,
1687,D-7-T-3216,Indradevi Nutrition Group,2078/079,2078-07-13,31,Gajuri,6,Component C,Nutrition,NFS (Nutrition),,,,,,,,
1688,D-8-X-3229,Bardidanda Nutrition Group,2078/079,2022-01-16,45,Barpak Sulikot,4,Component C,Nutrition,NFS (Nutrition),,,,,,,,
1689,D-7-T-3230,Bhadaure Nutrition Group,2078/079,2078-06-19,31,Gajuri,1,Component C,Nutrition,NFS (Nutrition),,,,,,,,
1690,D-8-W-3234,Panga khola Nutrition Group,2078/079,2078-05-21,45,Gandaki,1,Component C,Nutrition,NFS (Nutrition),,,,,,,,
1691,D-8-X-3236,Devi Deurali Krishak Samuha,2078/079,2078-05-18,45,Barpak Sulikot,7,Component A,Crop,Others,,,,,,,,
1692,D-8-X-3237,Dandathok Krishak Samuha,2078/079,2078-05-18,45,Barpak Sulikot,6,Component A,Crop,Others,,,,,,,,
1693,D-8-X-3238,Pragatishil Krishak Samuha (D),2078/079,2078-05-20,45,Barpak Sulikot,2,Component A,Crop,Others,,,,,,,,
1694,D-8-X-3239,Khimpo Gaun Krishak Samuha,2078/079,2078-05-20,45,Barpak Sulikot,1,Component A,Crop,Others,,,,,,,,
1695,B-3-E-3303,Kela Nutrition Mothers Group,2078/079,2078-05-07,20,Dhanauji ,3,Component C,Nutrition,Home Nutrition Garden (Nutrition),,,,,,,,
1696,B-3-E-3304,Sharma Poshan Aama Samuh,2078/079,2078-04-15,20,Dhanauji ,4,Component C,Nutrition,Home Nutrition Garden (Nutrition),,,,,,,,
1697,B-3-E-3305,Shakti Nutrition Mother Group,2078/079,2078-04-02,20,Dhanauji ,4,Component C,Nutrition,Home Nutrition Garden (Nutrition),,,,,,,,
1698,B-3-E-3306,Ma Janaki  Nutrition Mother Group,2078/079,2078-05-07,20,Dhanauji ,4,Component C,Nutrition,Home Nutrition Garden (Nutrition),,,,,,,,
1699,B-3-E-3307,Sashi Kala Poshan Samuh,2078/079,2078-05-03,20,Dhanauji ,4,Component C,Nutrition,Home Nutrition Garden (Nutrition),,,,,,,,
1700,B-3-E-3309,Aap Nutrition Mother Group,2078/079,2078-05-25,20,Dhanauji ,5,Component C,Nutrition,Home Nutrition Garden (Nutrition),,,,,,,,
1701,B-3-E-3310,Aarati Nutrition Mother Group A,2078/079,2078-05-11,20,Dhanauji ,1,Component C,Nutrition,Home Nutrition Garden (Nutrition),,,,,,,,
1702,B-3-E-3312,Asha Nutrition Mother Group,2078/079,2078-04-11,20,Dhanauji ,5,Component C,Nutrition,Home Nutrition Garden (Nutrition),,,,,,,,
1703,B-3-E-3313,Gita Nutrition Mother Group,2078/079,2078-04-28,20,Dhanauji ,5,Component C,Nutrition,Home Nutrition Garden (Nutrition),,,,,,,,
1704,B-3-E-3315,Gurans Nutrition Mother Group,2078/079,2078-04-16,20,Dhanauji ,4,Component C,Nutrition,Home Nutrition Garden (Nutrition),,,,,,,,
1705,B-3-E-3316,Janak Nutrition Mother Group,2078/079,2078-06-01,20,Dhanauji ,1,Component C,Nutrition,Home Nutrition Garden (Nutrition),,,,,,,,
1706,B-3-E-3318,Khusbu Nutrition Mother Group,2078/079,2078-04-22,20,Dhanauji ,3,Component C,Nutrition,Home Nutrition Garden (Nutrition),,,,,,,,
1707,B-3-E-3319,Madina Nutrition Mother Group,2078/079,2078-06-05,20,Dhanauji ,1,Component C,Nutrition,Home Nutrition Garden (Nutrition),,,,,,,,
1708,B-3-E-3320,Maheshwari Nutrition Mother Group,2078/079,2078-04-10,20,Dhanauji ,5,Component C,Nutrition,Home Nutrition Garden (Nutrition),,,,,,,,
1709,B-3-E-3321,Phulo Nutrition Mother Group,2078/079,2078-04-05,20,Dhanauji ,3,Component C,Nutrition,Home Nutrition Garden (Nutrition),,,,,,,,
1710,B-3-E-3322,Pooja Nutrition Mother Group,2078/079,2078-04-18,20,Dhanauji ,1,Component C,Nutrition,Home Nutrition Garden (Nutrition),,,,,,,,
1711,B-3-E-3323,Ragini Nutrition Mother Group,2078/079,2078-05-12,20,Dhanauji ,5,Component C,Nutrition,Home Nutrition Garden (Nutrition),,,,,,,,
1712,B-3-E-3324,Saag Nutrition Mother Group,2078/079,2078-04-20,20,Dhanauji ,1,Component C,Nutrition,Home Nutrition Garden (Nutrition),,,,,,,,
1713,B-3-E-3325,Samina Nutrition Mother Group,2078/079,2078-05-07,20,Dhanauji ,3,Component C,Nutrition,Home Nutrition Garden (Nutrition),,,,,,,,
1714,B-3-E-3326,Sangita Nutrition Mother Group,2078/079,2078-05-02,20,Dhanauji ,4,Component C,Nutrition,Home Nutrition Garden (Nutrition),,,,,,,,
1715,B-3-E-3327,Shiv Nutrition Mother Group,2078/079,2078-05-16,20,Dhanauji ,2,Component C,Nutrition,Home Nutrition Garden (Nutrition),,,,,,,,
1716,B-3-E-3328,Suntala Nutrition Mother Group,2078/079,2078-04-04,20,Dhanauji ,2,Component C,Nutrition,Home Nutrition Garden (Nutrition),,,,,,,,
1717,B-3-E-3329,"Mira Nutrition  Group ,Dhanauji A",2078/079,2078-04-07,20,Dhanauji ,4,Component C,Nutrition,Home Nutrition Garden (Nutrition),,,,,,,,
1718,B-3-F-3330,Ambalika Nutrition Mother Group,2078/079,2078-04-01,20,Mukhiyapatti Musaharmiya,6,Component C,Nutrition,Home Nutrition Garden (Nutrition),,,,,,,,
1719,B-3-F-3331,Baishnavi Nutrition Mother Group,2078/079,2078-05-20,20,Mukhiyapatti Musaharmiya,3,Component C,Nutrition,Home Nutrition Garden (Nutrition),,,,,,,,
1720,D-8-W-3334,Mirgamare Nutrition Group,2078/079,2078-05-21,45,Gandaki,3,Component C,Nutrition,Home Nutrition Garden (Nutrition),,,,,,,,
1721,D-8-W-3335,Shikhardanda Nutrition Group,2078/079,2078-05-21,45,Gandaki,3,Component C,Nutrition,Home Nutrition Garden (Nutrition),,,,,,,,
1722,B-3-F-3336,Gayatri Nutrition Mother Group A,2078/079,2078-04-21,20,Mukhiyapatti Musaharmiya,3,Component C,Nutrition,Home Nutrition Garden (Nutrition),,,,,,,,
1723,B-3-F-3337,Girija Nutrition Mother Group A,2078/079,2078-05-03,20,Mukhiyapatti Musaharmiya,4,Component C,Nutrition,Home Nutrition Garden (Nutrition),,,,,,,,
1724,B-3-F-3339,Har Har Mahadev Nutrition Group,2078/079,2078-05-02,20,Mukhiyapatti Musaharmiya,4,Component C,Nutrition,Home Nutrition Garden (Nutrition),,,,,,,,
1725,B-3-F-3340,Jagdamba Nutrition Mother Group A,2078/079,2078-04-16,20,Mukhiyapatti Musaharmiya,2,Component C,Nutrition,Home Nutrition Garden (Nutrition),,,,,,,,
1726,B-3-E-3341,Ashok Nutrition Mother Group,2078/079,2078-04-18,20,Dhanauji ,4,Component C,Nutrition,Home Nutrition Garden (Nutrition),,,,,,,,
1727,B-3-F-3343,Janaknandani Nutrition Mother Group,2078/079,2078-04-15,20,Mukhiyapatti Musaharmiya,5,Component C,Nutrition,Home Nutrition Garden (Nutrition),,,,,,,,
1728,B-3-F-3345,Janki Nutrition Mothers Group,2078/079,2078-04-14,20,Mukhiyapatti Musaharmiya,2,Component C,Nutrition,Home Nutrition Garden (Nutrition),,,,,,,,
1729,B-3-F-3346,Jan Jyoti Nutrition Mother Group,2078/079,2078-05-29,20,Mukhiyapatti Musaharmiya,6,Component C,Nutrition,Home Nutrition Garden (Nutrition),,,,,,,,
1730,B-3-F-3347,Jannat  Nutrition Mother Group,2078/079,2078-06-05,20,Mukhiyapatti Musaharmiya,3,Component C,Nutrition,Home Nutrition Garden (Nutrition),,,,,,,,
1731,B-3-F-3348,Kamlamai Nutrition Mother Group,2078/079,2078-06-17,20,Mukhiyapatti Musaharmiya,4,Component C,Nutrition,Home Nutrition Garden (Nutrition),,,,,,,,
1732,B-3-F-3349,Kushwaha Nutrition Mother Group,2078/079,2078-04-24,20,Mukhiyapatti Musaharmiya,3,Component C,Nutrition,Home Nutrition Garden (Nutrition),,,,,,,,
1733,B-3-F-3350,Laxmi Nutrition Mothers Group,2078/079,2078-04-28,20,Mukhiyapatti Musaharmiya,5,Component C,Nutrition,Home Nutrition Garden (Nutrition),,,,,,,,
1734,B-3-F-3351,Manokamna Nutrition Mothers Group,2078/079,2078-04-22,20,Mukhiyapatti Musaharmiya,5,Component C,Nutrition,Home Nutrition Garden (Nutrition),,,,,,,,
1735,B-3-F-3352,Pragati Nutrition Mother Group,2078/079,2078-05-28,20,Mukhiyapatti Musaharmiya,3,Component C,Nutrition,Home Nutrition Garden (Nutrition),,,,,,,,
1736,B-3-F-3353,Radhika Nutrition Mother Group,2078/079,2078-05-16,20,Mukhiyapatti Musaharmiya,5,Component C,Nutrition,Home Nutrition Garden (Nutrition),,,,,,,,
1737,B-3-F-3354,Radhika Nutrition Mothers Group B,2078/079,2078-05-10,20,Mukhiyapatti Musaharmiya,5,Component C,Nutrition,Home Nutrition Garden (Nutrition),,,,,,,,
1738,B-3-F-3355,Rajdevi Nutrition Mothers Group,2078/079,2078-05-01,20,Mukhiyapatti Musaharmiya,3,Component C,Nutrition,Home Nutrition Garden (Nutrition),,,,,,,,
1739,B-3-F-3356,Sagarmatha Nutrition Mother Group,2078/079,2078-06-03,20,Mukhiyapatti Musaharmiya,3,Component C,Nutrition,Home Nutrition Garden (Nutrition),,,,,,,,
1740,B-3-F-3357,Sakuntala Nutrition Mother Group,2078/079,2078-06-05,20,Mukhiyapatti Musaharmiya,3,Component C,Nutrition,Home Nutrition Garden (Nutrition),,,,,,,,
1741,B-3-F-3358,Sandhaya Nutrition Mother Group,2078/079,2078-06-03,20,Mukhiyapatti Musaharmiya,2,Component C,Nutrition,Home Nutrition Garden (Nutrition),,,,,,,,
1742,B-3-F-3359,Santoshi Nutrition Mother Group,2078/079,2078-05-18,20,Mukhiyapatti Musaharmiya,6,Component C,Nutrition,Home Nutrition Garden (Nutrition),,,,,,,,
1743,B-3-F-3360,Sarswati Nutrition Mothers Group,2078/079,2078-04-25,20,Mukhiyapatti Musaharmiya,5,Component C,Nutrition,Home Nutrition Garden (Nutrition),,,,,,,,
1744,B-3-F-3361,Shanti Nutrition Mother Group,2078/079,2078-05-30,20,Mukhiyapatti Musaharmiya,2,Component C,Nutrition,Home Nutrition Garden (Nutrition),,,,,,,,
1745,B-3-F-3362,Sita  mata Nutrition Mother Group,2078/079,2078-05-12,20,Mukhiyapatti Musaharmiya,2,Component C,Nutrition,Home Nutrition Garden (Nutrition),,,,,,,,
1746,B-3-F-3365,Sunaulo Nutrition Mother Group,2078/079,2078-05-31,20,Mukhiyapatti Musaharmiya,5,Component C,Nutrition,Home Nutrition Garden (Nutrition),,,,,,,,
1747,B-3-F-3366,Tulsimata Nutrition Mother Group,2078/079,2078-04-12,20,Mukhiyapatti Musaharmiya,3,Component C,Nutrition,Home Nutrition Garden (Nutrition),,,,,,,,
1748,B-3-F-3367,Ujyalo Nutrition Mother Group,2078/079,2078-05-05,20,Mukhiyapatti Musaharmiya,4,Component C,Nutrition,Home Nutrition Garden (Nutrition),,,,,,,,
1749,B-4-H-3368,Ali Nutrition Mother Group,2078/079,2078-09-05,19,Ekdara,6,Component C,Nutrition,Home Nutrition Garden (Nutrition),,,,,,,,
1750,B-4-H-3369,Dinaa Bhadri Nutrition Mother Group,2078/079,2078-08-04,19,Ekdara,3,Component C,Nutrition,Home Nutrition Garden (Nutrition),,,,,,,,
1751,B-4-H-3370,Ganga Nutrition Mothers Group,2078/079,1900-01-20,19,Ekdara,1,Component C,Nutrition,Home Nutrition Garden (Nutrition),,,,,,,,
1752,B-4-H-3371,Gulab Nutrition Mother Group,2078/079,2078-01-05,19,Ekdara,5,Component C,Nutrition,Home Nutrition Garden (Nutrition),,,,,,,,
1753,B-4-H-3372,Hira Nutrition Mother Group,2078/079,1900-01-13,19,Ekdara,4,Component C,Nutrition,Home Nutrition Garden (Nutrition),,,,,,,,
1754,B-4-H-3373,Janjati Nutrition Mother Group,2078/079,2078-12-04,19,Ekdara,3,Component C,Nutrition,Home Nutrition Garden (Nutrition),,,,,,,,
1755,B-4-H-3374,Jay Ma Laxmi Nutrition Mother Group,2078/079,1900-01-14,19,Ekdara,5,Component C,Nutrition,Home Nutrition Garden (Nutrition),,,,,,,,
1756,B-4-H-3375,Jiwan Nutrition Mother Group,2078/079,2078-12-04,19,Ekdara,3,Component C,Nutrition,Home Nutrition Garden (Nutrition),,,,,,,,
1757,B-4-H-3376,Jyoti  Nutrition Mother Group,2078/079,1900-01-15,19,Ekdara,3,Component C,Nutrition,Home Nutrition Garden (Nutrition),,,,,,,,
1758,B-4-H-3377,Jyoti Nutrition Mother Group,2078/079,1900-01-15,19,Ekdara,5,Component C,Nutrition,Home Nutrition Garden (Nutrition),,,,,,,,
1759,B-4-H-3380,Madhu Nutrition Mother Group B,2078/079,2078-02-05,19,Ekdara,6,Component C,Nutrition,Home Nutrition Garden (Nutrition),,,,,,,,
1760,B-4-H-3381,Maha Kali Nutrition Mother Group,2078/079,2078-10-04,19,Ekdara,3,Component C,Nutrition,Home Nutrition Garden (Nutrition),,,,,,,,
1761,B-4-H-3382,Mahila Nutrition Mother Group,2078/079,1900-01-29,19,Ekdara,1,Component C,Nutrition,Home Nutrition Garden (Nutrition),,,,,,,,
1762,B-4-H-3385,Mamta Nutrition Mother Group,2078/079,2078-08-05,19,Ekdara,6,Component C,Nutrition,Home Nutrition Garden (Nutrition),,,,,,,,
1763,B-4-H-3386,Mankamana Nutrition Mother Group,2078/079,1900-01-29,19,Ekdara,5,Component C,Nutrition,Home Nutrition Garden (Nutrition),,,,,,,,
1764,B-4-H-3387,Mira  Nutrition Mother Group,2078/079,1900-01-19,19,Ekdara,1,Component C,Nutrition,Home Nutrition Garden (Nutrition),,,,,,,,
1765,B-4-H-3388,Parbati Nutrition Mother Group,2078/079,2078-07-05,19,Ekdara,5,Component C,Nutrition,Home Nutrition Garden (Nutrition),,,,,,,,
1766,B-4-H-3389,Phulmati Nutrition Mother Group,2078/079,1900-01-25,19,Ekdara,1,Component C,Nutrition,Home Nutrition Garden (Nutrition),,,,,,,,
1767,B-4-H-3390,Phulmat Nutrition Mother Group,2078/079,2078-12-06,19,Ekdara,6,Component C,Nutrition,Home Nutrition Garden (Nutrition),,,,,,,,
1768,B-4-H-3391,Prem Nutrition Mother Group,2078/079,2078-01-05,19,Ekdara,5,Component C,Nutrition,Home Nutrition Garden (Nutrition),,,,,,,,
1769,B-4-H-3392,Ram janaki Nutrition Mother Group,2078/079,2078-08-04,19,Ekdara,3,Component C,Nutrition,Home Nutrition Garden (Nutrition),,,,,,,,
1770,B-4-H-3393,Ram Poshan Aama Samuh,2078/079,1900-01-21,19,Ekdara,2,Component C,Nutrition,Home Nutrition Garden (Nutrition),,,,,,,,
1771,B-4-H-3394,Ratan Nutrition Mother Group,2078/079,2078-11-04,19,Ekdara,3,Component C,Nutrition,Home Nutrition Garden (Nutrition),,,,,,,,
1772,B-4-H-3395,Sabri Nutrition Mother Group,2078/079,2078-06-04,19,Ekdara,3,Component C,Nutrition,Home Nutrition Garden (Nutrition),,,,,,,,
1773,B-4-H-3396,Shanti Nutrition MotherS Group,2078/079,1900-01-16,19,Ekdara,3,Component C,Nutrition,Home Nutrition Garden (Nutrition),,,,,,,,
1774,B-4-H-3397,Sita Nutrition Mothers Group,2078/079,2078-07-04,19,Ekdara,3,Component C,Nutrition,Home Nutrition Garden (Nutrition),,,,,,,,
1775,B-4-H-3398,Srishti Nutrition Mother Group,2078/079,2078-07-05,19,Ekdara,4,Component C,Nutrition,Home Nutrition Garden (Nutrition),,,,,,,,
1776,B-4-H-3399,Tajmahal Nutrition Mother Goup,2078/079,1900-01-24,19,Ekdara,2,Component C,Nutrition,Home Nutrition Garden (Nutrition),,,,,,,,
1777,B-4-H-3400,Urmila Nutrition Mother Group,2078/079,2078-04-05,19,Ekdara,5,Component C,Nutrition,Home Nutrition Garden (Nutrition),,,,,,,,
1778,B-4-G-3401,Aap Nutrition Mothers Group,2078/079,2078-12-04,19,Pipara,2,Component C,Nutrition,Home Nutrition Garden (Nutrition),,,,,,,,
1779,B-4-G-3402,Aahaar Nutrition Mother Group,2078/079,1900-01-20,19,Pipara,2,Component C,Nutrition,Home Nutrition Garden (Nutrition),,,,,,,,
1780,B-4-G-3403,Anda Nutrition Mother Group,2078/079,1900-01-29,19,Pipara,7,Component C,Nutrition,Home Nutrition Garden (Nutrition),,,,,,,,
1781,B-4-G-3404,Anmol Nutrition Mother Group,2078/079,1900-01-26,19,Pipara,1,Component C,Nutrition,Home Nutrition Garden (Nutrition),,,,,,,,
1782,B-4-G-3405,Bajrang Nutrition Mother Group,2078/079,2078-10-04,19,Pipara,1,Component C,Nutrition,Home Nutrition Garden (Nutrition),,,,,,,,
1783,B-4-G-3410,Bajarangi Nutrition Mother Group,2078/079,2078-12-04,19,Pipara,7,Component C,Nutrition,Home Nutrition Garden (Nutrition),,,,,,,,
1784,B-4-G-3411,Chulbul  Nutrition Mother Group,2078/079,1900-01-22,19,Pipara,6,Component C,Nutrition,Home Nutrition Garden (Nutrition),,,,,,,,
1785,B-4-G-3412,Dhanuk Nutrition Mother Group,2078/079,1900-01-20,19,Pipara,2,Component C,Nutrition,Home Nutrition Garden (Nutrition),,,,,,,,
1786,B-4-G-3413,Gadi Mai Nutrition Mother Group,2078/079,2078-12-04,19,Pipara,6,Component C,Nutrition,Home Nutrition Garden (Nutrition),,,,,,,,
1787,B-4-G-3414,Gajar Nutrition Mother Group,2078/079,1900-01-27,19,Pipara,2,Component C,Nutrition,Home Nutrition Garden (Nutrition),,,,,,,,
1788,B-4-G-3415,Gitanjali Nutrition Mother Group,2078/079,2078-08-04,19,Pipara,4,Component C,Nutrition,Home Nutrition Garden (Nutrition),,,,,,,,
1789,B-4-G-3416,Hari  Nutrition Mother Group,2078/079,2078-12-04,19,Pipara,4,Component C,Nutrition,Home Nutrition Garden (Nutrition),,,,,,,,
1790,B-4-G-3418,Hira Nutrition Mothers Group,2078/079,2078-04-04,19,Pipara,5,Component C,Nutrition,Home Nutrition Garden (Nutrition),,,,,,,,
1791,B-4-G-3419,Jhilmil Nutrition Group,2078/079,1900-01-24,19,Pipara,6,Component C,Nutrition,Home Nutrition Garden (Nutrition),,,,,,,,
1792,B-4-G-3420,Kali  Nutrition Mother Group,2078/079,1900-01-14,19,Pipara,5,Component C,Nutrition,Home Nutrition Garden (Nutrition),,,,,,,,
1793,B-4-G-3421,Machha Nutrition Mother Group,2078/079,1900-01-26,19,Pipara,7,Component C,Nutrition,Home Nutrition Garden (Nutrition),,,,,,,,
1794,B-4-G-3422,Milijuli Nutrition Mother Group,2078/079,2078-08-04,19,Pipara,1,Component C,Nutrition,Home Nutrition Garden (Nutrition),,,,,,,,
1795,B-4-G-3423,Mira Nutrition Mothers Group,2078/079,1900-01-20,19,Pipara,1,Component C,Nutrition,Home Nutrition Garden (Nutrition),,,,,,,,
1796,B-4-G-3424,Nuri Nutrition Mothers Group,2078/079,2022-01-24,19,Pipara,2,Component C,Nutrition,Home Nutrition Garden (Nutrition),,,,,,,,
1797,B-4-G-3425,Pragatishil Nutrition Mother Group,2078/079,2078-09-04,19,Pipara,3,Component C,Nutrition,Home Nutrition Garden (Nutrition),,,,,,,,
1798,B-4-G-3426,Radha Krishn Nutrition Mother Group,2078/079,1900-01-18,19,Pipara,5,Component C,Nutrition,Home Nutrition Garden (Nutrition),,,,,,,,
1799,B-4-G-3427,Saag Nutrition Mothers Group,2078/079,2078-09-05,19,Pipara,1,Component C,Nutrition,Home Nutrition Garden (Nutrition),,,,,,,,
1800,B-4-G-3428,Sahara Nutrition Mother Group,2078/079,2078-07-04,19,Pipara,2,Component C,Nutrition,Home Nutrition Garden (Nutrition),,,,,,,,
1801,B-4-G-3429,Sahyogi Nutrition Mother Group,2078/079,1900-01-30,19,Pipara,7,Component C,Nutrition,Home Nutrition Garden (Nutrition),,,,,,,,
1802,B-4-G-3430,Santulit Nutrition Mother Group,2078/079,1900-01-21,19,Pipara,2,Component C,Nutrition,Home Nutrition Garden (Nutrition),,,,,,,,
1803,B-4-G-3431,Shakti Nutritions Group,2078/079,2078-10-05,19,Pipara,6,Component C,Nutrition,Home Nutrition Garden (Nutrition),,,,,,,,
1804,B-4-G-3432,Shyau Nutrition Mother Group,2078/079,1900-01-24,19,Pipara,2,Component C,Nutrition,Home Nutrition Garden (Nutrition),,,,,,,,
1805,B-4-G-3433,Silsila Nutrition Mother Group,2078/079,1900-01-25,19,Pipara,7,Component C,Nutrition,Home Nutrition Garden (Nutrition),,,,,,,,
1806,B-4-G-3434,Tamatar Nutrition Mother Group,2078/079,1900-01-15,19,Pipara,2,Component C,Nutrition,Home Nutrition Garden (Nutrition),,,,,,,,
1807,B-4-G-3435,Uma Nutrition Mother Group,2078/079,1900-01-24,19,Pipara,1,Component C,Nutrition,Home Nutrition Garden (Nutrition),,,,,,,,
1808,B-4-G-3443,"Basanti Nutrition
 Mothers Group",2078/079,2078-12-05,19,Pipara,7,Component C,Nutrition,Home Nutrition Garden (Nutrition),,,,,,,,
1809,B-4-G-3444,Gauri Nutrition Mothers Group,2078/079,1900-01-20,19,Pipara,1,Component C,Nutrition,Home Nutrition Garden (Nutrition),,,,,,,,
1810,B-4-G-3447,Alam Vegetable Production Group,2078/079,2078-04-15,19,Pipara,2,Component A,Crop,FFS (Crop),,,,,,,,
1811,B-4-G-3448,Anmol Vegetable Production Farmer Group,2078/079,2078-04-20,19,Pipara,3,Component A,Crop,Others,,,,,,,,
1812,B-4-G-3449,Ashok Farmer Group,2078/079,2078-04-22,19,Pipara,1,Component A,Crop,FFS (Crop),,,,,,,,
1813,B-4-G-3450,Banganga Vegetable Production Farmer Group,2078/079,1905-09-08,19,Pipara,6,Component A,Crop,Others,,,,,,,,
1814,B-4-H-3451,Bina Farmer Group,2078/079,2078-04-15,19,Ekdara,3,Component A,Crop,Others,,,,,,,,
1815,B-4-H-3452,Bishnu Farmer Group,2078/079,2078-03-14,19,Ekdara,1,Component A,Crop,Others,,,,,,,,
1816,B-4-H-3453,Chandrama Farmer Group,2078/079,2078-04-10,19,Ekdara,4,Component A,Crop,Others,,,,,,,,
1817,B-4-G-3454,Dhanlaxmi Vegetable Production Group,2078/079,2078-05-24,19,Pipara,3,Component A,Crop,Others,,,,,,,,
1818,B-4-H-3455,Enjal Farmer Group,2078/079,2078-04-15,19,Ekdara,4,Component A,Crop,Others,,,,,,,,
1819,B-4-H-3456,Ganga Farmer Group  (E),2078/079,2078-04-12,19,Ekdara,3,Component A,Crop,Others,,,,,,,,
1820,B-4-G-3458,Girija Farmer Group,2078/079,2078-04-07,19,Pipara,4,Component A,Crop,Others,,,,,,,,
1821,B-4-H-3459,Gulab Farmer Group,2078/079,2078-04-03,19,Ekdara,3,Component A,Crop,Others,,,,,,,,
1822,B-4-G-3460,Janakdev Farmer Group,2078/079,2078-04-30,19,Pipara,6,Component A,Crop,Others,,,,,,,,
1823,B-4-H-3461,Kabita Farmer Group,2078/079,2078-04-05,19,Ekdara,3,Component A,Crop,Others,,,,,,,,
1824,B-4-G-3462,Kadariya Farmer Group,2078/079,2078-04-14,19,Pipara,2,Component A,Crop,Others,,,,,,,,
1825,B-4-G-3463,Kalyan Vegetable Production Group,2078/079,2078-06-24,19,Pipara,6,Component A,Crop,Others,,,,,,,,
1826,B-4-H-3464,Ma Baudhi Farmer Group,2078/079,2078-04-12,19,Ekdara,4,Component A,Crop,Others,,,,,,,,
1827,B-4-H-3465,Mira Farmer Group,2078/079,2078-04-18,19,Ekdara,3,Component A,Crop,Others,,,,,,,,
1828,B-4-G-3466,Mithila Farmer Group (P),2078/079,2078-04-07,19,Pipara,7,Component A,Crop,Others,,,,,,,,
1829,B-4-G-3467,Pandit Farmer Group,2078/079,2078-04-17,19,Pipara,2,Component A,Crop,Others,,,,,,,,
1830,B-4-H-3468,Pano Farmer Group,2078/079,2078-04-08,19,Ekdara,5,Component A,Crop,Others,,,,,,,,
1831,B-4-H-3470,Pashi Farmer Group,2078/079,2078-04-14,19,Ekdara,4,Component A,Crop,Others,,,,,,,,
1832,B-4-G-3471,Prgatishil Farmer Group (p),2078/079,2078-03-07,19,Pipara,6,Component A,Crop,Others,,,,,,,,
1833,B-4-G-3473,Radhe Farmer Group,2078/079,2078-06-20,19,Pipara,1,Component A,Crop,Others,,,,,,,,
1834,B-4-G-3474,Rani Vegetable Production Group,2078/079,2078-04-13,19,Pipara,5,Component A,Crop,Others,,,,,,,,
1835,B-4-H-3475,Sadhana Crop Production Group,2078/079,2078-04-10,19,Ekdara,3,Component A,Crop,Others,,,,,,,,
1836,B-4-H-3476,Sayali Crop Production Farmer Group,2078/079,2078-04-09,19,Ekdara,5,Component A,Crop,Others,,,,,,,,
1837,B-4-H-3477,Sogara Farmer Group,2078/079,2078-04-10,19,Ekdara,3,Component A,Crop,Others,,,,,,,,
1838,B-4-H-3478,Soni Farmer Group,2078/079,2078-04-09,19,Ekdara,4,Component A,Crop,Others,,,,,,,,
1839,B-3-F-3479,Bishowkarma Farmer Group,2078/079,2078-05-12,20,Mukhiyapatti Musaharmiya,1,Component A,Crop,Others,,,,,,,,
1840,B-3-E-3480,Dhanlaxmi Farmer Group,2078/079,1905-09-08,20,Dhanauji ,3,Component A,Crop,Others,,,,,,,,
1841,B-3-F-3481,Hariyali Farmer Group (M),2078/079,2078-07-10,20,Mukhiyapatti Musaharmiya,2,Component A,Crop,Others,,,,,,,,
1842,B-3-E-3482,Himalaya Farmer Group,2078/079,1905-09-08,20,Dhanauji ,4,Component A,Crop,Others,,,,,,,,
1843,B-3-F-3483,Jagdamba Farmer Group,2078/079,2078-07-01,20,Mukhiyapatti Musaharmiya,1,Component A,Crop,Others,,,,,,,,
1844,B-3-F-3484,Jamuni Farmer Group,2078/079,2078-05-02,20,Mukhiyapatti Musaharmiya,2,Component A,Crop,Others,,,,,,,,
1845,B-3-F-3485,Bishara Farmer Group,2078/079,2078-04-24,20,Mukhiyapatti Musaharmiya,2,Component A,Crop,Others,,,,,,,,
1846,B-3-F-3486,Janaknandani Farmer Group,2078/079,2078-04-14,20,Mukhiyapatti Musaharmiya,2,Component A,Crop,Others,,,,,,,,
1847,B-3-E-3487,Jay Bhajrangbali Farmer Group,2078/079,2078-04-17,20,Dhanauji ,4,Component A,Crop,Others,,,,,,,,
1848,B-3-E-3488,Jay Hanuman Farmer Group (D),2078/079,2078-04-20,20,Dhanauji ,2,Component A,Crop,Others,,,,,,,,
1849,B-3-E-3489,Jay Durga  Farmer Group,2078/079,2078-04-17,20,Dhanauji ,5,Component A,Crop,Others,,,,,,,,
1850,B-3-F-3490,Karikbaba Farmer Group,2078/079,2078-05-18,20,Mukhiyapatti Musaharmiya,6,Component A,Crop,Others,,,,,,,,
1851,B-3-F-3491,Khumal Farmer Group,2078/079,2078-04-20,20,Mukhiyapatti Musaharmiya,2,Component A,Crop,Others,,,,,,,,
1852,B-3-F-3492,Ma Ambe Farmer Group,2078/079,2078-04-28,20,Mukhiyapatti Musaharmiya,2,Component A,Crop,Others,,,,,,,,
1853,B-3-E-3493,Manakamana Farmer Group,2078/079,2078-04-25,20,Dhanauji ,2,Component A,Crop,Others,,,,,,,,
1854,B-3-F-3494,Nepal Farmer Group,2078/079,2078-04-08,20,Mukhiyapatti Musaharmiya,1,Component A,Crop,Others,,,,,,,,
1855,B-3-E-3495,Om Farmer Group,2078/079,2078-04-10,20,Dhanauji ,2,Component A,Crop,Others,,,,,,,,
1856,B-3-F-3496,Pashupati Farmer Group,2078/079,2078-05-17,20,Mukhiyapatti Musaharmiya,4,Component A,Crop,Others,,,,,,,,
1857,B-3-E-3497,Ramjanaki Farmer Group,2078/079,2078-04-24,20,Dhanauji ,2,Component A,Crop,Others,,,,,,,,
1858,B-3-F-3498,Sahara Farmer Group,2078/079,2078-06-17,20,Mukhiyapatti Musaharmiya,4,Component A,Crop,Others,,,,,,,,
1859,B-3-F-3499,Satyanam Farmer Group,2078/079,2078-05-08,20,Mukhiyapatti Musaharmiya,2,Component A,Crop,Others,,,,,,,,
1860,B-3-F-3500,Shivashankar Farmer Group,2078/079,2078-04-15,20,Mukhiyapatti Musaharmiya,4,Component A,Crop,Others,,,,,,,,
1861,B-3-E-3501,Shivashankar Farmer Group (D),2078/079,2078-04-18,20,Dhanauji ,4,Component A,Crop,Others,,,,,,,,
1862,B-3-F-3502,Shree Jansati Farmer Group,2078/079,2078-04-15,20,Mukhiyapatti Musaharmiya,4,Component A,Crop,Others,,,,,,,,
1863,B-3-F-3503,Unnat Mahela Farmer Group,2078/079,2078-05-15,20,Mukhiyapatti Musaharmiya,6,Component A,Crop,Others,,,,,,,,
1864,B-4-G-3504,Darpan Mahila Bakhra Palan Krishak Samuha,2078/079,2078-06-01,19,Pipara,1,Component A,Livestock,Promotion Program (Goat),,,,,,,,
1865,B-4-G-3505,Bhagya Laxmi Dudh Utpadan Krishak Samuha,2078/079,2078-06-14,19,Pipara,1,Component A,Livestock,Promotion Program (Dairy),,,,,,,,
1866,B-4-G-3506,Bighi Mata Kukhura Palan Krishak Samuha,2078/079,2078-04-08,19,Pipara,2,Component A,Livestock,Promotion Program (Poultry),,,,,,,,
1867,B-4-G-3508,Hamja Kukhura Palan Krishak Samuha,2078/079,2078-06-12,19,Pipara,2,Component A,Livestock,Promotion Program (Poultry),,,,,,,,
1868,B-4-G-3509,Shakti Kukhura Palan Krishak Samuha,2078/079,2078-06-13,19,Pipara,2,Component A,Livestock,Promotion Program (Poultry),,,,,,,,
1869,A-1-B-3510,Bikash Bakhra Prabardan Samuha,2078/079,2078-09-16,22,166,5,Component A,Livestock,Promotion Program (Goat),,,,,,,,
1870,A-1-B-3511,Janaki Pashupalan Krishak Samuha,2078/079,2078-08-20,22,166,1,Component A,Livestock,FFS (Dairy),,,,,,,,
1871,A-1-B-3512,Laligurash Pashupalan Samuha,2078/079,2078-08-07,22,166,1,Component A,Livestock,Promotion Program (Goat),,,,,,,,
1872,A-1-B-3513,Maa Bhagwati Pashupalan Krishak Samuha,2078/079,2078-08-01,22,166,1,Component A,Livestock,Promotion Program (Dairy),,,,,,,,
1873,A-1-B-3514,Maa Chinmasta Bakhrapalan Samuha,2078/079,2078-09-13,22,166,3,Component A,Livestock,Promotion Program (Goat),,,,,,,,
1874,A-1-B-3518,Maa Janaki Dairy Pathshala Krishak Samuha,2078/079,2078-08-08,22,166,5,Component A,Livestock,FFS (Dairy),,,,,,,,
1875,A-1-B-3519,Maa Santoshi Bakhra Prabardhan Samuha,2078/079,2078-08-22,22,166,1,Component A,Livestock,Promotion Program (Goat),,,,,,,,
1876,A-1-B-3520,Madina Bakhrapalan Samuha,2078/079,2078-08-04,22,166,1,Component A,Livestock,FFS (Goat),,,,,,,,
1877,A-1-B-3522,Purnima Bakhra Prabardan Samuha,2078/079,2078-09-27,22,166,5,Component A,Livestock,Promotion Program (Goat),,,,,,,,
1878,A-1-B-3523,Rahamani Kukhurapalan Samuha,2078/079,2078-08-26,22,166,1,Component A,Livestock,Promotion Program (Poultry),,,,,,,,
1879,A-1-B-3524,Ramjan Kukhurapalan Samuha,2078/079,2078-08-25,22,166,1,Component A,Livestock,Promotion Program (Poultry),,,,,,,,
1880,A-1-B-3525,Bhole Baba Pashupalan Samuha,2078/079,2078-08-03,22,166,4,Component A,Livestock,Promotion Program (Dairy),,,,,,,,
1881,A-2-D-3528,Bajarangbali Pashupalan Samuha,2078/079,2078-09-06,21,Bariyarpatti,2,Component A,Livestock,Promotion Program (Goat),,,,,,,,
1882,A-2-D-3529,Dewaki Pashupalan Krishak Samuha,2078/079,2078-09-05,21,Bariyarpatti,1,Component A,Livestock,Promotion Program (Goat),,,,,,,,
1883,A-2-D-3530,Durga Pashupalan Krishak Samuha,2078/079,2078-05-11,21,Bariyarpatti,5,Component A,Livestock,Promotion Program (Goat),,,,,,,,
1884,A-2-D-3531,Hare Krishna Mahila Pashupalan Krishak Samuha,2078/079,2078-09-07,21,Bariyarpatti,5,Component A,Livestock,Promotion Program (Goat),,,,,,,,
1885,A-2-D-3533,Janakalyan Pashupalan Samuha,2078/079,2078-09-12,21,Bariyarpatti,2,Component A,Livestock,Promotion Program (Dairy),,,,,,,,
1886,A-2-D-3535,Mahagori Pashupalan Samuha,2078/079,2078-09-09,21,Bariyarpatti,2,Component A,Livestock,Promotion Program (Dairy),,,,,,,,
1887,A-2-D-3536,Mahalaxmi Pashupalan Samuha,2078/079,2078-09-15,21,Bariyarpatti,2,Component A,Livestock,FFS (Dairy),,,,,,,,
1888,A-2-D-3537,Shiv Ganga Pashupalan Krishak Samuha,2078/079,2078-05-13,21,Bariyarpatti,1,Component A,Livestock,Promotion Program (Dairy),,,,,,,,
1889,A-2-D-3539,Shivashakti Bakhrapalan Samuha,2078/079,2078-09-19,21,Bariyarpatti,2,Component A,Livestock,Promotion Program (Goat),,,,,,,,
1890,B-4-G-3540,Daphe Dudh Utpadak Krishak Samuha,2078/079,2078-06-15,19,Pipara,5,Component A,Livestock,Others,,,,,,,,
1891,B-4-G-3541,Nabaratna Dudh Utpadak Krishak Samuha,2078/079,2078-04-16,19,Pipara,6,Component A,Livestock,Promotion Program (Dairy),,,,,,,,
1892,B-4-G-3542,Ram Janaki Dudh Utpadak Krishak Samuha,2078/079,2078-05-13,19,Pipara,5,Component A,Livestock,Promotion Program (Dairy),,,,,,,,
1893,B-4-G-3543,Bajrang Mahila Bakhra Palan Samuha,2078/079,2078-04-02,19,Pipara,4,Component A,Livestock,Others,,,,,,,,
1894,B-4-G-3544,Jay Ma Kalika Mahila Bakhra Palan Samuha,2078/079,2078-06-01,19,Pipara,5,Component A,Livestock,Promotion Program (Goat),,,,,,,,
1895,B-4-G-3545,Jyoti Bakhra Palan Krisak Samuha,2078/079,2078-04-05,19,Pipara,4,Component A,Livestock,Others,,,,,,,,
1896,B-4-G-3546,Sonasati Mai Bakhra Palan Krisak Samuha,2078/079,2078-04-06,19,Pipara,4,Component A,Livestock,Promotion Program (Goat),,,,,,,,
1897,B-4-G-3547,Upakar Mahila Bakhra Palan Krisak Samuha,2078/079,2078-05-07,19,Pipara,1,Component A,Livestock,Promotion Program (Goat),,,,,,,,
1898,B-4-G-3548,Baudhi Mai Mahila Bakhra Palan Samuha,2077/078,2078-01-10,19,Pipara,6,Component A,Livestock,Others,,,,,,,,
1899,B-4-G-3549,Ganga Mahila Bakhra Palan Samuha,2077/078,2078-03-03,19,Pipara,4,Component A,Livestock,Promotion Program (Goat),,,,,,,,
1900,B-4-G-3550,ManakamanaMahila Bakhra Palan Samuha,2077/078,2078-02-28,19,Pipara,4,Component A,Livestock,Others,,,,,,,,
1901,B-4-G-3551,Sahayogi Mahila Bakhra Palan Krishak Samuha,2077/078,2078-02-10,19,Pipara,3,Component A,Livestock,Promotion Program (Goat),,,,,,,,
1902,B-4-G-3552,Om Namah Sivaya Mahila Bakhra Palan Samuha,2077/078,2078-02-28,19,Pipara,7,Component A,Livestock,Others,,,,,,,,
1903,B-4-G-3553,Bhairab Baba Mahila Bakhra Palan Samuha,2077/078,2078-01-14,19,Pipara,7,Component A,Livestock,Others,,,,,,,,
1904,B-4-G-3554,Someshor Nath Mahila Bakhra Palan Samuha,2077/078,2078-03-03,19,Pipara,3,Component A,Livestock,Promotion Program (Goat),,,,,,,,
1905,B-3-F-3556,Kanhaiya Dudh Utpadan Krishak Samuha,2078/079,2078-05-20,20,Mukhiyapatti Musaharmiya,3,Component A,Livestock,Promotion Program (Dairy),,,,,,,,
1906,B-3-F-3557,Mathura Dudh Utpadan Krishak Samuha,2078/079,2078-05-01,20,Mukhiyapatti Musaharmiya,5,Component A,Livestock,Promotion Program (Dairy),,,,,,,,
1907,B-3-F-3558,Shree Radha Krishna Dudh Utpadan Krishak Samuha,2078/079,2078-05-04,20,Mukhiyapatti Musaharmiya,2,Component A,Livestock,Others,,,,,,,,
1908,B-3-F-3559,Bashudev Dudh Utpadan Krishak Samuha,2078/079,2078-04-30,20,Mukhiyapatti Musaharmiya,2,Component A,Livestock,Promotion Program (Dairy),,,,,,,,
1909,B-3-F-3560,Bhairab Bakhra Palan Krishak Samuha,2078/079,2078-04-30,20,Mukhiyapatti Musaharmiya,3,Component A,Livestock,Promotion Program (Goat),,,,,,,,
1910,B-3-F-3561,Ganga Bakhra Palan Krishak Samuha,2078/079,2078-05-21,20,Mukhiyapatti Musaharmiya,6,Component A,Livestock,Promotion Program (Goat),,,,,,,,
1911,B-3-F-3562,Janak Nandani Bakhra Palan Krishak Samuha,2078/079,2078-04-14,20,Mukhiyapatti Musaharmiya,5,Component A,Livestock,Others,,,,,,,,
1912,B-3-F-3563,Jay Maa Kali Bakhra Palan Krishak Samuha,2078/079,2078-04-25,20,Mukhiyapatti Musaharmiya,5,Component A,Livestock,Promotion Program (Goat),,,,,,,,
1913,B-3-F-3564,Khusiyali Bakhra Palan Krishak Samuha,2078/079,2078-04-30,20,Mukhiyapatti Musaharmiya,5,Component A,Livestock,Promotion Program (Goat),,,,,,,,
1914,B-3-F-3565,Maa Bhawani Bakhra Palan Krishak Samuha,2078/079,2078-04-26,20,Mukhiyapatti Musaharmiya,6,Component A,Livestock,Promotion Program (Goat),,,,,,,,
1915,B-3-F-3566,Maa Durga Bakhra Palan Krishak Samuha,2078/079,2078-04-18,20,Mukhiyapatti Musaharmiya,6,Component A,Livestock,Promotion Program (Goat),,,,,,,,
1916,B-3-F-3567,Maa Durga Kali Bakhra Palan Krishak Samuha,2078/079,2078-04-19,20,Mukhiyapatti Musaharmiya,6,Component A,Livestock,Promotion Program (Goat),,,,,,,,
1917,B-3-F-3568,Ram Janaki Bakhra Palan Krishak Samuha,2078/079,2078-04-30,20,Mukhiyapatti Musaharmiya,6,Component A,Livestock,Promotion Program (Goat),,,,,,,,
1918,B-3-F-3569,Maa Girija Bakhra Palan Krishak Samuha,2078/079,2078-04-20,20,Mukhiyapatti Musaharmiya,3,Component A,Livestock,Promotion Program (Goat),,,,,,,,
1919,B-3-E-3570,Barahi Dudh Utpadan Krishak Samuha,2078/079,2078-05-09,20,Dhanauji ,4,Component A,Livestock,Promotion Program (Dairy),,,,,,,,
1920,B-3-E-3571,Sita Dudh Utpadan Krishak Samuha,2078/079,2078-05-01,20,Dhanauji ,2,Component A,Livestock,Promotion Program (Dairy),,,,,,,,
1921,B-3-E-3572,Bikash Bakhra Palan Krishak Samuha,2078/079,2078-04-30,20,Dhanauji ,2,Component A,Livestock,Promotion Program (Goat),,,,,,,,
1922,B-3-E-3573,Thakur Bakhra Palan Krishak Samuha,2078/079,2078-04-28,20,Dhanauji ,4,Component A,Livestock,Promotion Program (Goat),,,,,,,,
1923,B-3-E-3574,Unnati Bakhra Palan Krishak Samuha,2078/079,2078-04-25,20,Dhanauji ,2,Component A,Livestock,Promotion Program (Goat),,,,,,,,
1924,B-3-E-3575,Utthan Bakhra Palan Krishak Samuha,2078/079,2078-05-10,20,Dhanauji ,4,Component A,Livestock,Promotion Program (Goat),,,,,,,,
1925,B-3-E-3576,Musahari Kukhura Palan Krishak Samuha,2078/079,2078-04-30,20,Dhanauji ,4,Component A,Livestock,Promotion Program (Poultry),,,,,,,,
1926,B-4-H-3577,Maa Durga Pashu Palan Krishak Samuha,2077/078,2078-03-19,19,Ekdara,6,Component A,Livestock,Others,,,,,,,,
1927,B-4-H-3578,Bal Sundari Bakhra Palan Krishak Samuha,2077/078,2078-03-14,19,Ekdara,4,Component A,Livestock,Others,,,,,,,,
1928,B-4-H-3579,Gangotri Bakhra Palan Krishak Samuha,2077/078,2078-03-08,19,Ekdara,1,Component A,Livestock,Promotion Program (Goat),,,,,,,,
1929,B-4-H-3580,Gauri Bakhra Palan Krishak Samuha,2077/078,2078-03-20,19,Ekdara,2,Component A,Livestock,Others,,,,,,,,
1930,B-4-H-3581,Gulab Bakhra Palan Krishak Samuha,2077/078,2078-03-18,19,Ekdara,5,Component A,Livestock,Others,,,,,,,,
1931,B-4-H-3583,Durga Mahila Bakhra Palan Krishak Samuha,2078/079,2078-04-14,19,Ekdara,3,Component A,Livestock,Others,,,,,,,,
1932,B-4-H-3584,Khusi Bakhra Palan Krishak Samuha,2078/079,2078-04-10,19,Ekdara,3,Component A,Livestock,Promotion Program (Goat),,,,,,,,
1933,B-4-H-3585,Mira Bakhra Palan Krishak Samuha,2078/079,2078-04-12,19,Ekdara,3,Component A,Livestock,Others,,,,,,,,
1934,B-4-H-3586,Parbati Bakhra Palan Krishak Samuha,2078/079,2078-04-10,19,Ekdara,1,Component A,Livestock,Others,,,,,,,,
1935,B-4-H-3587,Rajdevi Mahila Bakhra Palan Krishak Samuha,2078/079,2078-04-29,19,Ekdara,3,Component A,Livestock,Promotion Program (Goat),,,,,,,,
1936,B-4-H-3588,Shivadhari Mahila Bakhra Palan Krishak Samuha,2078/079,2078-04-14,19,Ekdara,3,Component A,Livestock,Promotion Program (Goat),,,,,,,,
1937,B-4-H-3589,Sima Bakhra Palan Krishak Samuha,2078/079,2078-04-15,19,Ekdara,3,Component A,Livestock,Promotion Program (Goat),,,,,,,,
1938,B-4-H-3590,Islampur Kukhura Palan Samuha,2078/079,2078-04-14,19,Ekdara,5,Component A,Livestock,Others,,,,,,,,
1939,B-4-H-3591,Nur Mahila Kukhura Palan Krishak Samuha,2078/079,2078-04-14,19,Ekdara,3,Component A,Livestock,Promotion Program (Poultry),,,,,,,,
1940,B-4-H-3592,Pakija Kukhura Palan Krishak Samuha,2078/079,2078-04-14,19,Ekdara,5,Component A,Livestock,Others,,,,,,,,
1941,B-4-H-3593,Tajiya Kukhura Palan Krishak Samuha,2078/079,2078-05-16,19,Ekdara,2,Component A,Livestock,Promotion Program (Poultry),,,,,,,,
1942,A-2-C-3594,Gena Pashupalan Krishak Samuha,2078/079,2078-09-10,21,164,4,Component A,Livestock,Promotion Program (Goat),,,,,,,,
1943,A-2-C-3595,Rishi Pashupalan Krishak Samuha,2078/079,2078-09-09,21,164,4,Component A,Livestock,Promotion Program (Poultry),,,,,,,,
1944,A-2-C-3596,Parbati Pashupalan Krishak Samuha,2078/079,2078-09-24,21,164,4,Component A,Livestock,Promotion Program (Goat),,,,,,,,
1945,A-2-C-3597,Maruti Pashupalan Krishak Samuha,2078/079,2078-10-06,21,164,3,Component A,Livestock,Promotion Program (Goat),,,,,,,,
1946,A-2-C-3598,Hanumaan Pashupalan Krishak Samuha,2078/079,2078-10-03,21,164,4,Component A,Livestock,Promotion Program (Goat),,,,,,,,
1947,A-1-A-3600,Ma Chandrawati Krishak Samuha,2078/079,2078-09-27,22,Rajgadh,1,Component A,Crop,Others,,,,,,,,
1948,A-1-B-3605,Bishara Bali Utpadan Krishak Samuha,2078/079,2078-09-19,22,166,5,Component A,Crop,Others,,,,,,,,
1949,A-1-B-3606,Shree Ganesh Bali Utpadan Krishak Samuha,2078/079,2078-08-25,22,166,5,Component A,Crop,Others,,,,,,,,
1950,A-1-B-3607,Shree Gram Devta Bali Utpadan Krishak Samuha,2078/079,2078-08-02,22,166,5,Component A,Crop,Others,,,,,,,,
1951,A-1-B-3608,Ma Bhagbati Krishak Samuha,2078/079,2078-08-03,22,166,5,Component A,Crop,Others,,,,,,,,
1952,A-1-B-3609,Ma Durgaa Krishak Samuha,2078/079,2078-09-19,22,166,5,Component A,Crop,Others,,,,,,,,
1953,A-1-B-3610,Ma Laaxmi Krishak Samuha,2078/079,2078-09-19,22,166,5,Component A,Crop,Others,,,,,,,,
1954,A-1-B-3611,Sarswati Bali Utpadan Krishak Samuha,2078/079,2078-10-04,22,166,5,Component A,Crop,Others,,,,,,,,
1955,A-2-D-3612,Trishula Pashupalan Samuha,2078/079,2078-09-07,21,Bariyarpatti,2,Component A,Livestock,Promotion Program (Goat),,,,,,,,
1956,A-1-A-3618,Ma Kaali Krishak Samuha,2078/079,2078-09-27,22,Rajgadh,1,Component A,Crop,Others,,,,,,,,
1957,A-2-D-3623,Gulab Krishak Samuha,2078/079,2078-08-13,21,Bariyarpatti,2,Component A,Crop,Others,,,,,,,,
1958,A-2-D-3624,Jagdamba Krishak Samuha,2078/079,2078-08-09,21,Bariyarpatti,2,Component A,Crop,Others,,,,,,,,
1959,A-2-D-3625,Maina Krishak Samuha,2078/079,2078-09-09,21,Bariyarpatti,2,Component A,Crop,Others,,,,,,,,
1960,A-2-D-3626,Mayur Krishak Samuha,2078/079,2078-09-27,21,Bariyarpatti,2,Component A,Crop,Others,,,,,,,,
1961,A-2-D-3627,Namaskar Krishak Samuha,2078/079,2078-09-25,21,Bariyarpatti,2,Component A,Crop,Others,,,,,,,,
1962,A-2-D-3628,Shrishti Krishak Samuha,2078/079,2078-09-28,21,Bariyarpatti,2,Component A,Crop,Others,,,,,,,,
1963,A-2-D-3629,Sita Krishak Samuha,2078/079,2078-08-16,21,Bariyarpatti,2,Component A,Crop,Others,,,,,,,,
1964,A-2-C-3632,Baba Bishnudatta Chaudhary Krishak Samuha,2078/079,2078-09-11,21,164,1,Component A,Crop,Others,,,,,,,,
1965,A-2-C-3633,Baba Tilak Singh Krishak Samuha,2078/079,2078-09-06,21,164,1,Component A,Crop,Others,,,,,,,,
1966,A-2-C-3634,Radha Krishna Krishak Samuha A,2078/079,2078-09-07,21,164,1,Component A,Crop,Others,,,,,,,,
1967,A-2-C-3635,Sayapatrii Krishak Samuha,2078/079,2078-09-20,21,164,1,Component A,Crop,Others,,,,,,,,
1968,A-2-C-3636,Ram Janakii Krishak Samuha ,2078/079,2078-09-13,21,164,1,Component A,Crop,Others,,,,,,,,
1969,A-1-A-3637,Ma Dakneshwari Krishak Samuha,2078/079,2078-09-24,22,Rajgadh,1,Component A,Crop,Others,,,,,,,,
1970,A-2-D-3638,Trishuli Krishak Samuha,2078/079,2078-09-29,21,Bariyarpatti,2,Component A,Crop,Others,,,,,,,,
1971,A-1-B-3639,Jay Baba Krishak Samuha,2078/079,2078-08-05,22,166,4,Component A,Crop,Others,,,,,,,,
1972,A-1-B-3640,Mansa Devi Krishak Samuha,2078/079,2078-09-10,22,166,3,Component A,Crop,Others,,,,,,,,
1973,A-1-B-3641,Narsingh Baba Krishak Samuha,2078/079,2078-09-23,22,166,3,Component A,Crop,Others,,,,,,,,
1974,A-1-B-3642,Rishi Nath Krishak Samuha,2078/079,2078-09-08,22,166,3,Component A,Crop,Others,,,,,,,,
1975,A-2-D-3647,Ganapati Gharayasi Poshan Bagaicha Samuha,2078/079,1900-01-27,21,Bariyarpatti,2,Component C,Nutrition,Home Nutrition Garden (Nutrition),,,,,,,,
1976,A-2-D-3650,Janhit Gharayasi Poshan Bagaicha Samuha,2078/079,1900-01-27,21,Bariyarpatti,2,Component C,Nutrition,Home Nutrition Garden (Nutrition),,,,,,,,
1977,B-3-F-3651,Saubarat Kukhura Palan Krishak Samuha,2078/079,2078-05-02,20,Mukhiyapatti Musaharmiya,1,Component A,Livestock,Promotion Program (Poultry),,,,,,,,
1978,B-3-F-3652,Reja Kukhura Palan Krishak Samuha,2078/079,2078-05-20,20,Mukhiyapatti Musaharmiya,1,Component A,Livestock,Promotion Program (Poultry),,,,,,,,
1979,A-1-B-3653,Jivan Jyoti Krishak Samuha,2078/079,2078-10-05,22,166,2,Component A,Crop,Others,,,,,,,,
1980,A-1-B-3654,Lali Gurans Krishak Samuha,2078/079,2078-09-23,22,166,2,Component A,Crop,Others,,,,,,,,
1981,A-1-B-3655,Sagarmatha Krishak Samuha 166,2078/079,2078-09-18,22,166,3,Component A,Crop,Others,,,,,,,,
1982,A-1-B-3656,Suryadaya Krishak Samuha 166,2078/079,2078-09-30,22,166,2,Component A,Crop,Others,,,,,,,,
1983,A-1-A-3657,Chandrama Krishak Samuha,2078/079,2078-10-08,22,Rajgadh,4,Component A,Crop,Others,,,,,,,,
1984,A-1-A-3658,Ganga Krishak Samuha,2078/079,2078-10-17,22,Rajgadh,3,Component A,Crop,Others,,,,,,,,
1985,A-1-A-3659,Janaki Krishak Samuha,2078/079,2078-10-11,22,Rajgadh,5,Component A,Crop,Others,,,,,,,,
1986,A-1-A-3660,Manokamana Krishak Samuha,2078/079,2078-10-08,22,Rajgadh,5,Component A,Crop,Others,,,,,,,,
1987,A-1-A-3661,Shiva Krishak Samuha Rajgadh,2078/079,2078-10-11,22,Rajgadh,5,Component A,Crop,Others,,,,,,,,
1988,A-1-B-3662,Ma Jagdamba Krishak Samuha,2078/079,2078-10-18,22,166,5,Component A,Crop,Others,,,,,,,,
1989,A-1-B-3663,Jay Bajarangbali Krishak Samuha Bihsnupur,2078/079,2078-10-11,22,166,5,Component A,Crop,Others,,,,,,,,
1990,A-1-B-3664,Namuna Krishak Samuha 166,2078/079,2078-10-19,22,166,5,Component A,Crop,Others,,,,,,,,
1991,C-5-P-3665,Lapshe Kukhurapalan Krishak Samuha,2078/079,10/30/2078,25,Tamakoshi,3,Component A,Livestock,Promotion Program (Poultry),,,,,,,,
1992,C-5-P-3666,Dhadgaun Krishi Utpadak Krishak Samuhaj,2078/079,2078-09-03,25,Tamakoshi,3,Component A,Crop,Others,,,,,,,,
1993,B-3-F-3667,Ganga Nutrition Mother Group,2078/079,2078-05-11,20,Mukhiyapatti Musaharmiya,1,Component C,Nutrition,Home Nutrition Garden (Nutrition),,,,,,,,
1994,B-3-F-3668,Srijna Nutrition Mother Group,2078/079,2078-06-05,20,Mukhiyapatti Musaharmiya,1,Component C,Nutrition,Home Nutrition Garden (Nutrition),,,,,,,,
1995,B-3-F-3669,Jamuna Nutrition Mother Group,2078/079,2078-05-09,20,Mukhiyapatti Musaharmiya,1,Component C,Nutrition,Home Nutrition Garden (Nutrition),,,,,,,,
1996,B-3-F-3671,Gulsan Nutrition Mother Group,2078/079,2078-05-07,20,Mukhiyapatti Musaharmiya,1,Component C,Nutrition,Home Nutrition Garden (Nutrition),,,,,,,,
1997,C-5-P-3672,Japhe Duddha Utpadan Krishak Samuha,2078/079,2078-10-30,25,Tamakoshi,3,Component A,Livestock,Promotion Program (Dairy),,,,,,,,
1998,C-5-P-3673,Kirne Krishi Utpadak Krishak Samuha,2078/079,2078-09-03,25,Tamakoshi,5,Component A,Crop,Others,,,,,,,,
1999,C-5-P-3674,Latteshwori Krishi Utpadak Krishak Samuha,2078/079,2078-09-03,25,Tamakoshi,6,Component A,Crop,Others,,,,,,,,
2000,C-5-P-3675,Setidevi Bakhrapalan palan Krishak Samuha,2078/079,10/29/2078,25,Tamakoshi,3,Component A,Livestock,Promotion Program (Goat),,,,,,,,
2001,C-5-K-3676,Lapse Krishi Utpadak Krishak Samuha,2078/079,2078-09-04,25,Kalinchok,2,Component A,Crop,Others,,,,,,,,
2002,B-3-E-3677,Mira Kukhura Palan Krishak Samuha,2078/079,2078-05-20,20,Dhanauji ,3,Component A,Livestock,Promotion Program (Poultry),,,,,,,,
2003,C-5-P-3678,Pipalbot Bakhrapalan palan Krishak Samuha,2078/079,2077-10-05,25,Tamakoshi,1,Component A,Livestock,Promotion Program (Goat),,,,,,,,
2004,B-3-E-3679,Ganesh Bakhra Palan Krishak Samuha,2078/079,2078-05-03,20,Dhanauji ,5,Component A,Livestock,Promotion Program (Goat),,,,,,,,
2005,B-3-E-3680,Parbati Dudh Utpadan Krishak Samuha,2078/079,2078-05-04,20,Dhanauji ,3,Component A,Livestock,Promotion Program (Dairy),,,,,,,,
2006,B-3-F-3681,Sabanam Kukhura Palan Krishak Samuha,2078/079,2078-04-20,20,Mukhiyapatti Musaharmiya,3,Component A,Livestock,Promotion Program (Poultry),,,,,,,,
2007,C-5-K-3682,Trisule Krishi Utpadak Krishak Samuha,2078/079,2078-08-26,25,Kalinchok,6,Component A,Crop,Others,,,,,,,,
2008,C-5-P-3684,Indrawoti Bakhrapalan palan Krishak Samuha,2078/079,2077-10-05,25,Tamakoshi,5,Component A,Livestock,Promotion Program (Goat),,,,,,,,
2009,C-5-P-3685,Dadakharka Bakhrapalan palan Krishak Samuha,2078/079,2077-10-05,25,Tamakoshi,6,Component A,Livestock,Promotion Program (Goat),,,,,,,,
2010,B-4-G-3686,Pragati Kukhura Palan Krishak Samuha,2078/079,2078-06-14,19,Pipara,2,Component A,Livestock,Promotion Program (Poultry),,,,,,,,
2011,C-5-P-3687,Milijuli Bakhrapalan palan Krishak Samuha,2078/079,2077-10-05,25,Tamakoshi,6,Component A,Livestock,Promotion Program (Goat),,,,,,,,
2012,C-5-P-3688,Unnatisil Bakhrapalan palan Krishak Samuha,2078/079,2077-10-05,25,Tamakoshi,6,Component A,Livestock,Promotion Program (Goat),,,,,,,,
2013,D-8-W-3689,Annapurnadevi Krishak Samuha,2078/079,2078-09-24,45,Gandaki,४,Component A,Livestock,Promotion Program (Goat),,,,,,,,
2014,A-1-A-3691,Jay BholeNath Krishak Samuha,2078/079,2078-10-20,22,Rajgadh,1,Component A,Crop,Others,,,,,,,,
2015,A-1-A-3692,Narayan Nath Krishak Samuha,2078/079,2078-10-21,22,Rajgadh,1,Component A,Crop,Others,,,,,,,,
2016,A-1-A-3693,Ram Janaki Krishak Samuha Rajgadh Kajara Tole,2078/079,2078-10-02,22,Rajgadh,1,Component A,Crop,Others,,,,,,,,
2017,A-1-A-3694,Aadarsha Kukhura Prabardan Samuha,2078/079,2078-08-27,22,Rajgadh,6,Component A,Livestock,Promotion Program (Poultry),,,,,,,,
2018,A-1-A-3695,Baba Dharmaraj Bakhrapalan Samuha,2078/079,2078-08-25,22,Rajgadh,5,Component A,Livestock,Promotion Program (Goat),,,,,,,,
2019,A-1-A-3696,Chand Tara Kukhurapalan Samuha,2078/079,2078-09-16,22,Rajgadh,6,Component A,Livestock,Promotion Program (Poultry),,,,,,,,
2020,A-1-A-3697,Dihabar Baba Bakharapalan Samuha,2078/079,2078-08-21,22,Rajgadh,5,Component A,Livestock,Promotion Program (Goat),,,,,,,,
2021,A-1-A-3698,Gram Devta Bakhrapalan Samuha,2078/079,2078-08-25,22,Rajgadh,5,Component A,Livestock,Promotion Program (Goat),,,,,,,,
2022,C-5-P-3699,Tilahar Bakhrapalan palan Krishak Samuha,2078/079,2077-10-05,25,Tamakoshi,4,Component A,Livestock,Promotion Program (Goat),,,,,,,,
2023,A-1-A-3700,Khakhi Baba Bakharapalan Samuha,2078/079,2078-08-21,22,Rajgadh,5,Component A,Livestock,Promotion Program (Goat),,,,,,,,
2024,A-1-A-3701,NabaJyoti Bakharapalan Samuha,2078/079,2078-08-22,22,Rajgadh,5,Component A,Livestock,Promotion Program (Goat),,,,,,,,
2025,A-1-A-3702,Purnima Pashupalan Samuha,2078/079,2078-09-05,22,Rajgadh,5,Component A,Livestock,Promotion Program (Dairy),,,,,,,,
2026,C-5-P-3703,Thalari Kukhurapalan Krishak Samuha,2078/079,2077-10-05,25,Tamakoshi,4,Component A,Livestock,Promotion Program (Poultry),,,,,,,,
2027,C-5-P-3704,Ratmate Kukhurapalan Krishak Samuha,2078/079,2077-10-05,25,Tamakoshi,4,Component A,Livestock,Promotion Program (Poultry),,,,,,,,
2028,D-8-W-3706,Odalkharka Nutrition Group,2078/079,2078-05-21,45,Gandaki,3,Component C,Nutrition,NFS (Nutrition),,,,,,,,
2029,A-2-D-3712,Janaki Pashupalan Samuha,2078/079,2078-08-23,21,Bariyarpatti,3,Component A,Livestock,Promotion Program (Poultry),,,,,,,,
2030,D-8-W-3723,Gordi Nutrition Group,2078/079,2078-06-05,45,Gandaki,2,Component C,Nutrition,NFS (Nutrition),,,,,,,,
2031,D-8-W-3724,Hiklung Nutrition Group,2078/079,2078-05-21,45,Gandaki,6,Component C,Nutrition,NFS (Nutrition),,,,,,,,
2032,D-8-W-3725,Thumka Nutrition Group,2078/079,2078-05-21,45,Gandaki,6,Component C,Nutrition,NFS (Nutrition),,,,,,,,
2033,C-6-R-3730,Simpal Krishi Utpadak Krishak Samuha,2078/079,2078-08-28,28,Lisankhu Pakhar,2,Component A,Crop,Others,,,,,,,,
2034,C-6-R-3733,Janakalyan Bakhra Palan Krishak Samuha,2078/079,2078-08-29,28,Lisankhu Pakhar,2,Component A,Livestock,Promotion Program (Goat),,,,,,,,
2035,B-4-H-3734,Chand Nutrition Mother Group,2078/079,,19,Ekdara,5,Component C,Nutrition,Home Nutrition Garden (Nutrition),,,,,,,,
2036,C-6-R-3735,Aalung Bakhra Palan Krishak Samuha,2078/079,2078-08-29,28,Lisankhu Pakhar,3,Component A,Livestock,Promotion Program (Goat),,,,,,,,
2037,A-1-A-3736,Janakalyan Krishak Samuha Malekhpur,2078/079,2078-10-13,22,Rajgadh,5,Component A,Crop,Others,,,,,,,,
2038,A-1-A-3737,Ma Laxmi Krishak Samuha Malekhpur,2078/079,2078-10-19,22,Rajgadh,5,Component A,Crop,Others,,,,,,,,
2039,A-1-A-3738,Mithila Krishak Samuha,2078/079,2078-10-11,22,Rajgadh,5,Component A,Crop,Others,,,,,,,,
2040,D-7-S-3740,Pipaldanda krishak Samuha,2078/079,2078-09-16,31, ,Benighat Rorang,9,Component A,Livestock,,,,,,,,0
2041,D-7-S-3742,Jamuna Krishak Samuha,2078/079,2078-07-15,31, ,Benighat Rorang,9,Component A,Livestock,,,,,,,,0
2042,D-7-S-3743,Aebang Krishak samuha,2078/079,2078-07-16,31, ,Benighat Rorang,9,Component A,Livestock,,,,,,,,0
2043,D-7-S-3744,Kriyashil Krishak Samuha,2078/079,2078-07-17,31, ,Benighat Rorang,7,Component A,Livestock,,,,,,,,0
2044,D-7-S-3745,Kanyadevi krishak Samuha,2078/079,2078-07-23,31, ,Benighat Rorang,5,Component A,Livestock,,,,,,,,0
2045,D-7-S-3746,Aapkharka krishak samuha,2078/079,2078-06-02,31, ,Benighat Rorang,3,Component A,Livestock,,,,,,,,0
2046,D-7-S-3747,Naulothar Krishak Samuha,2078/079,2078-07-16,31, ,Benighat Rorang,6,Component A,Livestock,,,,,,,,0
2047,D-7-S-3748,Annapurna Livestock krishak Samuha,2078/079,2078-07-28,31, ,Benighat Rorang,9,Component A,Livestock,,,,,,,,0
2048,D-7-S-3749,Milantol Krishak Samuha,2078/079,2078-05-28,31, ,Benighat Rorang,1,Component A,Livestock,,,,,,,,0
2049,D-7-S-3750,Khailing krishak samuha,2078/079,2078-06-04,31, ,Benighat Rorang,1,Component A,Livestock,,,,,,,,0
2050,D-7-S-3751,Sakriya krishak samuha,2078/079,2078-06-03,31, ,Benighat Rorang,4,Component A,Livestock,,,,,,,,0
2051,D-7-S-3752,Deepjyoti krishak samuha,2078/079,2078-06-02,31, ,Benighat Rorang,1,Component A,Livestock,,,,,,,,0
2052,D-7-S-3753,Shankhepipal krishak Samuha,2078/079,2078-07-17,31, ,Benighat Rorang,4,Component A,Livestock,,,,,,,,0
2053,C-6-Q-3754,Suryakotbesi Krishi Utpadak Krishak Samuha,2078/079,2078-09-02,28,Indrawati,5,Component A,Crop,Others,,,,,,,,
2054,A-2-D-3755,Bishmilaha Pashupalan Samuha,2078/079,2078-10-07,21,Bariyarpatti,2,Component A,Livestock,Promotion Program (Poultry),,,,,,,,
2055,A-2-D-3756,Roshani Pashupalan Samuha,2078/079,2078-10-06,21,Bariyarpatti,2,Component A,Livestock,Others,,,,,,,,
2056,A-2-D-3757,Sabnam Pashupalan Samuha,2078/079,2078-10-07,21,Bariyarpatti,2,Component A,Livestock,Promotion Program (Poultry),,,,,,,,
2057,A-2-D-3758,Mahboob Pashupalan  Samuha,2078/079,2078-10-07,21,Bariyarpatti,2,Component A,Livestock,Promotion Program (Poultry),,,,,,,,
2058,A-2-D-3759,Bhawani Pashupalan Samuh,2078/079,2078-10-04,21,Bariyarpatti,2,Component A,Livestock,Promotion Program (Goat),,,,,,,,
2059,A-2-D-3760,Hari Om Pashupalan Krishak Samuha,2078/079,2078-10-04,21,Bariyarpatti,1,Component A,Livestock,Promotion Program (Goat),,,,,,,,
2060,C-6-R-3763,Madhyapakhar Kukhurapalan Krishak Samuha,2078/079,2078-08-29,28,Lisankhu Pakhar,7,Component A,Livestock,Promotion Program (Poultry),,,,,,,,
2061,A-2-D-3765,Sita Pashupalan Samuha,2078/079,2078-09-24,21,Bariyarpatti,3,Component A,Livestock,Promotion Program (Poultry),,,,,,,,
2062,C-6-R-3767,Sohrakilo Bakhra Palan Krishak Samuha,2078/079,2078-08-29,28,Lisankhu Pakhar,7,Component A,Livestock,Promotion Program (Goat),,,,,,,,
2063,B-4-H-3769,Annapurna Pashu Palan Krishak Samuha,2077/078,2078-02-10,19,Ekdara,2,Component A,Livestock,Promotion Program (Dairy),,,,,,,,
2064,B-4-H-3770,Maa Sarde Pashu Palan Krishak Samuha,2077/078,2078-03-15,19,Ekdara,4,Component A,Livestock,Promotion Program (Dairy),,,,,,,,
2065,A-2-D-3773,Bhairab Baba Das Gharayasi Poshan Bagaicha Samuha,2078/079,1900-01-15,21,Bariyarpatti,1,Component C,Nutrition,Home Nutrition Garden (Nutrition),,,,,,,,
2066,A-2-D-3774,Gyandeep Gharayasi Poshan Bagaicha Samuha,2078/079,1900-01-16,21,Bariyarpatti,2,Component C,Nutrition,Home Nutrition Garden (Nutrition),,,,,,,,
2067,A-2-D-3775,Aksha Gharayasi Poshan Bagaicha Samuha,2078/079,2078-06-10,21,Bariyarpatti,2,Component C,Nutrition,Home Nutrition Garden (Nutrition),,,,,,,,
2068,A-2-D-3777,kushwaha Gharayasi Poshan Bagaicha Samuha,2078/079,2078-09-06,21,Bariyarpatti,2,Component C,Nutrition,Home Nutrition Garden (Nutrition),,,,,,,,
2069,A-2-D-3778,madina Gharayasi Poshan Bagaicha Samuha,2078/079,2078-09-19,21,Bariyarpatti,2,Component C,Nutrition,Home Nutrition Garden (Nutrition),,,,,,,,
2070,A-2-D-3779,manokamana Gharayasi Poshan Bagaicha Samuha,2078/079,2078-08-24,21,Bariyarpatti,2,Component C,Nutrition,Home Nutrition Garden (Nutrition),,,,,,,,
2071,A-2-D-3780,milijuli Gharayasi Poshan Bagaicha Samuha,2078/079,2078-10-06,21,Bariyarpatti,2,Component C,Nutrition,Home Nutrition Garden (Nutrition),,,,,,,,
2072,A-2-D-3781,om Gharayasi Poshan Bagaicha Samuha,2078/079,2078-09-21,21,Bariyarpatti,2,Component C,Nutrition,Home Nutrition Garden (Nutrition),,,,,,,,
2073,A-2-D-3782,Raktamala Gharayasi Poshan Bagaicha Samuha,2078/079,2078-09-18,21,Bariyarpatti,2,Component C,Nutrition,Home Nutrition Garden (Nutrition),,,,,,,,
2074,C-6-R-3784,Pipalbot Kukhura Palan Krishak Samuha,2078/079,2078-08-29,28,Lisankhu Pakhar,1,Component A,Livestock,Promotion Program (Poultry),,,,,,,,
2075,A-2-D-3786,Tulsidas Gharayasi Poshan Bagaicha Samuha,2078/079,2078-09-12,21,Bariyarpatti,5,Component C,Nutrition,Home Nutrition Garden (Nutrition),,,,,,,,
2076,A-2-D-3788,Gaiya Baba Das Gharayasi Poshan Bagaicha Samuha,2078/079,1900-01-16,21,Bariyarpatti,1,Component C,Nutrition,Home Nutrition Garden (Nutrition),,,,,,,,
2077,A-2-D-3789,Gita Gyan Das Gharayasi Poshan Bagaicha Samuha,2078/079,1900-01-23,21,Bariyarpatti,1,Component C,Nutrition,Home Nutrition Garden (Nutrition),,,,,,,,
2078,C-6-R-3790,Local Bakhra Palan Krishak Samuha,2078/079,2078-08-29,28,Lisankhu Pakhar,1,Component A,Livestock,Promotion Program (Goat),,,,,,,,
2079,C-6-R-3791,Jaleswori Bakhra Palan Krishak Samuha,2078/079,2078-08-29,28,Lisankhu Pakhar,5,Component A,Livestock,Promotion Program (Goat),,,,,,,,
2080,A-2-C-3792,Bhagwati Dairy Pashupalan Krishak Samuha,2078/079,2078-08-28,21,164,1,Component A,Livestock,Others,,,,,,,,
2081,C-6-R-3793,Sansari Kukhurapalan Krishak Samuha,2078/079,2078-08-29,28,Lisankhu Pakhar,5,Component A,Livestock,Promotion Program (Poultry),,,,,,,,
2082,A-2-C-3794,Janaki Bakhra Prabardan Krishak Samuha,2078/079,2078-10-23,21,164,1,Component A,Livestock,Promotion Program (Goat),,,,,,,,
2083,A-2-C-3795,Kundalpur Dairy Prabardan Krishak Samuha,2078/079,2078-08-26,21,164,1,Component A,Livestock,Promotion Program (Dairy),,,,,,,,
2084,A-2-C-3796,Salhesh Bakhra Prabardahan Krishak Samuha,2078/079,2078-08-12,21,164,1,Component A,Livestock,Promotion Program (Goat),,,,,,,,
2085,A-2-C-3797,Maa Rajdevi Dairy Prabardhan Krishak Samuha,2078/079,2078-08-24,21,164,1,Component A,Livestock,Promotion Program (Dairy),,,,,,,,
2086,A-2-C-3798,Braham Baba Dairy Prabardhan Krishak Samuha,2078/079,2078-08-25,21,164,1,Component A,Livestock,Promotion Program (Dairy),,,,,,,,
2087,A-2-C-3799,Maa Durga Bakhrapalan Krishak Samuha,2078/079,2078-09-22,21,164,1,Component A,Livestock,FFS (Goat),,,,,,,,
2088,A-2-C-3802,Radha Krishana Bakhra Prabardhan Krishak Samuha,2078/079,2078-09-15,21,164,1,Component A,Livestock,Promotion Program (Goat),,,,,,,,
2089,C-6-R-3803,Melijuli Bakhra Palan Krishak Samuha,2078/079,2078-08-29,28,Lisankhu Pakhar,5,Component A,Livestock,Promotion Program (Goat),,,,,,,,
2090,C-6-R-3804,Janjagaran Bakhra Palan Krishak Samuha,2078/079,2078-08-29,28,Lisankhu Pakhar,6,Component A,Livestock,Promotion Program (Goat),,,,,,,,
2091,C-5-P-3805,Majhgau Kukhura Palan Krishak Samuha,2078/079,2078-10-05,25,Tamakoshi,1,Component A,Livestock,Promotion Program (Poultry),,,,,,,,
2092,B-4-G-3806,Sankatmochan Bakhra Palan Krishak Pathshala Samuha,2077/078,2022-02-07,19,Pipara,2,Component A,Livestock,FFS (Goat),,,,,,,,
2093,C-5-P-3808,Budidevi kukhurapalan krishak samuha,2078/079,2078-10-05,25,Tamakoshi,1,Component A,Livestock,Promotion Program (Poultry),,,,,,,,
2094,C-5-P-3810,Bhumethan kukhurapalan krishak samuha,2078/079,1900-01-15,25,Tamakoshi,1,Component A,Livestock,Promotion Program (Poultry),,,,,,,,
2095,A-2-C-3813,Bhawani Gharayasi Poshan Bagaicha Samuha,2078/079,2078-09-07,21,164,1,Component C,Nutrition,Home Nutrition Garden (Nutrition),,,,,,,,
2096,A-2-C-3814,Chameli  Gharayasi Poshan Bagaicha Samuha,2078/079,2078-09-20,21,164,1,Component C,Nutrition,Home Nutrition Garden (Nutrition),,,,,,,,
2097,A-2-C-3816,Jambi Mai Gharayasi Posan Bagaicha Samuh,2078/079,2078-08-29,21,164,1,Component C,Nutrition,Home Nutrition Garden (Nutrition),,,,,,,,
2098,A-2-C-3817,Mahima Gharayasi Posan Bagaicha Samuh,2078/079,2078-09-11,21,164,1,Component C,Nutrition,Home Nutrition Garden (Nutrition),,,,,,,,
2099,D-8-W-3820,Suunaaulo Nutrition Group,2078/079,,45,Gandaki,3,Component C,Nutrition,NFS (Nutrition),,,,,,,,
2100,C-5-P-3822,Milanchaur Bakhrapalan palan Krishak Samuha,2078/079,2078-10-05,25,Tamakoshi,3,Component A,Livestock,Promotion Program (Goat),,,,,,,,
2101,C-5-K-3823,Gurase kukhura palan group,2078/079,2078-09-15,25,Kalinchok,9,Component A,Livestock,Promotion Program (Poultry),,,,,,,,
2102,C-5-K-3824,Ghateri bakhara palan krishak samuha,2078/079,2078-08-24,25,Kalinchok,7,Component A,Livestock,Promotion Program (Goat),,,,,,,,
2103,C-5-K-3826,Chandeshwori bakhara palan Krishak Samuha,2078/079,2078-09-15,25,Kalinchok,7,Component A,Livestock,Promotion Program (Goat),,,,,,,,
2104,C-5-K-3828,Dhudpokhari kukhura palankrishak Samuha,2078/079,2078-08-29,25,Kalinchok,6,Component A,Livestock,Promotion Program (Poultry),,,,,,,,
2105,C-5-K-3829,Kalinchok bakhara palan Krishak Samuha,2078/079,2078-08-15,25,Kalinchok,6,Component A,Livestock,Promotion Program (Goat),,,,,,,,
2106,C-5-K-3830,Ujayalo bakhara palan Krishak Samuha,2078/079,2078-08-26,25,Kalinchok,6,Component A,Livestock,Promotion Program (Goat),,,,,,,,
2107,C-5-K-3831,Jaleshwori gaibhaisi palan Krishak Samuha,2078/079,2078-10-19,25,Kalinchok,9,Component A,Livestock,Promotion Program (Dairy),,,,,,,,
2108,C-5-K-3832,Chamatkar gaibhaisi palan Krishak Samuha,2078/079,2078-09-16,25,Kalinchok,8,Component A,Livestock,Promotion Program (Dairy),,,,,,,,
2109,A-2-C-3833,shanti Gharayasi Posan Bagaicha Samuh,2078/079,2078-09-19,21,164,1,Component C,Nutrition,Home Nutrition Garden (Nutrition),,,,,,,,
2110,C-5-K-3834,Shitka bakhara palan krishak samuha,2078/079,2078-08-24,25,Kalinchok,7,Component A,Livestock,Promotion Program (Goat),,,,,,,,
2111,A-2-C-3836,Nabita Gharayasi Posan Bagaicha Samuh,2078/079,2078-09-23,21,164,1,Component C,Nutrition,Home Nutrition Garden (Nutrition),,,,,,,,
2112,A-1-B-3837,Raj Bakhra Prabardhan Samuha,2078/079,2078-09-28,22,166,5,Component A,Livestock,Promotion Program (Goat),,,,,,,,
2113,A-2-C-3840,Dihibaar  Gharayasi Posan Bagaicha Samuh,2078/079,2078-09-08,21,164,3,Component C,Nutrition,Home Nutrition Garden (Nutrition),,,,,,,,
2114,C-6-Q-3842,aaselukharka bakhrapalan krishak samuha,2078/079,2078-09-03,28,Indrawati,5,Component A,Livestock,Promotion Program (Goat),,,,,,,,
2115,A-2-C-3844,Tulasi  Gharayasi Posan Bagaicha Samuh,2078/079,2078-09-09,21,164,4,Component C,Nutrition,Home Nutrition Garden (Nutrition),,,,,,,,
2116,C-6-Q-3845,Chandradebi bakhrapalan krishak samuha,2078/079,2078-09-04,28,Indrawati,4,Component A,Livestock,Promotion Program (Goat),,,,,,,,
2117,C-6-Q-3851,25 bhimsen dugdha utpadan krishak samuha,2078/079,2078-09-04,28,Indrawati,3,Component A,Livestock,Promotion Program (Dairy),,,,,,,,
2118,C-6-Q-3854,Dumindanda Kukura palan krishak Samuh,2078/079,2078-09-05,28,Indrawati,7,Component A,Livestock,Promotion Program (Poultry),,,,,,,,
2119,C-6-Q-3862,kudare Bakhrapal Krishak samuha,2078/079,2078-09-04,28,Indrawati,2,Component A,Livestock,Promotion Program (Goat),,,,,,,,
2120,C-6-Q-3867,Lalupate bakrapaln Krishak samuha,2078/079,2078-09-04,28,Indrawati,2,Component A,Livestock,Promotion Program (Goat),,,,,,,,
2121,C-6-Q-3868,mahankal bakhrapalan krishak samuha,2078/079,2078-09-03,28,Indrawati,5,Component A,Livestock,Promotion Program (Goat),,,,,,,,
2122,C-6-Q-3869,Majhaghar Kukhura Palan Krishak Samuh,2078/079,2022-02-08,28,Indrawati,9,Component A,Livestock,Promotion Program (Poultry),,,,,,,,
2123,C-6-Q-3870,Mathlo Gahate Kukhura Palan Krishak Samuh,2078/079,2022-02-08,28,Indrawati,8,Component A,Livestock,Promotion Program (Poultry),,,,,,,,
2124,C-6-Q-3871,Panchakanya Debi kukhura palan krishak samuh,2078/079,2022-02-08,28,Indrawati,6,Component A,Livestock,Promotion Program (Poultry),,,,,,,,
2125,C-6-Q-3872,salle kukhurapalan krishak samuha,2078/079,2078-09-03,28,Indrawati,6,Component A,Livestock,Promotion Program (Poultry),,,,,,,,
2126,C-6-Q-3873,Setidevi Dugdh utpadan krishak samuh,2078/079,2022-02-08,28,Indrawati,8,Component A,Livestock,Promotion Program (Dairy),,,,,,,,
2127,C-6-Q-3874,Singhadebevi bakhrapalan krishak samuha,2078/079,2022-02-08,28,Indrawati,3,Component A,Livestock,Promotion Program (Goat),,,,,,,,
2128,C-6-Q-3876,Suryadaya kukhura palan krishak Samuh,2078/079,2078-09-05,28,Indrawati,6,Component A,Livestock,Promotion Program (Poultry),,,,,,,,
2129,C-6-Q-3877,Namobudda bakhrapalan krishak samuha,2078/079,2078-09-05,28,Indrawati,5,Component A,Livestock,Promotion Program (Goat),,,,,,,,
2130,A-1-B-3878,Shree Laligurash Bakhra Krishak Pathshala Samuha,2078/079,2078-09-10,22,166,5,Component A,Livestock,FFS (Goat),,,,,,,,
2131,C-6-Q-3881,chhapdada kukhurapalan krishak samuha,2078/079,2078-09-04,28,Indrawati,9,Component A,Livestock,Promotion Program (Poultry),,,,,,,,
2132,B-4-H-3882,Chand Crop Production Group,2077/078,2077-04-29,19,Ekdara,5,Component A,Crop,Others,,,,,,,,
2133,A-1-A-3883,Jai Dihibaar Baba Pashupalan Samuha Rajgadh,2078/079,2078-07-29,22,Rajgadh,1,Component A,Livestock,Others,,,,,,,,
2134,C-6-Q-3884,Panchkanya dugdha utpadan krishak samuha,2078/079,2078-09-02,28,Indrawati,5,Component A,Livestock,Promotion Program (Dairy),,,,,,,,
2135,C-5-K-3885,Haleshwori bakhara palan group,2078/079,2078-08-23,25,Kalinchok,3,Component A,Livestock,Promotion Program (Goat),,,,,,,,
2136,C-5-K-3886,Sunakhari bakhara palan group,2078/079,2078-08-25,25,Kalinchok,9,Component A,Livestock,Promotion Program (Goat),,,,,,,,
2137,C-5-K-3887,Pahare Kukhura palan group,2078/079,2078-09-15,25,Kalinchok,9,Component A,Livestock,Promotion Program (Poultry),,,,,,,,
2138,C-5-P-3904,Gairigaun Krishi Utpadak Krishak Samuha,2078/079,2078-10-10,25,Tamakoshi,4,Component A,Crop,Others,,,,,,,,
2139,A-1-A-3905,Jai Baba Dharmaraj Pashupalan Samuha,2078/079,2078-08-27,22,Rajgadh,6,Component A,Livestock,Promotion Program (Goat),,,,,,,,
2140,A-1-A-3906,Ma Kamleshwari Krishak Samuha,2078/079,2078-10-25,22,Rajgadh,1,Component A,Crop,Others,,,,,,,,
2141,C-6-Q-3942,Pokhare Krishi Utpadak Krishak Samuha,2078/079,2078-10-12,28,Indrawati,7,Component A,Crop,Others,,,,,,,,
2142,A-1-A-3943,Rabidas Krishak Samuha,2078/079,2078-10-19,22,Rajgadh,5,Component A,Crop,Others,,,,,,,,
2143,C-5-K-3944,Banchare Poshan Samuha,2078/079,2078-09-24,25,Kalinchok,4,Component C,Nutrition,Home Nutrition Garden (Nutrition),,,,,,,,
2144,C-5-K-3946,Golmadevi Poshan Samuha,2078/079,2078-08-25,25,Kalinchok,5,Component C,Nutrition,Home Nutrition Garden (Nutrition),,,,,,,,
2145,C-5-K-3948,Himali Poshan Samuha,2078/079,2078-08-26,25,Kalinchok,2,Component C,Nutrition,Home Nutrition Garden (Nutrition),,,,,,,,
2146,C-6-R-3959,Panchet bakhara palan Krishak Samuha,2077/078,2077-09-01,28,Lisankhu Pakhar,4,Component A,Livestock,Promotion Program (Goat),,,,,,,,
2147,B-4-G-3962,Bishokarma Mahila Bakhra Palan Samuha,2077/078,2078-03-03,19,Pipara,4,Component A,Livestock,Others,,,,,,,,
2148,B-4-G-3963,Sansari Mai Mahila Bakhra Palan Samuha,2077/078,2078-02-25,19,Pipara,4,Component A,Livestock,Promotion Program (Goat),,,,,,,,
2149,B-4-G-3964,Subha Laxmi Mahila Bakhra Palan Samuha,2077/078,2078-03-08,19,Pipara,3,Component A,Livestock,Others,,,,,,,,
2150,A-1-B-3966,JanaJyoti Krishak Samuha,2078/079,2078-10-25,22,166,2,Component A,Crop,Others,,,,,,,,
2151,A-1-B-3972,Janakalyan Krishak Samuha Musharniya,2078/079,2078-10-24,22,166,3,Component A,Crop,Others,,,,,,,,
2152,A-1-A-3973,Santoshi Gharayasi Poshan Bagaicha Samuha,2078/079,1900-01-13,22,Rajgadh,3,Component C,Nutrition,Home Nutrition Garden (Nutrition),,,,,,,,
2153,A-2-C-3975,Tara Pashupalan Krishak Samuha,2078/079,2078-10-24,21,164,3,Component A,Livestock,Promotion Program (Goat),,,,,,,,
2154,A-2-C-3976,Bajarangbali Bakhra Prabardhan Krishak Samuha,2078/079,2078-09-28,21,164,1,Component A,Livestock,Promotion Program (Goat),,,,,,,,
2155,A-2-C-3977,Bhagwati Dairy Pashupalan Krishak Samuha_Kundalpur,2078/079,2078-08-28,21,164,1,Component A,Livestock,Others,,,,,,,,
2156,A-2-C-3978,Chameli Bakhrapalan Krishak Samuha,2078/079,2078-10-07,21,164,1,Component A,Livestock,Others,,,,,,,,
2157,A-2-C-3980,Rajdevi Bakhra Prabardhan Krishak Samuha,2078/079,2078-10-06,21,164,1,Component A,Livestock,Promotion Program (Goat),,,,,,,,
2158,A-2-C-3981,Pashupati Dairy Pashupalan Krishak Samuha,2078/079,2078-10-09,21,164,1,Component A,Livestock,Others,,,,,,,,
2159,D-8-X-3982,Kafalbote Krishak Samuha,2077/078,2077-10-10,45,Barpak Sulikot,7,Component A,Crop,Others,,,,,,,,
2160,D-8-X-3983,Manashlu Krishak Samuha,2077/078,2078-03-10,45,Barpak Sulikot,7,Component A,Crop,Others,,,,,,,,
2161,D-8-X-3985,Bhairabi Krishak Samuha,2077/078,2078-05-10,45,Barpak Sulikot,3,Component A,Crop,Others,,,,,,,,
2162,D-8-X-3986,Lamgara Sotikhola Krishak Samuha,2077/078,2078-05-10,45,Barpak Sulikot,3,Component A,Crop,Others,,,,,,,,
2163,A-1-A-3987,Raain Krishak Samuha,2078/079,2078-08-14,22,Rajgadh,6,Component A,Crop,Others,,,,,,,,
2164,D-8-X-3988,Uddhamsil Mahoriya Krishak Samuha,2077/078,2077-06-14,45,Barpak Sulikot,6,Component A,Crop,Others,,,,,,,,
2165,B-4-G-3989,Tapsi Mahila Bakhra Palan Samuha,2077/078,2078-11-11,19,Pipara,6,Component A,Livestock,Others,,,,,,,,
2166,B-4-G-3990,Suryamukhi Mahila Bakhra Palan Samuha,2077/078,2078-03-02,19,Pipara,6,Component A,Livestock,Others,,,,,,,,
2167,B-4-G-3991,Shiv Shakti Mahila Bakhra Palan Samuha,2077/078,2078-03-04,19,Pipara,4,Component A,Livestock,Promotion Program (Goat),,,,,,,,
2168,B-4-G-3992,Bhole Shankar Mahila Bakhra Palan Samuha,2077/078,2078-01-14,19,Pipara,4,Component A,Livestock,Others,,,,,,,,
2169,A-1-B-3993,Ananya  Gharayasi Poshan Bagaicha Samuha,2078/079,2078-02-09,22,166,5,Component C,Nutrition,Home Nutrition Garden (Nutrition),,,,,,,,
2170,A-1-B-3995,Nandani Gharayasi Poshan Bagaicha Samuha,2078/079,1900-01-30,22,166,5,Component C,Nutrition,Home Nutrition Garden (Nutrition),,,,,,,,
2171,A-1-B-3996,Ram Rahiman Gharayasi Poshan Bagaicha Samuha,2078/079,2078-09-09,22,166,5,Component C,Nutrition,Home Nutrition Garden (Nutrition),,,,,,,,
2172,A-1-B-3997,Bhawana Gharayasi Poshan Bagaicha Samuha,2078/079,1900-01-27,22,166,5,Component C,Nutrition,Home Nutrition Garden (Nutrition),,,,,,,,
2173,A-1-B-3998,Ishlam  Gharayasi Poshan Bagaicha Samuha,2078/079,1900-01-20,22,166,1,Component C,Nutrition,Home Nutrition Garden (Nutrition),,,,,,,,
2174,A-1-B-4000,Tulsi Gharayasi Poshan Bagaicha Samuha,2078/079,1900-01-19,22,166,2,Component C,Nutrition,Home Nutrition Garden (Nutrition),,,,,,,,
2175,A-1-B-4001,Bajrang Gharayasi Poshan Bagaicha Samuha,2078/079,1900-01-16,22,166,3,Component C,Nutrition,Home Nutrition Garden (Nutrition),,,,,,,,
2176,D-7-S-4004,Aadamara Krishak Samuha,2078/079,2078-09-11,31, ,Benighat Rorang,7,Component A,Crop,,,,,,,,9
2177,A-1-B-4007,janmukhi Gharayasi Poshan Bagaicha Samuha,2078/079,2078-10-02,22,166,2,Component C,Nutrition,Home Nutrition Garden (Nutrition),,,,,,,,
2178,A-1-A-4008,Maa Kali Gharayasi Poshan Bagaicha Samuha,2078/079,2078-11-10,22,Rajgadh,1,Component C,Nutrition,Home Nutrition Garden (Nutrition),,,,,,,,
2179,A-1-B-4009,ramji ram  Gharayasi Poshan Bagaicha Samuha,2078/079,2078-10-02,22,166,2,Component C,Nutrition,Home Nutrition Garden (Nutrition),,,,,,,,
2180,A-1-A-4010,Satyam Gharayasi Poshan Bagaicha Samuha,2078/079,2078-10-02,22,Rajgadh,1,Component C,Nutrition,Home Nutrition Garden (Nutrition),,,,,,,,
2181,A-1-B-4011,Sundhara  Gharayasi Poshan Bagaicha Samuha,2078/079,1900-01-29,22,166,2,Component C,Nutrition,Home Nutrition Garden (Nutrition),,,,,,,,
2182,A-1-A-4012,Fakira Kukhura Prabardhan Samuha,2078/079,2078-09-14,22,Rajgadh,6,Component A,Livestock,Promotion Program (Poultry),,,,,,,,
2183,A-1-A-4013,Jai Baba Narsing Dairy Prabardhan Samuha,2078/079,2078-07-29,22,Rajgadh,1,Component A,Livestock,Promotion Program (Dairy),,,,,,,,
2184,A-1-A-4014,Jai Bajarangbali Pashupalan Krishak Samuha,2078/079,2078-08-27,22,Rajgadh,1,Component A,Livestock,Others,,,,,,,,
2185,A-1-A-4015,Shree Chandrabati Bakhra Prabardhan Samuha,2078/079,2078-07-20,22,Rajgadh,1,Component A,Livestock,Promotion Program (Goat),,,,,,,,
2186,A-1-A-4016,Jai Bholenath Pashupalan Samuha,2078/079,2078-08-10,22,Rajgadh,1,Component A,Livestock,Promotion Program (Goat),,,,,,,,
2187,A-1-A-4017,Maa laxmi Gharayasi Poshan Bagaicha Samuha,2078/079,2078-11-10,22,Rajgadh,1,Component C,Nutrition,Home Nutrition Garden (Nutrition),,,,,,,,
2188,A-1-A-4018,Jai maa kamala Gharayasi Poshan Bagaicha Samuha,2078/079,1900-01-18,22,Rajgadh,1,Component C,Nutrition,Home Nutrition Garden (Nutrition),,,,,,,,
2189,A-1-A-4019,Shiv guru Gharayasi Poshan Bagaicha Samuha,2078/079,1900-01-23,22,Rajgadh,1,Component C,Nutrition,Home Nutrition Garden (Nutrition),,,,,,,,
2190,A-1-A-4020,Ram Rahim Gharayasi Poshan Bagaicha Samuha,2078/079,1900-01-26,22,Rajgadh,6,Component C,Nutrition,Home Nutrition Garden (Nutrition),,,,,,,,
2191,A-1-A-4021,Gudiya Gharayasi Poshan Bagaicha Samuha,2078/079,1900-01-14,22,Rajgadh,6,Component C,Nutrition,Home Nutrition Garden (Nutrition),,,,,,,,
2192,A-1-A-4022,Madinaa Gharayasi Poshan Bagaicha Samuha,2078/079,1900-01-15,22,Rajgadh,6,Component C,Nutrition,Home Nutrition Garden (Nutrition),,,,,,,,
2193,A-1-A-4023,Baal gopal Gharayasi Poshan Bagaicha Samuha,2078/079,1900-01-24,22,Rajgadh,1,Component C,Nutrition,Home Nutrition Garden (Nutrition),,,,,,,,
2194,A-1-A-4024,Maa Saro Gharayasi Poshan Bagaicha Samuha,2078/079,1900-01-17,22,Rajgadh,6,Component C,Nutrition,Home Nutrition Garden (Nutrition),,,,,,,,
2195,A-2-C-4025,Indra Gharayasi Posan Bagaicha Samuh,2078/079,2078-01-10,21,164,3,Component C,Nutrition,Home Nutrition Garden (Nutrition),,,,,,,,
2196,A-2-D-4026,Om shanti Gharayasi Poshan Bagaicha Samuha,2078/079,2078-10-09,21,Bariyarpatti,1,Component C,Nutrition,Home Nutrition Garden (Nutrition),,,,,,,,
2197,A-2-C-4027,Parwati Gharayasi Posan Bagaicha Samuh,2078/079,2078-10-10,21,164,3,Component C,Nutrition,Home Nutrition Garden (Nutrition),,,,,,,,
2198,A-1-B-4028,Shakshi  Gharayasi Poshan Bagaicha Samuha,2078/079,2078-06-10,22,166,5,Component C,Nutrition,Home Nutrition Garden (Nutrition),,,,,,,,
2199,A-1-B-4029,Lotus  Gharayasi Poshan Bagaicha Samuha,2078/079,1900-01-17,22,166,1,Component C,Nutrition,Home Nutrition Garden (Nutrition),,,,,,,,
2200,A-1-B-4030,Baal Gharayasi Poshan Bagaicha Samuha,2078/079,1900-01-17,22,166,3,Component C,Nutrition,Home Nutrition Garden (Nutrition),,,,,,,,
2201,A-1-B-4031,Bar Pipal Gharayasi Poshan Bagaicha Samuha,2078/079,1900-01-27,22,166,4,Component C,Nutrition,Home Nutrition Garden (Nutrition),,,,,,,,
2202,A-1-B-4032,Adarsh Gharayasi Poshan Bagaicha Samuha,2078/079,1900-01-21,22,166,5,Component C,Nutrition,Home Nutrition Garden (Nutrition),,,,,,,,
2203,A-1-B-4033,Sikshya Gharayasi Poshan Bagaicha Samuha,2078/079,1900-01-18,22,166,5,Component C,Nutrition,Home Nutrition Garden (Nutrition),,,,,,,,
2204,A-1-B-4035,Sharada Gharayasi Poshan Bagaicha Samuha,2078/079,1900-01-13,22,166,6,Component C,Nutrition,Home Nutrition Garden (Nutrition),,,,,,,,
2205,A-1-B-4036,Roshni Gharayasi Poshan Bagaicha Samuha,2078/079,1900-01-27,22,166,6,Component C,Nutrition,Home Nutrition Garden (Nutrition),,,,,,,,
2206,A-1-A-4037,Aarti  Gharayasi Poshan Bagaicha Samuha,2078/079,1900-01-15,22,Rajgadh,5,Component C,Nutrition,Home Nutrition Garden (Nutrition),,,,,,,,
2207,A-1-A-4038,Baba mahanthi Gharayasi Poshan Bagaicha Samuha,2078/079,1900-01-13,22,Rajgadh,4,Component C,Nutrition,Home Nutrition Garden (Nutrition),,,,,,,,
2208,A-1-A-4039,baba salahesh Gharayasi Poshan Bagaicha Samuha,2078/079,1900-01-13,22,Rajgadh,3,Component C,Nutrition,Home Nutrition Garden (Nutrition),,,,,,,,
2209,A-1-A-4040,Ganesh Gharayasi Poshan Bagaicha Samuha,2078/079,1900-01-13,22,Rajgadh,5,Component C,Nutrition,Home Nutrition Garden (Nutrition),,,,,,,,
2210,A-1-A-4041,Ganapatee Gharayasi Poshan Bagaicha Samuha,2078/079,1900-01-13,22,Rajgadh,4,Component C,Nutrition,Home Nutrition Garden (Nutrition),,,,,,,,
2211,A-1-A-4042,Gayatri Gharayasi Poshan Bagaicha Samuha,2078/079,1900-01-13,22,Rajgadh,5,Component C,Nutrition,Home Nutrition Garden (Nutrition),,,,,,,,
2212,A-1-A-4043,jana jyoti Gharayasi Poshan Bagaicha Samuha,2078/079,1900-01-13,22,Rajgadh,5,Component C,Nutrition,Home Nutrition Garden (Nutrition),,,,,,,,
2213,A-1-A-4044,Laxmi  Gharayasi Poshan Bagaicha Samuha,2078/079,1900-01-26,22,Rajgadh,5,Component C,Nutrition,Home Nutrition Garden (Nutrition),,,,,,,,
2214,A-1-A-4045,maa bhagwati Gharayasi Poshan Bagaicha Samuha,2078/079,1900-01-13,22,Rajgadh,5,Component C,Nutrition,Home Nutrition Garden (Nutrition),,,,,,,,
2215,A-1-A-4046,maa durga Gharayasi Poshan Bagaicha Samuha,2078/079,2078-07-09,22,Rajgadh,5,Component C,Nutrition,Home Nutrition Garden (Nutrition),,,,,,,,
2216,A-1-A-4047,pano devi Gharayasi Poshan Bagaicha Samuha,2078/079,1900-01-19,22,Rajgadh,3,Component C,Nutrition,Home Nutrition Garden (Nutrition),,,,,,,,
2217,A-1-A-4048,Shiva Guru Gharayasi Poshan Bagaicha Samuha,2078/079,2078-09-10,22,Rajgadh,5,Component C,Nutrition,Home Nutrition Garden (Nutrition),,,,,,,,
2218,A-1-A-4049,shrijana Gharayasi Poshan Bagaicha Samuha,2078/079,1900-01-18,22,Rajgadh,4,Component C,Nutrition,Home Nutrition Garden (Nutrition),,,,,,,,
2219,A-2-D-4050,Braham baba Gharayasi Poshan Bagaicha Samuha,2078/079,2078-08-08,21,Bariyarpatti,3,Component C,Nutrition,Home Nutrition Garden (Nutrition),,,,,,,,
2220,A-1-B-4051,Bageshwori Gharayasi Poshan Bagaicha Samuha,2078/079,1900-01-23,22,166,5,Component C,Nutrition,Home Nutrition Garden (Nutrition),,,,,,,,
2221,A-1-B-4052,Srijana Gharayasi Poshan Bagaicha Samuha,2078/079,1900-01-21,22,166,6,Component C,Nutrition,Home Nutrition Garden (Nutrition),,,,,,,,
2222,A-1-B-4054,Shristi Gharayasi Poshan Bagaicha Samuha,2078/079,1900-01-15,22,166,5,Component C,Nutrition,Home Nutrition Garden (Nutrition),,,,,,,,
2223,A-1-B-4055,Smriti Gharayasi Poshan Bagaicha Samuha,2078/079,1900-01-26,22,166,5,Component C,Nutrition,Home Nutrition Garden (Nutrition),,,,,,,,
2224,A-1-B-4056,Koshika Gharayasi Poshan Bagaicha Samuha,2078/079,1900-01-27,22,166,7,Component C,Nutrition,Home Nutrition Garden (Nutrition),,,,,,,,
2225,A-1-B-4057,Khusbu Gharayasi Poshan Bagaicha Samuha,2078/079,1900-01-18,22,166,7,Component C,Nutrition,Home Nutrition Garden (Nutrition),,,,,,,,
2226,A-1-B-4058,Kartik  Gharayasi Poshan Bagaicha Samuha,2078/079,2078-11-09,22,166,6,Component C,Nutrition,Home Nutrition Garden (Nutrition),,,,,,,,
2227,A-1-B-4059,Pooja  Gharayasi Poshan Bagaicha Samuha,2078/079,2078-11-10,22,166,6,Component C,Nutrition,Home Nutrition Garden (Nutrition),,,,,,,,
2228,A-1-B-4060,sandhaya  Gharayasi Poshan Bagaicha Samuha,2078/079,1900-01-24,22,166,6,Component C,Nutrition,Home Nutrition Garden (Nutrition),,,,,,,,
2229,A-1-A-4061,Abu  Gharayasi Poshan Bagaicha Samuha,2078/079,2078-03-09,22,Rajgadh,6,Component C,Nutrition,Home Nutrition Garden (Nutrition),,,,,,,,
2230,A-1-A-4064,Dharma Gharayasi Poshan Bagaicha Samuha,2078/079,2078-11-08,22,Rajgadh,1,Component C,Nutrition,Home Nutrition Garden (Nutrition),,,,,,,,
2231,A-1-A-4065,Hariyali  Gharayasi Poshan Bagaicha Samuha,2078/079,1900-01-21,22,Rajgadh,6,Component C,Nutrition,Home Nutrition Garden (Nutrition),,,,,,,,
2232,A-1-A-4066,Janahit  Gharayasi Poshan Bagaicha Samuha,2078/079,2078-10-08,22,Rajgadh,6,Component C,Nutrition,Home Nutrition Garden (Nutrition),,,,,,,,
2233,A-1-A-4068,jay shree ram Gharayasi Poshan Bagaicha Samuha,2078/079,1900-01-13,22,Rajgadh,6,Component C,Nutrition,Home Nutrition Garden (Nutrition),,,,,,,,
2234,A-1-A-4072,pratham   Gharayasi Poshan Bagaicha Samuha,2078/079,1900-01-13,22,Rajgadh,1,Component C,Nutrition,Home Nutrition Garden (Nutrition),,,,,,,,
2235,A-1-A-4073,Ram janki  Gharayasi Poshan Bagaicha Samuha,2078/079,2078-02-08,22,Rajgadh,1,Component C,Nutrition,Home Nutrition Garden (Nutrition),,,,,,,,
2236,A-2-D-4076,Aarati Pashupalan Krishak Samuha,2078/079,2078-10-24,21,Bariyarpatti,1,Component A,Livestock,Promotion Program (Goat),,,,,,,,
2237,A-2-D-4077,Kalyanday Pasbhupalan Krisak Samuha,2078/079,2078-10-09,21,Bariyarpatti,1,Component A,Livestock,Promotion Program (Poultry),,,,,,,,
2238,A-1-B-4078,Suntala Gharayasi Poshan Bagaicha Samuha,2078/079,2078-11-08,22,166,1,Component C,Nutrition,Home Nutrition Garden (Nutrition),,,,,,,,
2239,A-1-B-4079,Ganga Gharayasi Poshan Bagaicha Samuha,2078/079,1900-01-17,22,166,1,Component C,Nutrition,Home Nutrition Garden (Nutrition),,,,,,,,
2240,A-1-A-4080,Dharmaraaj baba Gharayasi Poshan Bagaicha Samuha,2078/079,1900-01-15,22,Rajgadh,3,Component C,Nutrition,Home Nutrition Garden (Nutrition),,,,,,,,
2241,A-1-B-4081,Parwati Gharayasi Poshan Bagaicha Samuha,2078/079,1900-01-17,22,166,3,Component C,Nutrition,Home Nutrition Garden (Nutrition),,,,,,,,
2242,A-1-B-4083,Mala Gharayasi Poshan Bagaicha Samuha,2078/079,1900-01-20,22,166,1,Component C,Nutrition,Home Nutrition Garden (Nutrition),,,,,,,,
2243,A-1-A-4084,Mah Bhagwati Gharayasi Poshan Bagaicha Samuha,2078/079,2078-02-09,22,Rajgadh,6,Component C,Nutrition,Home Nutrition Garden (Nutrition),,,,,,,,
2244,A-1-A-4085,hariyali Gharayasi Poshan Bagaicha Samuha,2078/079,1900-01-21,22,Rajgadh,1,Component C,Nutrition,Home Nutrition Garden (Nutrition),,,,,,,,
2245,A-1-A-4086,mahila shashaktikaran Gharayasi Poshan Bagaicha Samuha,2078/079,2078-11-08,22,Rajgadh,6,Component C,Nutrition,Home Nutrition Garden (Nutrition),,,,,,,,
2246,A-1-A-4087,Laxmhi Gharayasi Poshan Bagaicha Samuha,2078/079,1900-01-19,22,Rajgadh,6,Component C,Nutrition,Home Nutrition Garden (Nutrition),,,,,,,,
2247,D-8-W-4088,Chisapani Krishak Samuha,2077/078,2078-03-03,45,Gandaki,6,Component A,Crop,Others,,,,,,,,
2248,C-6-Q-4098,Grameswor mahadeb poshan samuha,2078/079,2078-10-26,28,Indrawati,8,Component C,Nutrition,Home Nutrition Garden (Nutrition),,,,,,,,
2249,C-6-Q-4100,Jwaladebi poshan samuha,2078/079,2078-09-04,28,Indrawati,6,Component C,Nutrition,Home Nutrition Garden (Nutrition),,,,,,,,
2250,C-6-Q-4101,Mahila Yekata Posan Samuha,2078/079,2078-10-10,28,Indrawati,4,Component C,Nutrition,Home Nutrition Garden (Nutrition),,,,,,,,
2251,C-6-Q-4103,Majhatole poshan samuha,2078/079,1900-01-24,28,Indrawati,8,Component C,Nutrition,Home Nutrition Garden (Nutrition),,,,,,,,
2252,C-6-Q-4104,Munal Posan Samuha,2078/079,2078-09-14,28,Indrawati,2,Component C,Nutrition,Home Nutrition Garden (Nutrition),,,,,,,,
2253,C-6-Q-4105,Namo Narayan Posan Samuha,2078/079,2078-10-20,28,Indrawati,5,Component C,Nutrition,Home Nutrition Garden (Nutrition),,,,,,,,
2254,C-6-Q-4107,Nawa Kiran Poshan Samuha,2078/079,2078-09-03,28,Indrawati,7,Component C,Nutrition,Home Nutrition Garden (Nutrition),,,,,,,,
2255,C-6-Q-4110,Panchpiple poshan samuha,2078/079,2078-11-02,28,Indrawati,7,Component C,Nutrition,Home Nutrition Garden (Nutrition),,,,,,,,
2256,C-6-Q-4111,Ranitole Sudhar Poshan Samuha,2078/079,2078-09-04,28,Indrawati,6,Component C,Nutrition,Home Nutrition Garden (Nutrition),,,,,,,,
2257,C-6-Q-4112,Salleni Bazar  Posan Samuha,2078/079,2078-11-10,28,Indrawati,4,Component C,Nutrition,Home Nutrition Garden (Nutrition),,,,,,,,
2258,C-6-Q-4113,Sat Samundra  Posan Samuha,2078/079,2078-11-05,28,Indrawati,5,Component C,Nutrition,Home Nutrition Garden (Nutrition),,,,,,,,
2259,C-6-Q-4114,Setidebi Posan Samuha,2078/079,2078-09-04,28,Indrawati,3,Component C,Nutrition,Home Nutrition Garden (Nutrition),,,,,,,,
2260,C-6-Q-4116,Shree kalika devi poshan samuha,2078/079,2078-10-24,28,Indrawati,8,Component C,Nutrition,Home Nutrition Garden (Nutrition),,,,,,,,
2261,C-6-Q-4121,Shree Palchoki Poshan Samuha,2078/079,2078-09-28,28,Indrawati,8,Component C,Nutrition,Home Nutrition Garden (Nutrition),,,,,,,,
2262,C-6-Q-4122,Tomsang  Posan Samuha,2078/079,2078-11-06,28,Indrawati,5,Component C,Nutrition,Home Nutrition Garden (Nutrition),,,,,,,,
2263,C-6-Q-4123,Ujwal Posan Samuha,2078/079,2078-09-02,28,Indrawati,5,Component C,Nutrition,Home Nutrition Garden (Nutrition),,,,,,,,
2264,C-6-Q-4124,Urjashil poshan samuha,2078/079,2078-11-07,28,Indrawati,7,Component C,Nutrition,Home Nutrition Garden (Nutrition),,,,,,,,
2265,C-6-Q-4125,Bhirkuna Posan Samuha,2078/079,2078-10-22,28,Indrawati,5,Component C,Nutrition,Home Nutrition Garden (Nutrition),,,,,,,,
2266,C-6-Q-4126,Birkharka Posan Samuha,2078/079,2078-09-05,28,Indrawati,1,Component C,Nutrition,Home Nutrition Garden (Nutrition),,,,,,,,
2267,C-6-Q-4127,Satkanya Devithan Posan Samuha,2078/079,2078-09-16,28,Indrawati,1,Component C,Nutrition,Home Nutrition Garden (Nutrition),,,,,,,,
2268,C-6-Q-4128,Lamatole  Posan Samuha,2078/079,2078-11-15,28,Indrawati,5,Component C,Nutrition,Home Nutrition Garden (Nutrition),,,,,,,,
2269,C-6-Q-4129,Suryakiran Posan Samuha,2078/079,2078-09-04,28,Indrawati,3,Component C,Nutrition,Home Nutrition Garden (Nutrition),,,,,,,,
2270,C-6-Q-4130,Gairitol Kukura Palan Krishak Samuh,2078/079,2078-09-05,28,Indrawati,9,Component A,Livestock,Promotion Program (Poultry),,,,,,,,
2271,C-6-Q-4131,Himal Bakhra  palan Krishak Samuh,2078/079,2022-03-29,28,Indrawati,7,Component A,Livestock,Promotion Program (Goat),,,,,,,,
2272,C-6-Q-4132,kumveswori mahadev bakhrapalan krishak samuha,2078/079,1900-01-22,28,Indrawati,9,Component A,Livestock,Promotion Program (Goat),,,,,,,,
2273,C-6-Q-4133,pataldebi Bakhrapal Krishak samuha,2078/079,2022-03-29,28,Indrawati,3,Component A,Livestock,Promotion Program (Goat),,,,,,,,
2274,C-6-Q-4136,Raktakali bakhrapalan krishak samuha,2078/079,2078-09-04,28,Indrawati,6,Component A,Livestock,Promotion Program (Goat),,,,,,,,
2275,C-6-Q-4137,Sipakhola Kukhura palan krishak samuha,2078/079,2078-09-05,28,Indrawati,6,Component A,Livestock,Promotion Program (Poultry),,,,,,,,
2276,C-6-R-4138,Dhupichaur Bakhara Palan Krishak Samuha,2078/079,2078-11-11,28,Lisankhu Pakhar,2,Component A,Livestock,Promotion Program (Goat),,,,,,,,
2277,C-6-R-4139,Himshikhar Bakhara Palan Krishak Samuha,2078/079,2078-11-12,28,Lisankhu Pakhar,6,Component A,Livestock,Promotion Program (Goat),,,,,,,,
2278,C-6-R-4140,Janajagriti Bakhara Palan Krishak Samuha,2078/079,2078-11-13,28,Lisankhu Pakhar,2,Component A,Livestock,Promotion Program (Goat),,,,,,,,
2279,C-6-R-4141,Jethal Bakhara Palan Krishak Samuha,2078/079,2078-10-26,28,Lisankhu Pakhar,5,Component A,Livestock,Promotion Program (Goat),,,,,,,,
2280,C-6-R-4142,Laligurans Bakhra Palan Krishak Samuha,2078/079,2078-08-29,28,Lisankhu Pakhar,5,Component A,Livestock,Promotion Program (Goat),,,,,,,,
2281,C-6-R-4143,lalupate kukhura Palan Krishak Samuha,2078/079,2078-11-12,28,Lisankhu Pakhar,6,Component A,Livestock,Promotion Program (Poultry),,,,,,,,
2282,C-6-R-4144,Laskari Bakhra Palan Krishak Samuha,2078/079,2078-11-14,28,Lisankhu Pakhar,4,Component A,Livestock,Promotion Program (Goat),,,,,,,,
2283,C-6-R-4145,Sunakhari Bakhra Palan Krishak Samuha,2078/079,2078-11-13,28,Lisankhu Pakhar,6,Component A,Livestock,Promotion Program (Goat),,,,,,,,
2284,C-6-R-4146,Yakikrit Bakhrapalan Lrishak Samuha,2078/079,2078-08-29,28,Lisankhu Pakhar,4,Component A,Livestock,Promotion Program (Goat),,,,,,,,
2285,C-5-K-4148,Phulbari bakhara palan Krishak Samuha,2078/079,2078-11-04,25,Kalinchok,5,Component A,Livestock,Promotion Program (Goat),,,,,,,,
2286,C-5-K-4149,Sagarmatha bakhara palan Krishak Samuha,2078/079,2078-11-05,25,Kalinchok,5,Component A,Livestock,Promotion Program (Goat),,,,,,,,
2287,C-5-K-4150,Golmadevi kukhura palan Krishak Samuha,2078/079,2078-11-05,25,Kalinchok,5,Component A,Livestock,Promotion Program (Poultry),,,,,,,,
2288,C-5-K-4151,Indrakamal Gaibhaisi palan Krishak Samuha,2078/079,2078-11-05,25,Kalinchok,6,Component A,Livestock,Promotion Program (Dairy),,,,,,,,
2289,C-5-K-4152,Getheni Bakhra palan Krishak Samuha,2078/079,2078-11-13,25,Kalinchok,4,Component A,Livestock,Promotion Program (Goat),,,,,,,,
2290,C-6-Q-4153,Archale Poshan samuha,2078/079,2078-11-07,28,Indrawati,8,Component C,Nutrition,Home Nutrition Garden (Nutrition),,,,,,,,
2291,C-6-Q-4154,Balbalika Posan Samuha,2078/079,2078-09-03,28,Indrawati,2,Component C,Nutrition,Home Nutrition Garden (Nutrition),,,,,,,,
2292,C-6-Q-4155,Chandramukhi Posan Samuha,2078/079,2078-09-15,28,Indrawati,4,Component C,Nutrition,Home Nutrition Garden (Nutrition),,,,,,,,
2293,C-6-Q-4156,Gaantebar Chautari Poshan Samuha,2078/079,2078-10-20,28,Indrawati,7,Component C,Nutrition,Home Nutrition Garden (Nutrition),,,,,,,,
2294,C-6-Q-4157,Gairigau mahila poshan samuha,2078/079,2078-11-02,28,Indrawati,7,Component C,Nutrition,Home Nutrition Garden (Nutrition),,,,,,,,
2295,C-6-Q-4158,Chhapdada Poshan Samuha,2078/079,2078-09-03,28,Indrawati,9,Component C,Nutrition,Home Nutrition Garden (Nutrition),,,,,,,,
2296,C-6-R-4159,Balbikas poshan Samuha,2078/079,2078-10-05,28,Lisankhu Pakhar,5,Component C,Nutrition,Home Nutrition Garden (Nutrition),,,,,,,,
2297,C-6-R-4160,Bargang Poshan Samuha,2078/079,2078-10-10,28,Lisankhu Pakhar,7,Component C,Nutrition,Home Nutrition Garden (Nutrition),,,,,,,,
2298,C-6-R-4161,Chipleti poshan samuha,2078/079,2078-09-03,28,Lisankhu Pakhar,7,Component C,Nutrition,Home Nutrition Garden (Nutrition),,,,,,,,
2299,C-6-R-4162,Janajagaran poshan samuha,2078/079,2078-10-03,28,Lisankhu Pakhar,6,Component C,Nutrition,Home Nutrition Garden (Nutrition),,,,,,,,
2300,C-6-R-4163,Kalidebii Poshan Samuha,2078/079,2078-08-27,28,Lisankhu Pakhar,7,Component C,Nutrition,Home Nutrition Garden (Nutrition),,,,,,,,
2301,C-6-R-4164,Lakui poshan Samuha,2078/079,2078-10-22,28,Lisankhu Pakhar,7,Component C,Nutrition,Home Nutrition Garden (Nutrition),,,,,,,,
2302,C-6-R-4165,Nigale Poshan Samuha,2078/079,2078-08-09,28,Lisankhu Pakhar,5,Component C,Nutrition,Home Nutrition Garden (Nutrition),,,,,,,,
2303,C-6-R-4166,Paati Poshan Samuha,2078/079,2078-10-29,28,Lisankhu Pakhar,7,Component C,Nutrition,Home Nutrition Garden (Nutrition),,,,,,,,
2304,C-6-R-4167,Pragati poshan samuha,2078/079,2078-09-03,28,Lisankhu Pakhar,7,Component C,Nutrition,Home Nutrition Garden (Nutrition),,,,,,,,
2305,C-6-R-4168,Sayapatrii Poshan Samuha,2078/079,2078-09-03,28,Lisankhu Pakhar,7,Component C,Nutrition,Home Nutrition Garden (Nutrition),,,,,,,,
2306,C-6-R-4169,Khushiyali Poshan Samuha,2078/079,2078-10-14,28,Lisankhu Pakhar,7,Component C,Nutrition,Home Nutrition Garden (Nutrition),,,,,,,,
2307,C-6-R-4170,Sikre Poshan Samuha,2078/079,2078-10-29,28,Lisankhu Pakhar,4,Component C,Nutrition,Home Nutrition Garden (Nutrition),,,,,,,,
2308,C-6-R-4171,Sirjanshil poshan samuha,2078/079,2078-10-10,28,Lisankhu Pakhar,5,Component C,Nutrition,Home Nutrition Garden (Nutrition),,,,,,,,
2309,C-6-R-4172,Sunaulo Bihani poshan samuha,2078/079,2078-09-14,28,Lisankhu Pakhar,7,Component C,Nutrition,Home Nutrition Garden (Nutrition),,,,,,,,
2310,C-5-P-4173,Arkhaule Poshan Samuha,2078/079,2078-10-14,25,Tamakoshi,5,Component C,Nutrition,Home Nutrition Garden (Nutrition),,,,,,,,
2311,C-5-P-4175,Chapabot Poshan Samuha,2078/079,2078-11-15,25,Tamakoshi,4,Component C,Nutrition,Home Nutrition Garden (Nutrition),,,,,,,,
2312,C-5-P-4177,Deuraali Poshan Samuha,2078/079,2078-08-21,25,Tamakoshi,6,Component C,Nutrition,Home Nutrition Garden (Nutrition),,,,,,,,
2313,C-5-P-4178,Kalpani Poshan Samuha,2078/079,2078-09-03,25,Tamakoshi,3,Component C,Nutrition,Home Nutrition Garden (Nutrition),,,,,,,,
2314,C-5-P-4179,Kalidevii Poshan Samuha,2078/079,2078-10-15,25,Tamakoshi,6,Component C,Nutrition,Home Nutrition Garden (Nutrition),,,,,,,,
2315,C-5-P-4180,Laganshill Poshan Samuha,2078/079,2078-09-21,25,Tamakoshi,6,Component C,Nutrition,Home Nutrition Garden (Nutrition),,,,,,,,
2316,C-5-P-4181,Mewa Poshan Samuha,2078/079,2078-10-15,25,Tamakoshi,6,Component C,Nutrition,Home Nutrition Garden (Nutrition),,,,,,,,
2317,C-5-P-4182,Oodare Gairagau Poshan Samuha,2078/079,2078-10-15,25,Tamakoshi,4,Component C,Nutrition,Home Nutrition Garden (Nutrition),,,,,,,,
2318,C-5-P-4183,Pashupati Poshan Samuha,2078/079,2078-11-15,25,Tamakoshi,4,Component C,Nutrition,Home Nutrition Garden (Nutrition),,,,,,,,
2319,C-5-P-4184,Patitol Poshan Samuha,2078/079,2078-10-14,25,Tamakoshi,5,Component C,Nutrition,Home Nutrition Garden (Nutrition),,,,,,,,
2320,C-5-P-4185,Phewatal Poshan Samuha,2078/079,2078-10-16,25,Tamakoshi,4,Component C,Nutrition,Home Nutrition Garden (Nutrition),,,,,,,,
2321,C-5-P-4186,Radha Krishna Poshan Samuha,2078/079,2078-08-21,25,Tamakoshi,5,Component C,Nutrition,Home Nutrition Garden (Nutrition),,,,,,,,
2322,C-5-P-4187,Rupse Namuna Poshan Samuha,2078/079,2078-10-16,25,Tamakoshi,3,Component C,Nutrition,Home Nutrition Garden (Nutrition),,,,,,,,
2323,C-5-P-4189,Saamyuukta Poshan Samuha,2078/079,2078-08-21,25,Tamakoshi,6,Component C,Nutrition,Home Nutrition Garden (Nutrition),,,,,,,,
2324,C-5-P-4190,Setinag Poshan Samuha,2078/079,2078-10-15,25,Tamakoshi,1,Component C,Nutrition,Home Nutrition Garden (Nutrition),,,,,,,,
2325,C-5-P-4191,Shivamandir Poshan Samuha,2078/079,2078-09-27,25,Tamakoshi,1,Component C,Nutrition,Home Nutrition Garden (Nutrition),,,,,,,,
2326,C-5-P-4192,Tamakoshi Poshan Samuha,2078/079,2078-10-03,25,Tamakoshi,5,Component C,Nutrition,Home Nutrition Garden (Nutrition),,,,,,,,
2327,C-5-P-4193,Ujjwol Poshan Samuha,2078/079,2022-03-30,25,Tamakoshi,5,Component C,Nutrition,Home Nutrition Garden (Nutrition),,,,,,,,
2328,C-5-P-4194,Utkrishta Poshan Samuha,2078/079,2078-10-03,25,Tamakoshi,5,Component C,Nutrition,Home Nutrition Garden (Nutrition),,,,,,,,
2329,C-5-P-4195,Yogigau Poshan Samuha,2078/079,2022-03-30,25,Tamakoshi,4,Component C,Nutrition,Home Nutrition Garden (Nutrition),,,,,,,,
2330,C-5-P-4197,Dadaakharka Poshan Samuha,2078/079,2078-11-15,25,Tamakoshi,6,Component C,Nutrition,Home Nutrition Garden (Nutrition),,,,,,,,
2331,C-5-P-4198,Gairigau Poshan Samuha,2078/079,2078-08-20,25,Tamakoshi,3,Component C,Nutrition,Home Nutrition Garden (Nutrition),,,,,,,,
2332,C-5-P-4199,Laliguraansh Poshan Samuha,2078/079,2078-10-16,25,Tamakoshi,3,Component C,Nutrition,Home Nutrition Garden (Nutrition),,,,,,,,
2333,C-5-P-4200,Pokhari Poshan Samuha,2078/079,2078-08-20,25,Tamakoshi,5,Component C,Nutrition,Home Nutrition Garden (Nutrition),,,,,,,,
2334,C-5-P-4201,Siddheeshwor Poshan Samuha,2078/079,2078-09-22,25,Tamakoshi,4,Component C,Nutrition,Home Nutrition Garden (Nutrition),,,,,,,,
2335,C-5-P-4202,Dude Poshan Samuha,2078/079,2078-08-20,25,Tamakoshi,3,Component C,Nutrition,Home Nutrition Garden (Nutrition),,,,,,,,
2336,C-5-P-4203,Jaubari Poshan Samuha,2078/079,2078-08-21,25,Tamakoshi,3,Component C,Nutrition,Home Nutrition Garden (Nutrition),,,,,,,,
2337,C-5-P-4204,Suungure Poshan Samuha,2078/079,2078-09-22,25,Tamakoshi,3,Component C,Nutrition,Home Nutrition Garden (Nutrition),,,,,,,,
2338,A-1-A-4205,Shiv Guru Bakhrapalan Pathshala Samuha,2078/079,2078-08-29,22,Rajgadh,5,Component A,Livestock,FFS (Goat),,,,,,,,
2339,C-5-K-4206,Bhudhiloshe Posan Group,2078/079,2078-10-24,25,Kalinchok,3,Component C,Nutrition,Home Nutrition Garden (Nutrition),,,,,,,,
2340,C-5-K-4207,bhadaure posan group,2078/079,2078-10-28,25,Kalinchok,7,Component C,Nutrition,Home Nutrition Garden (Nutrition),,,,,,,,
2341,C-5-K-4208,bhairavthan posan group,2078/079,2078-11-01,25,Kalinchok,9,Component C,Nutrition,Home Nutrition Garden (Nutrition),,,,,,,,
2342,C-5-K-4209,Chapshuwora posan group,2078/079,2078-11-01,25,Kalinchok,9,Component C,Nutrition,Home Nutrition Garden (Nutrition),,,,,,,,
2343,C-5-K-4210,Chaughara posan group,2078/079,2078-11-14,25,Kalinchok,8,Component C,Nutrition,Home Nutrition Garden (Nutrition),,,,,,,,
2344,C-5-K-4211,Darepa Posan Group,2078/079,2078-10-26,25,Kalinchok,2,Component C,Nutrition,Home Nutrition Garden (Nutrition),,,,,,,,
2345,C-5-K-4212,Gahateri posan group,2078/079,2078-10-28,25,Kalinchok,7,Component C,Nutrition,Home Nutrition Garden (Nutrition),,,,,,,,
2346,C-5-K-4213,Ghayang posan group,2078/079,2078-10-24,25,Kalinchok,3,Component C,Nutrition,Home Nutrition Garden (Nutrition),,,,,,,,
2347,C-5-K-4214,Jhamarshi Posan group,2078/079,2078-11-15,25,Kalinchok,7,Component C,Nutrition,Home Nutrition Garden (Nutrition),,,,,,,,
2348,C-5-K-4216,Jukepani posan group,2078/079,2078-10-23,25,Kalinchok,3,Component C,Nutrition,Home Nutrition Garden (Nutrition),,,,,,,,
2349,C-5-K-4218,laliguraaash posan group,2078/079,2078-10-25,25,Kalinchok,1,Component C,Nutrition,Home Nutrition Garden (Nutrition),,,,,,,,
2350,C-5-K-4219,Mahila Sudhar Poshan Samuha,2078/079,2078-09-15,25,Kalinchok,9,Component C,Nutrition,Home Nutrition Garden (Nutrition),,,,,,,,
2351,C-5-K-4220,Nabadurga posan group,2078/079,2078-10-28,25,Kalinchok,7,Component C,Nutrition,Home Nutrition Garden (Nutrition),,,,,,,,
2352,C-5-K-4221,Paiyubote posan group,2078/079,2078-11-06,25,Kalinchok,5,Component C,Nutrition,Seed Producers,,,,,,,,
2353,C-5-K-4222,Phalate Posan Group,2078/079,2078-10-26,25,Kalinchok,2,Component C,Nutrition,Home Nutrition Garden (Nutrition),,,,,,,,
2354,C-5-K-4223,Satyashori Posan Group,2078/079,2078-10-28,25,Kalinchok,7,Component C,Nutrition,Home Nutrition Garden (Nutrition),,,,,,,,
2355,C-5-K-4224,Sitka Posan Group,2078/079,2078-10-20,25,Kalinchok,7,Component C,Nutrition,Home Nutrition Garden (Nutrition),,,,,,,,
2356,C-5-K-4225,Tarebhir posan group,2078/079,2078-10-25,25,Kalinchok,1,Component C,Nutrition,Home Nutrition Garden (Nutrition),,,,,,,,
2357,C-5-K-4226,Trisulee Poshan Samuha,2078/079,2078-08-26,25,Kalinchok,6,Component C,Nutrition,Home Nutrition Garden (Nutrition),,,,,,,,
2358,C-5-K-4228,Sarbeswor Poshan Samuha,2078/079,2078-08-24,25,Kalinchok,7,Component C,Nutrition,Home Nutrition Garden (Nutrition),,,,,,,,
2359,C-5-K-4230,Gaurishaankar Poshan Samuha,2078/079,2078-09-28,25,Kalinchok,4,Component C,Nutrition,Home Nutrition Garden (Nutrition),,,,,,,,
2360,C-5-K-4231,Lakuri Poshan Samuha,2078/079,2078-08-29,25,Kalinchok,6,Component C,Nutrition,Home Nutrition Garden (Nutrition),,,,,,,,
2361,C-5-K-4232,Sunaulo Poshan Samuha,2078/079,2078-08-26,25,Kalinchok,6,Component C,Nutrition,Home Nutrition Garden (Nutrition),,,,,,,,
2362,C-5-K-4233,Kalinag Poshan Samuha,2078/079,2022-04-01,25,Kalinchok,8,Component C,Nutrition,Home Nutrition Garden (Nutrition),,,,,,,,
2363,A-1-B-4234,Ambe  Gharayasi Poshan Bagaicha Samuha,2078/079,1900-01-20,22,166,2,Component C,Nutrition,Home Nutrition Garden (Nutrition),,,,,,,,
2364,A-1-B-4235,chamelee  Gharayasi Poshan Bagaicha Samuha,2078/079,1900-01-20,22,166,3,Component C,Nutrition,Home Nutrition Garden (Nutrition),,,,,,,,
2365,A-2-C-4236,Bhola baba  Gharayasi Posan Bagaicha Samuh,2078/079,2078-12-09,21,164,3,Component C,Nutrition,Home Nutrition Garden (Nutrition),,,,,,,,
2366,A-2-C-4237,Gaurishankar  Gharayasi Posan Bagaicha Samuh,2078/079,1900-01-19,21,164,4,Component C,Nutrition,Home Nutrition Garden (Nutrition),,,,,,,,
2367,A-2-C-4239,Shivashakti Gharayasi Poshan Bagaicha Samuh,2078/079,2078-09-10,21,164,3,Component C,Nutrition,Home Nutrition Garden (Nutrition),,,,,,,,
2368,C-5-K-4243,Haravara Poshan Samuha,2078/079,2078-08-24,25,Kalinchok,9,Component C,Nutrition,Home Nutrition Garden (Nutrition),,,,,,,,
2369,A-2-C-4247,Sital Mai Gharayasi Poshan Bagaicha Samuh 164,2078/079,1900-01-19,21,164,3,Component C,Nutrition,Home Nutrition Garden (Nutrition),,,,,,,,
2370,C-6-R-4248,Putlang posan samuha,2078/079,2078-08-28,28,Lisankhu Pakhar,2,Component C,Nutrition,Home Nutrition Garden (Nutrition),,,,,,,,
2371,C-6-R-4249,Attarpur Ghyangdada Poshan Samuha,2078/079,2078-08-28,28,Lisankhu Pakhar,4,Component C,Nutrition,Home Nutrition Garden (Nutrition),,,,,,,,
2372,C-6-R-4250,Chiple Bharyang Poshan Samuha,2078/079,2078-09-02,28,Lisankhu Pakhar,3,Component C,Nutrition,Home Nutrition Garden (Nutrition),,,,,,,,
2373,C-6-R-4251,Dase posan samuha,2078/079,2078-10-26,28,Lisankhu Pakhar,1,Component C,Nutrition,Home Nutrition Garden (Nutrition),,,,,,,,
2374,C-6-R-4254,laliguraash posan samuha,2078/079,2078-10-10,28,Lisankhu Pakhar,4,Component C,Nutrition,Home Nutrition Garden (Nutrition),,,,,,,,
2375,C-6-R-4255,pungjing poshan samuha,2078/079,2078-08-28,28,Lisankhu Pakhar,1,Component C,Nutrition,Home Nutrition Garden (Nutrition),,,,,,,,
2376,C-6-R-4256,sajhaban posan Samuha,2078/079,2078-09-02,28,Lisankhu Pakhar,3,Component C,Nutrition,Home Nutrition Garden (Nutrition),,,,,,,,
2377,C-6-R-4258,Tamakhubari Posan Samuha,2078/079,2078-11-05,28,Lisankhu Pakhar,4,Component C,Nutrition,Home Nutrition Garden (Nutrition),,,,,,,,
2378,C-6-R-4259,Tamche posan samuh,2078/079,2078-10-29,28,Lisankhu Pakhar,4,Component C,Nutrition,Home Nutrition Garden (Nutrition),,,,,,,,
2379,C-6-R-4260,utkristha Poshan Samuha,2078/079,1900-01-08,28,Lisankhu Pakhar,2,Component C,Nutrition,Home Nutrition Garden (Nutrition),,,,,,,,
2380,C-6-R-4261,Utsapa Chyauji Poshan Samuha,2078/079,2078-08-29,28,Lisankhu Pakhar,2,Component C,Nutrition,Home Nutrition Garden (Nutrition),,,,,,,,
2381,C-6-R-4262,Yekata posan samuh,2078/079,1900-01-10,28,Lisankhu Pakhar,2,Component C,Nutrition,Home Nutrition Garden (Nutrition),,,,,,,,
2382,C-6-R-4264,Ghungtole poshan Samuha,2078/079,2078-10-25,28,Lisankhu Pakhar,1,Component C,Nutrition,Home Nutrition Garden (Nutrition),,,,,,,,
2383,A-1-A-4265,Ma Kajara Krishak Samuha,2078/079,2078-11-19,22,Rajgadh,1,Component A,Crop,Others,,,,,,,,
2384,A-2-C-4266,Kali Gharayasi Posan Bagaicha Samuh,2078/079,1900-01-17,21,164,3,Component C,Nutrition,Home Nutrition Garden (Nutrition),,,,,,,,
2385,A-2-D-4267,Patanjali  Gharayasi Poshan Bagaicha Samuha,2078/079,2078-09-08,21,Bariyarpatti,3,Component C,Nutrition,Home Nutrition Garden (Nutrition),,,,,,,,
2386,A-2-D-4268,krishna  Gharayasi Poshan Bagaicha Samuha,2078/079,2078-09-08,21,Bariyarpatti,3,Component C,Nutrition,Home Nutrition Garden (Nutrition),,,,,,,,
2387,A-2-C-4269,kanchan Gharayasi Poshan Bagaicha Samuha,2078/079,2078-09-07,21,164,1,Component C,Nutrition,Home Nutrition Garden (Nutrition),,,,,,,,
2388,C-6-Q-4270,Satkanyadevi Krishi Utpadak Krishak Samuha,2078/079,2078-10-04,28,Indrawati,4,Component A,Crop,Others,,,,,,,,
2389,C-5-P-4271,Jafe Krishi Utpadak Krishak Samuha,2078/079,2078-10-12,25,Tamakoshi,3,Component A,Crop,Others,,,,,,,,
2390,C-5-P-4272,Shivathan Krishi Utpadak Krishak Samuha,2078/079,2078-11-10,25,Tamakoshi,3,Component A,Crop,Others,,,,,,,,
2391,C-5-P-4273,Simle Krishi Utpadak Krishak Samuha,2078/079,2078-10-27,25,Tamakoshi,3,Component A,Crop,Others,,,,,,,,
2392,C-6-R-4275,Aatmanirbhar Utpadak Krishak Samuha,2078/079,2078-11-12,28,Lisankhu Pakhar,5,Component A,Crop,Others,,,,,,,,
2393,C-6-R-4276,Godawarii Utpadak Krishak Samuha,2078/079,2078-11-11,28,Lisankhu Pakhar,3,Component A,Crop,Others,,,,,,,,
2394,C-6-R-4277,Thutemane Utpadak Krishak Samuha,2078/079,2078-10-29,28,Lisankhu Pakhar,7,Component A,Crop,Others,,,,,,,,
2395,A-1-A-4278,Ram Janaki  Gharayasi Poshan Bagaicha Samuha,2078/079,1900-01-15,22,Rajgadh,3,Component C,Nutrition,Home Nutrition Garden (Nutrition),,,,,,,,
2396,A-2-D-4279,Jankee  Gharayasi Poshan Bagaicha Samuha,2078/079,2078-07-08,21,Bariyarpatti,3,Component C,Nutrition,Home Nutrition Garden (Nutrition),,,,,,,,
2397,A-2-D-4280,samudayik Gharayasi Poshan Bagaicha Samuha,2078/079,2078-07-07,21,Bariyarpatti,3,Component C,Nutrition,Home Nutrition Garden (Nutrition),,,,,,,,
2398,A-2-D-4281,Dinbhadri Gharayasi Poshan Bagaicha Samuha,2078/079,2078-07-07,21,Bariyarpatti,3,Component C,Nutrition,Home Nutrition Garden (Nutrition),,,,,,,,
2399,A-2-C-4282,Gangaa Gharayasi Poshan Bagaicha Samuha,2078/079,2078-09-07,21,164,1,Component C,Nutrition,Home Nutrition Garden (Nutrition),,,,,,,,
2400,A-2-C-4283,Sherabali Gharayasi Posan Bagaicha Samuh,2078/079,2078-09-07,21,164,1,Component C,Nutrition,Home Nutrition Garden (Nutrition),,,,,,,,
2401,D-7-T-4285,Thadokhola Krishak Samuha,2078/079,2078-09-12,31,Gajuri,3,Component A,Livestock,Promotion Program (Goat),,,,,,,,
2402,D-8-X-4286,Dandagaon Krisak Samuha,2078/079,2078-10-18,45,Barpak Sulikot,6,Component A,Livestock,Promotion Program (Goat),,,,,,,,
2403,D-8-X-4287,Laligurans Krishak Saamuhaa,2078/079,2078-10-12,45,Barpak Sulikot,5,Component A,Livestock,FFS (Dairy),,,,,,,,
2404,D-8-X-4288,Dugurnegaon Krishak Samuha,2078/079,2078-06-10,45,Barpak Sulikot,5,Component A,Livestock,Promotion Program (Goat),,,,,,,,
2405,D-8-W-4289,Shikharjung Krishak Samuha,2078/079,2077-07-22,45,Gandaki,4,Component A,Livestock,Promotion Program (Poultry),,,,,,,,
2406,D-8-W-4291,Deurali Krishak Samuha,2078/079,2077-07-22,45,Gandaki,4,Component A,Livestock,Promotion Program (Poultry),,,,,,,,
2407,A-2-D-4292,Himal Pashupalan Krishak Samuha,2078/079,2078-10-15,21,Bariyarpatti,1,Component A,Livestock,Promotion Program (Goat),,,,,,,,
2408,C-5-K-4293,Benishora Bakhara Palan Group,2078/079,2078-08-24,25,Kalinchok,3,Component A,Livestock,Promotion Program (Goat),,,,,,,,
2409,C-5-K-4296,Banchare Bakhara Palan Group,2078/079,2078-08-24,25,Kalinchok,4,Component A,Livestock,Promotion Program (Goat),,,,,,,,
2410,C-5-K-4297,Tettisjoti Bakhara Palan Group,2078/079,2078-08-25,25,Kalinchok,5,Component A,Livestock,Promotion Program (Goat),,,,,,,,
2411,C-5-P-4298,sitapaila kukhura palan krishak samuha,2078/079,2078-10-30,25,Tamakoshi,3,Component A,Livestock,Promotion Program (Poultry),,,,,,,,
2412,C-5-P-4299,Pasupati Bakhrapalan krishak samuha,2078/079,2078-10-28,25,Tamakoshi,3,Component A,Livestock,Promotion Program (Goat),,,,,,,,
2413,C-6-R-4300,Chapabot Kukhurapalan Krishak Samuha,2078/079,2078-08-29,28,Lisankhu Pakhar,7,Component A,Livestock,Promotion Program (Poultry),,,,,,,,
2414,A-1-B-4302,Kabir Gharayasi Poshan Bagaicha Samuha,2078/079,1900-01-18,22,166,7,Component C,Nutrition,Home Nutrition Garden (Nutrition),,,,,,,,
2415,A-1-A-4303,Malekhpur Dairy Prabardan Samuha,2078/079,2078-09-25,22,Rajgadh,5,Component A,Livestock,Others,,,,,,,,
2416,A-1-A-4304,Kamat Tole Kukhura Palan Samuha,2078/079,2078-09-05,22,Rajgadh,5,Component A,Livestock,Promotion Program (Poultry),,,,,,,,
2417,A-2-D-4305,Janjyoti Gharayasi Poshan Bagaicha Samuha,2078/079,1900-01-27,21,Bariyarpatti,2,Component C,Nutrition,Home Nutrition Garden (Nutrition),,,,,,,,
2418,B-4-G-4306,Bholebaba Crop Production Farmer Group,2078/079,2079-01-27,19,Pipara,5,Component A,Crop,Others,,,,,,,,
2419,B-4-G-4307,Chamaru Bab Vegetable Production Group,2078/079,2079-01-20,19,Pipara,5,Component A,Crop,Others,,,,,,,,
2420,C-5-P-4309,kaldevi Dugdha Parwardhan Krishak Samuha,2078/079,2078-10-05,25,Tamakoshi,6,Component A,Livestock,Promotion Program (Dairy),,,,,,,,
2421,C-5-P-4311,Gairidhunga Dugdha Utpadan Parwardhan Krishak Samuha,2078/079,2078-10-05,25,Tamakoshi,3,Component A,Livestock,Promotion Program (Dairy),,,,,,,,
2422,D-7-S-4312,Bageshwori Nutrition Group,2078/079,2078-06-02,31, ,Benighat Rorang,7,Component C,Nutrition,,,,,,,,0
2423,D-7-S-4313,Jhagare Nutrition Group,2078/079,2078-05-23,31, ,Benighat Rorang,7,Component C,Nutrition,,,,,,,,0
2424,D-7-T-4314,Danda Gau Nutrition Group,2078/079,2078/11/14,31,Gajuri,2,Component C,Nutrition,NFS (Nutrition),,,,,,,,
2425,D-7-T-4315,Pauwa Nutrition Group,2078/079,2078-11-05,31,Gajuri,5,Component C,Nutrition,NFS (Nutrition),,,,,,,,
2426,A-1-B-4318,Godawari  Gharayasi Poshan Bagaicha Samuha,2078/079,2078-03-08,22,166,1,Component C,Nutrition,Home Nutrition Garden (Nutrition),,,,,,,,
2427,B-4-G-4319,Shanti Tarkari Krishak Samuh,2078/079,2078-12-04,19,Pipara,7,Component A,Crop,Others,,,,,,,,
2428,B-3-E-4320,Shanti Bakhra Palan Samuha,2078/079,2078-10-05,20,Dhanauji ,4,Component A,Livestock,Others,,,,,,,,
2429,B-3-E-4321,Ujjalo Krishak Samuha,2078/079,1900-01-16,20,Dhanauji ,3,Component A,Crop,Others,,,,,,,,
2430,B-3-E-4322,Janaki Krishak Samuha Dhanauji 1,2078/079,2079-05-01,20,Dhanauji ,1,Component A,Crop,Others,,,,,,,,
2431,B-3-E-4324,Jhojhi Krishak Samuha,2078/079,1900-01-13,20,Dhanauji ,3,Component A,Crop,Others,,,,,,,,
2432,B-3-F-4326,Sita Bakhra Palan Samuha Krishak Samuha,2078/079,2079-09-02,20,Mukhiyapatti Musaharmiya,2,Component A,Livestock,Others,,,,,,,,
2433,B-4-G-4327,Danauli Bakhra Palan krishak Samuh,2078/079,2079-09-02,19,Pipara,7,Component A,Livestock,Others,,,,,,,,
2434,B-4-G-4328,Unnat Bakhra Palan krishak Samuh,2078/079,1900-01-25,19,Pipara,7,Component A,Livestock,Others,,,,,,,,
2435,B-3-F-4329,Laxminiya Bakhra Palan Samuha Krishak Samuha,2078/079,2079-04-02,20,Mukhiyapatti Musaharmiya,2,Component A,Livestock,Others,,,,,,,,
2436,B-3-E-4330,Shiva Guru Dudh Utpadan krishak Samuha,2078/079,2079-03-03,20,Dhanauji ,4,Component A,Livestock,Others,,,,,,,,
2437,A-2-D-4331,Prakriti  Gharayasi Poshan Bagaicha Samuha,2078/079,2078-09-08,21,Bariyarpatti,3,Component C,Nutrition,Home Nutrition Garden (Nutrition),,,,,,,,
2438,A-1-A-4332,Phool  Gharayasi Poshan Bagaicha Samuha,2078/079,2078-10-08,22,Rajgadh,6,Component C,Nutrition,Home Nutrition Garden (Nutrition),,,,,,,,
2439,D-8-X-4333,Pipaldada Nutrition Group,2078/079,2078-06-04,45,Barpak Sulikot,8,Component C,Nutrition,NFS (Nutrition),,,,,,,,
2440,D-8-X-4334,Mandali Nutrition Group(Amale),2078/079,2078-05-30,45,Barpak Sulikot,7,Component C,Nutrition,NFS (Nutrition),,,,,,,,
2441,D-8-X-4335,Thalibari Nutrition Group,2078/079,2078-06-12,45,Barpak Sulikot,8,Component C,Nutrition,NFS (Nutrition),,,,,,,,
2442,A-1-B-4336,Gulab  Gharayasi Poshan Bagaicha Samuha,2078/079,1900-01-17,22,166,1,Component C,Nutrition,Home Nutrition Garden (Nutrition),,,,,,,,
2443,B-4-G-4337,Puja Nutrition Mother Group-A-pipra,2077/078,2077-12-31,19,Pipara,5,Component C,Nutrition,Home Nutrition Garden (Nutrition),,,,,,,,
2444,B-4-G-4338,Puja Nutrition Mother Group- Pipra,2077/078,2077-12-31,19,Pipara,5,Component C,Nutrition,Home Nutrition Garden (Nutrition),,,,,,,,
2445,A-1-A-4339,Ganinath  Gharayasi Poshan Bagaicha Samuha,2078/079,1900-01-13,22,Rajgadh,4,Component C,Nutrition,Home Nutrition Garden (Nutrition),,,,,,,,
2446,A-1-A-4341,Maa chandrawati  Gharayasi Poshan Bagaicha Samuha,2078/079,2078-03-10,22,Rajgadh,1,Component C,Nutrition,Home Nutrition Garden (Nutrition),,,,,,,,
2447,A-1-B-4342,Laxmi Narayan Gharayasi Poshan Bagaicha Samuha,2078/079,1900-01-18,22,166,7,Component C,Nutrition,Home Nutrition Garden (Nutrition),,,,,,,,
2448,A-1-B-4343,century Gharayasi Poshan Bagaicha Samuha,2078/079,1900-01-27,22,166,4,Component C,Nutrition,Home Nutrition Garden (Nutrition),,,,,,,,
2449,A-2-C-4344,salhesh  Gharayasi Posan Bagaicha Samuh,2078/079,1900-01-19,21,164,4,Component C,Nutrition,Home Nutrition Garden (Nutrition),,,,,,,,
2450,D-7-S-4348,Mangrang Nutrition Group,2078/079,2078-05-30,31, ,Benighat Rorang,10,Component C,Nutrition,,,,,,,,0
2451,B-3-E-4349,Shiva Guru krishak Samuha,2078/079,2079-02-05,20,Dhanauji ,4,Component A,Crop,,,,,,,,,
2452,B-3-F-4350,Tari Krishak Samuha,2078/079,2079-04-02,20,Mukhiyapatti Musaharmiya,5,Component A,Crop,Others,,,,,,,,
2453,B-3-F-4352,Adarsha Bakhra Palan Krishak Samuha,2078/079,1900-01-20,20,Mukhiyapatti Musaharmiya,2,Component A,Livestock,Others,,,,,,,,
2454,B-3-F-4353,Mukhiyapatti Bakhra Palan Krishak Samuha,2078/079,1900-01-15,20,Mukhiyapatti Musaharmiya,2,Component A,Livestock,Others,,,,,,,,
2455,B-4-H-4355,Unmukh Annbali Utpadan krishak Samuh,2078/079,1900-01-25,19,Ekdara,1,Component A,Crop,,,,,,,,,
2456,B-4-H-4356,Pragati Krishak Samuh,2078/079,2079-10-02,19,Ekdara,4,Component A,Crop,,,,,,,,,
2457,B-4-H-4358,Mahila Krishak Samuh,2078/079,1900-01-13,19,Ekdara,1,Component A,Crop,,,,,,,,,
2458,C-5-P-4359,setidevi duddha uttpadan krishak samuha,2078/079,2078-10-05,25,Tamakoshi,1,Component A,Livestock,Promotion Program (Dairy),,,,,,,,
2459,B-4-G-4360,Bishwas Tarkari Krishak Samuh,2078/079,2079-06-03,19,Pipara,3,Component A,Crop,,,,,,,,,
2460,B-4-H-4361,"Jannat Kukhura Palan krishak Samuh, Ekdara",2078/079,2078-06-08,19,Ekdara,2,Component A,Livestock,Promotion Program (Poultry),,,,,,,,
2461,B-4-H-4362,Kishan Pashupalan Krishak Samuh,2078/079,2078-06-08,19,Ekdara,3,Component A,Livestock,Promotion Program (Dairy),,,,,,,,
2462,D-8-X-4363,Dhruvatara Krishak Group,2078/079,2078-06-12,45,Barpak Sulikot,4,Component A,Livestock,Promotion Program (Dairy),,,,,,,,
2463,B-3-F-4365,Kishan Bakhra Palan Krishak Samuh 1,2078/079,2078-06-08,20,Mukhiyapatti Musaharmiya,1,Component A,Livestock,Others,,,,,,,,
2464,B-3-F-4366,Sahayogi Bakhra Palan Samuha Krishak Samuha,2078/079,2078-06-08,20,Mukhiyapatti Musaharmiya,1,Component A,Livestock,Others,,,,,,,,
2465,B-4-H-4367,Baleshwor Nath Mahila Bakhra Palan Krishak Samuh,2078/079,2078-12-04,19,Ekdara,4,Component A,Livestock,Others,,,,,,,,
2466,B-4-H-4368,Najani Kukhura Palan Krishak Samuha,2078/079,2078-10-10,19,Ekdara,2,Component A,Livestock,Promotion Program (Poultry),,,,,,,,
2467,B-3-E-4370,Rani Dudh Utpadan Krishak Samuha,2078/079,2079-03-09,20,Dhanauji ,3,Component A,Livestock,Others,,,,,,,,
2468,B-3-E-4371,Hanuman Dudh Utpadan Krishak Samuha,2078/079,2079-03-06,20,Dhanauji ,2,Component A,Livestock,Others,,,,,,,,
2469,B-3-F-4372,Kaniya Bakhra Palan Krishak Samuha,2078/079,2079-03-30,20,Mukhiyapatti Musaharmiya,2,Component A,Livestock,Others,,,,,,,,
2470,B-3-F-4373,Siddhartha Krishak Samuha,2078/079,1900-01-22,20,Mukhiyapatti Musaharmiya,2,Component A,Crop,FFS (Crop),,,,,,,,
2471,B-3-F-4374,Janak Krishak Samuha,2078/079,2079-08-04,20,Mukhiyapatti Musaharmiya,6,Component A,Crop,Others,,,,,,,,
2472,B-3-F-4375,"Jannat Kukhura Palan Krishak Samuha, MuMu",2077/078,2077-06-15,20,Mukhiyapatti Musaharmiya,1,Component A,Livestock,Promotion Program (Poultry),,,,,,,,
2473,B-3-F-4376,Gopi Krishna Dudh Utpadan Krishak Samuha,2078/079,2078-05-08,20,Mukhiyapatti Musaharmiya,2,Component A,Livestock,Others,,,,,,,,
2474,B-4-H-4377,Janak Bakhra Palan Krishak Samuha,2078/079,2079-03-26,19,Ekdara,4,Component A,Livestock,Others,,,,,,,,
2475,D-8-X-4380,Thulo Pandrung Group (No go),2078/079,2078-06-20,45,Barpak Sulikot,8,Component A,Livestock,FFS (Dairy),,,,,,,,
2476,D-8-X-4381,sagarmatha Krishak Samuha Pashupalan,2077/078,2078-02-01,45,Barpak Sulikot,6,Component A,Livestock,Promotion Program (Goat),,,,,,,,
2477,B-4-G-4388,Radhe Radhe Kanhaiya Krishak Samuh,2078/079,2078-04-25,19,Pipara,4,Component A,Crop,Others,,,,,,,,
2478,B-4-G-4389,Mahdev Annbali Krishak Samuh,2077/78,2077-12-29,19,Pipara,7,Component A,Crop,Others,,,,,,,,
2479,D-7-S-4394,Korsang Nutrition Group,2077/078,2078-06-12,31, ,Benighat Rorang,10,Component C,Nutrition,,,,,,,,0
2480,B-4-H-4395,Balkeshor Bakhra Palan Krishak Samuha,2078/079,2078-04-12,19,Ekdara,2,Component A,Livestock,Others,,,,,,,,
2481,B-4-G-4396,Vaisnodevi Bakhra Palan Krisak Samuha,2078/079,2078-04-05,19,Pipara,1,Component A,Livestock,Others,,,,,,,,
2482,B-4-G-4397,Anaar  Nutrition Mother Group Pipra,2077/078,2078-10-05,19,Pipara,1,Component C,Nutrition,Home Nutrition Garden (Nutrition),,,,,,,,
